발생년,발생년월일시,주야,요일,사망자수,사상자수,중상자수,경상자수,부상신고자수,발생지시도,발생지시군구,사고유형_대분류,사고유형_중분류,사고유형,법규위반,도로형태_대분류,도로형태,당사자종별_1당_대분류,당사자종별_2당_대분류,발생위치X_UTMK,발생위치Y_UTMK,경도,위도,,
2012,2012010108,주간,일,1,1,0,0,0,충남,청양군,차량단독,공작물충돌,공작물충돌,안전운전 의무 불이행,단일로,기타단일로,승용차,없음,940016,1832833,126.830281,36.49126831,,
2012,2012010104,야간,일,1,2,1,0,0,충남,서산시,차량단독,공작물충돌,공작물충돌,안전운전 의무 불이행,단일로,기타단일로,승용차,없음,911131,1861851,126.50446,36.75058052,,
2012,2012011212,주간,목,1,1,0,0,0,충남,천안시,차대차,추돌,주정차중 추돌,안전운전 의무 불이행,단일로,기타단일로,화물차,화물차,966331,1857321,127.1230029,36.71331193,,
2012,2012010302,야간,화,1,1,0,0,0,충남,태안군,차량단독,공작물충돌,공작물충돌,안전운전 의무 불이행,단일로,기타단일로,승용차,없음,894123,1846409,126.3160998,36.60965565,,
2012,2012010507,주간,목,1,1,0,0,0,충남,천안시,차대사람,길가장자리구역통행중,길가장자리구역통행중,안전운전 의무 불이행,단일로,기타단일로,승용차,보행자,981851,1862244,127.2966662,36.75811427,,
2012,2012011907,주간,목,1,1,0,0,0,충남,연기군,차량단독,도로이탈,도로이탈 추락,안전운전 의무 불이행,단일로,기타단일로,승용차,없음,970902,1854063,127.1743112,36.6840921,,
2012,2012011814,주간,수,1,1,0,0,0,충남,보령시,차대사람,길가장자리구역통행중,길가장자리구역통행중,기타,교차로,교차로부근,화물차,보행자,918416,1827843,126.5896678,36.44469073,,
2012,2012011320,야간,금,1,1,0,0,0,충남,예산군,차량단독,기타,기타,안전운전 의무 불이행,교차로,교차로부근,원동기장치자전거,없음,940370,1854130,126.8325822,36.68327106,,
2012,2012012905,야간,토,1,2,1,0,0,충남,당진시,차량단독,공작물충돌,공작물충돌,안전운전 의무 불이행,단일로,기타단일로,승용차,없음,930701,1878548,126.7221433,36.90271799,,
2012,2012012211,주간,일,1,1,0,0,0,충남,연기군,차량단독,공작물충돌,공작물충돌,안전운전 의무 불이행,기타/불명,기타/불명,승용차,없음,986126,1837637,127.3450031,36.53635783,,
2012,2012010305,야간,화,1,1,0,0,0,충남,서산시,차량단독,공작물충돌,공작물충돌,안전운전 의무 불이행,단일로,기타단일로,승용차,없음,901721,1886225,126.3959069,36.96933412,,
2012,2012011518,야간,일,1,1,0,0,0,충남,예산군,차대차,측면충돌,측면충돌,기타,교차로,교차로내,승용차,이륜차,928961,1862305,126.7041356,36.75617623,,
2012,2012011420,야간,토,1,1,0,0,0,충남,홍성군,차량단독,도로이탈,도로이탈 추락,안전운전 의무 불이행,단일로,교량위,원동기장치자전거,없음,931814,1847704,126.7373966,36.62477087,,
2012,2012012013,주간,금,1,1,0,0,0,충남,부여군,차대차,기타,기타,교차로 통행방법 위반,교차로,교차로내,이륜차,승용차,939483,1798496,126.8269986,36.18169322,,
2012,2012011023,야간,화,1,2,1,0,0,충남,논산시,차대차,추돌,주정차중 추돌,안전운전 의무 불이행,교차로,교차로부근,화물차,건설기계,971104,1801720,127.178525,36.21221962,,
2012,2012012518,야간,수,2,2,0,0,0,충남,보령시,차대사람,횡단중,횡단중,보행자 보호의무 위반,단일로,횡단보도상,승용차,보행자,920696,1818332,126.6160774,36.35914739,,
2012,2012021715,주간,금,1,1,0,0,0,충남,청양군,차대차,측면충돌,측면충돌,기타,교차로,교차로내,화물차,원동기장치자전거,937269,1828149,126.7999926,36.44886803,,
2012,2012010510,주간,목,1,1,0,0,0,충남,태안군,차량단독,기타,기타,안전운전 의무 불이행,기타/불명,기타/불명,화물차,없음,892164,1863087,126.2918498,36.75975324,,
2012,2012012800,야간,토,1,3,1,1,0,충남,천안시,차대차,기타,기타,안전운전 의무 불이행,단일로,기타단일로,승합차,승용차,983098,1858677,127.3107182,36.72598344,,
2012,2012012518,야간,수,1,1,0,0,0,충남,서천군,차대사람,횡단중,횡단중,안전운전 의무 불이행,단일로,기타단일로,화물차,보행자,928314,1779338,126.7045421,36.00822257,,
2012,2012021121,야간,금,1,3,2,0,0,충남,보령시,차량단독,전도전복,전도전복,안전운전 의무 불이행,단일로,기타단일로,승용차,없음,915643,1807196,126.5609644,36.25833643,,
2012,2012020217,주간,목,1,1,0,0,0,충남,부여군,차대사람,보도통행중,보도통행중,안전운전 의무 불이행,단일로,기타단일로,승합차,보행자,946907,1795167,126.9097807,36.15211723,,
2012,2012020413,주간,토,1,1,0,0,0,충남,보령시,차량단독,공작물충돌,공작물충돌,안전운전 의무 불이행,단일로,기타단일로,승용차,없음,918784,1820526,126.5945395,36.37876512,,
2012,2012011113,주간,수,1,1,0,0,0,충남,아산시,차대차,측면충돌,측면충돌,기타,교차로,교차로내,건설기계,승용차,951403,1857231,126.9558682,36.71185307,,
2012,2012010707,주간,토,1,1,0,0,0,충남,서산시,차대사람,횡단중,횡단중,안전운전 의무 불이행,기타/불명,기타/불명,승용차,보행자,908690,1863700,126.4768977,36.76701431,,
2012,2012021018,야간,금,1,1,0,0,0,충남,보령시,차대사람,횡단중,횡단중,보행자 보호의무 위반,단일로,횡단보도상,승용차,보행자,920216,1815364,126.6110321,36.33235315,,
2012,2012021512,주간,수,2,2,0,0,0,충남,서천군,차대차,기타,기타,중앙선 침범,단일로,기타단일로,이륜차,화물차,929208,1786886,126.7137853,36.07633339,,
2012,2012010714,주간,토,3,7,2,2,0,충남,천안시,차대차,측면충돌,측면충돌,교차로 통행방법 위반,교차로,교차로내,화물차,승용차,966259,1870721,127.1216069,36.83410382,,
2012,2012020506,주간,일,1,4,3,0,0,충남,천안시,차대차,기타,기타,안전운전 의무 불이행,단일로,기타단일로,승용차,승용차,979875,1859422,127.2746036,36.73263387,,
2012,2012011609,주간,월,1,1,0,0,0,충남,아산시,차대차,측면충돌,측면충돌,교차로 통행방법 위반,교차로,교차로내,승용차,자전거,958843,1881104,127.0378778,36.92740571,,
2012,2012012014,주간,금,1,1,0,0,0,충남,논산시,차대사람,횡단중,횡단중,안전운전 의무 불이행,교차로,교차로내,승용차,보행자,972070,1801318,127.1892861,36.20862377,,
2012,2012010623,야간,금,1,1,0,0,0,대전,유성구,차대사람,횡단중,횡단중,안전운전 의무 불이행,단일로,기타단일로,승용차,보행자,984319,1811420,127.3253496,36.29997474,,
2012,2012012100,야간,토,1,1,0,0,0,충남,논산시,차대사람,횡단중,횡단중,안전운전 의무 불이행,단일로,횡단보도부근,승용차,보행자,964196,1794944,127.1019824,36.1508998,,
2012,2012030900,야간,금,2,2,0,0,0,충남,연기군,차대차,정면충돌,정면충돌,중앙선 침범,단일로,기타단일로,승용차,승용차,972541,1853545,127.1926801,36.67947302,,
2012,2012041120,야간,수,1,1,0,0,0,충남,청양군,차대사람,횡단중,횡단중,안전운전 의무 불이행,단일로,기타단일로,화물차,보행자,937827,1828332,126.8062042,36.45055405,,
2012,2012022916,주간,수,1,1,0,0,0,충남,부여군,차대차,기타,기타,안전운전 의무 불이행,단일로,기타단일로,화물차,자전거,933000,1801197,126.7546765,36.20561544,,
2012,2012021614,주간,목,1,1,0,0,0,대전,대덕구,차대차,추돌,주정차중 추돌,안전운전 의무 불이행,단일로,기타단일로,화물차,화물차,993846,1819579,127.4313995,36.37363954,,
2012,2012021719,야간,금,1,1,0,0,0,충남,천안시,차량단독,공작물충돌,공작물충돌,안전운전 의무 불이행,단일로,기타단일로,화물차,없음,975497,1862677,127.2254699,36.7618729,,
2012,2012022702,야간,월,1,2,1,0,0,충남,보령시,차량단독,공작물충돌,공작물충돌,안전운전 의무 불이행,교차로,교차로부근,승용차,없음,914817,1815524,126.5508651,36.33333287,,
2012,2012030820,야간,목,1,1,0,0,0,충남,부여군,차량단독,공작물충돌,공작물충돌,안전운전 의무 불이행,단일로,기타단일로,이륜차,없음,945263,1808924,126.8905447,36.27604665,,
2012,2012021709,주간,금,1,1,0,0,0,충남,예산군,차대차,측면충돌,측면충돌,기타,단일로,기타단일로,화물차,원동기장치자전거,935091,1838609,126.7748117,36.54301441,,
2012,2012031309,주간,화,1,1,0,0,0,충남,부여군,차대차,측면충돌,측면충돌,안전운전 의무 불이행,교차로,교차로내,승합차,이륜차,946215,1808923,126.9011441,36.27609118,,
2012,2012011806,주간,수,1,1,0,0,0,충남,태안군,차대사람,횡단중,횡단중,안전운전 의무 불이행,단일로,기타단일로,승용차,보행자,892009,1863010,126.2901245,36.75904161,,
2012,2012042203,야간,일,1,4,1,2,0,충남,서산시,차대차,기타,기타,안전운전 의무 불이행,단일로,기타단일로,승용차,화물차,916596,1865372,126.5652835,36.78281733,,
2012,2012020221,야간,목,1,5,0,4,0,충남,아산시,차대차,추돌,주정차중 추돌,안전거리 미확보,교차로,교차로부근,화물차,화물차,958497,1879211,127.0340967,36.91032655,,
2012,2012042418,야간,화,1,6,4,1,0,충남,서산시,차대차,기타,기타,안전운전 의무 불이행,단일로,기타단일로,승합차,승용차,916771,1866426,126.5671327,36.79232582,,
2012,2012020911,주간,목,1,1,0,0,0,충남,당진시,차대차,기타,기타,안전운전 의무 불이행,단일로,기타단일로,화물차,자전거,928976,1872878,126.703317,36.85148085,,
2012,2012022018,야간,월,1,2,0,1,0,충남,예산군,차대차,측면충돌,측면충돌,기타,교차로,교차로내,승용차,이륜차,940520,1853711,126.8342936,36.67950347,,
2012,2012032606,주간,월,1,1,0,0,0,충남,금산군,차량단독,공작물충돌,공작물충돌,안전운전 의무 불이행,단일로,기타단일로,원동기장치자전거,없음,998668,1790066,127.4852008,36.10758147,,
2012,2012022415,주간,금,1,2,0,1,0,충남,예산군,차대차,정면충돌,정면충돌,중앙선 침범,단일로,기타단일로,승용차,화물차,925775,1852099,126.6694363,36.66393609,,
2012,2012031220,야간,월,1,1,0,0,0,충남,보령시,차대사람,횡단중,횡단중,안전운전 의무 불이행,단일로,횡단보도부근,승용차,보행자,919403,1813413,126.6021762,36.31469844,,
2012,2012020411,주간,토,1,2,0,1,0,충남,논산시,차량단독,공작물충돌,공작물충돌,안전운전 의무 불이행,교차로,교차로부근,승용차,없음,963938,1797886,127.0989771,36.17741645,,
2012,2012012006,주간,금,1,1,0,0,0,대전,동구,차대차,측면충돌,측면충돌,신호위반,교차로,교차로내,승합차,승합차,998207,1807794,127.4800384,36.26741037,,
2012,2012012800,야간,토,1,1,0,0,0,대전,대덕구,차대사람,횡단중,횡단중,안전운전 의무 불이행,교차로,교차로내,승용차,보행자,993444,1817957,127.4269261,36.35901393,,
2012,2012011216,주간,목,1,1,0,0,0,충남,천안시,차대사람,횡단중,횡단중,신호위반,단일로,횡단보도상,승합차,보행자,965987,1867188,127.1187146,36.80224582,,
2012,2012032919,야간,목,1,4,0,3,0,충남,금산군,차대차,정면충돌,정면충돌,중앙선 침범,단일로,기타단일로,원동기장치자전거,승용차,999677,1791417,127.4964108,36.11976264,,
2012,2012032419,야간,토,1,1,0,0,0,충남,서천군,차대사람,기타,기타,보행자 보호의무 위반,교차로,교차로내,승용차,보행자,928582,1779242,126.7075244,36.0073768,,
2012,2012051808,주간,금,1,4,0,3,0,충남,청양군,차대차,정면충돌,정면충돌,중앙선 침범,단일로,기타단일로,화물차,건설기계,937162,1830514,126.7986067,36.47018049,,
2012,2012012117,주간,토,1,1,0,0,0,충남,태안군,차량단독,전도전복,전도전복,안전운전 의무 불이행,기타/불명,기타/불명,이륜차,없음,889040,1864392,126.2566673,36.77115425,,
2012,2012051916,주간,토,1,3,1,1,0,충남,보령시,차량단독,전도전복,전도전복,안전운전 의무 불이행,단일로,기타단일로,승용차,없음,915453,1806154,126.5589657,36.24892419,,
2012,2012052621,야간,토,1,1,0,0,0,충남,당진시,차량단독,공작물충돌,공작물충돌,안전운전 의무 불이행,단일로,기타단일로,승합차,없음,928277,1876559,126.6951256,36.88460669,,
2012,2012053121,야간,목,1,1,0,0,0,충남,당진시,차대차,추돌,진행중 추돌,안전운전 의무 불이행,단일로,기타단일로,화물차,화물차,935710,1881966,126.7780727,36.93388296,,
2012,2012032409,주간,토,1,2,0,1,0,충남,보령시,차대차,측면충돌,측면충돌,안전운전 의무 불이행,단일로,기타단일로,승용차,승용차,917710,1819594,126.5826657,36.37027252,,
2012,2012013007,주간,월,1,1,0,0,0,충남,태안군,차대사람,횡단중,횡단중,보행자 보호의무 위반,단일로,횡단보도상,승용차,보행자,897553,1839206,126.3554052,36.54510794,,
2012,2012031007,주간,토,1,5,2,2,0,충남,예산군,차대차,측면충돌,측면충돌,기타,단일로,횡단보도부근,승용차,승합차,921924,1854502,126.6261039,36.68528814,,
2012,2012030420,야간,일,2,8,5,1,0,충남,홍성군,차대차,기타,기타,중앙선 침범,단일로,기타단일로,승합차,승용차,924278,1845594,126.6533286,36.60518205,,
2012,2012042410,주간,화,1,3,1,1,0,충남,연기군,차대차,측면충돌,측면충돌,신호위반,교차로,교차로내,승용차,특수차,969024,1858126,127.1531268,36.72065954,,
2012,2012030617,주간,화,1,3,1,1,0,충남,홍성군,차대차,측면충돌,측면충돌,교차로 통행방법 위반,교차로,교차로내,화물차,승합차,916845,1836053,126.5712575,36.51856096,,
2012,2012021318,야간,월,1,1,0,0,0,충남,아산시,차대사람,횡단중,횡단중,신호위반,교차로,교차로내,화물차,보행자,956320,1870645,127.0101523,36.83301175,,
2012,2012031412,주간,수,1,4,1,2,0,충남,공주시,차대차,측면충돌,측면충돌,안전운전 의무 불이행,교차로,교차로내,화물차,화물차,976154,1822605,127.2340683,36.40064365,,
2012,2012041820,야간,수,1,1,0,0,0,충남,금산군,차대사람,기타,기타,보행자 보호의무 위반,단일로,횡단보도상,승용차,보행자,997124,1799046,127.4680134,36.18853929,,
2012,2012031010,주간,토,2,3,0,1,0,충남,홍성군,차대차,추돌,진행중 추돌,기타,단일로,기타단일로,화물차,승용차,920177,1843539,126.6076923,36.58632381,,
2012,2012041517,주간,일,1,2,1,0,0,충남,서천군,차대차,기타,기타,교차로 통행방법 위반,교차로,교차로내,이륜차,승합차,928136,1787346,126.7018399,36.08040609,,
2012,2012041519,야간,일,1,1,0,0,0,충남,부여군,차대사람,기타,기타,안전운전 의무 불이행,교차로,교차로내,화물차,보행자,946896,1809516,126.9086858,36.28147483,,
2012,2012062010,주간,수,1,1,0,0,0,충남,청양군,차량단독,전도전복,전도전복,안전운전 의무 불이행,단일로,기타단일로,건설기계,없음,940660,1822548,126.8382586,36.39859258,,
2012,2012013022,야간,월,1,1,0,0,0,충남,천안시,차대사람,횡단중,횡단중,안전운전 의무 불이행,단일로,기타단일로,승용차,보행자,968741,1864938,127.1496787,36.78205799,,
2012,2012030211,주간,금,1,1,0,0,0,충남,당진시,차대사람,차도통행중,차도통행중,과속,단일로,기타단일로,화물차,보행자,922145,1878030,126.6261719,36.89738057,,
2012,2012032004,야간,화,2,3,1,0,0,충남,공주시,차량단독,도로이탈,도로이탈 추락,안전운전 의무 불이행,단일로,기타단일로,승용차,없음,974181,1829087,127.2118497,36.45902904,,
2012,2012040923,야간,월,1,10,4,5,0,충남,청양군,차대차,추돌,진행중 추돌,안전운전 의무 불이행,단일로,기타단일로,승합차,화물차,948758,1818512,126.9288301,36.36267459,,
2012,2012022005,야간,월,1,1,0,0,0,충남,논산시,차대사람,횡단중,횡단중,안전운전 의무 불이행,교차로,교차로내,승용차,보행자,964324,1792459,127.1035181,36.12850096,,
2012,2012022012,주간,월,1,1,0,0,0,충남,논산시,차대차,측면충돌,측면충돌,교차로 통행방법 위반,교차로,교차로내,이륜차,승용차,964448,1800089,127.1045508,36.19729365,,
2012,2012062914,주간,금,1,1,0,0,0,충남,청양군,차대차,측면충돌,측면충돌,안전운전 의무 불이행,단일로,기타단일로,승합차,자전거,953614,1822885,126.9826915,36.40234365,,
2012,2012042712,주간,금,1,1,0,0,0,충남,부여군,차대사람,기타,기타,보행자 보호의무 위반,단일로,기타단일로,화물차,보행자,946734,1809343,126.9068938,36.27990629,,
2012,2012011223,야간,목,1,2,1,0,0,대전,유성구,차대차,기타,기타,신호위반,교차로,교차로내,승용차,승용차,983691,1821101,127.3181524,36.38724221,,
2012,2012042718,야간,금,1,1,0,0,0,충남,부여군,차대차,측면충돌,측면충돌,과속,교차로,교차로내,화물차,자전거,927533,1811175,126.6929411,36.29516967,,
2012,2012021000,야간,금,1,1,0,0,0,대전,대덕구,차대차,추돌,주정차중 추돌,안전운전 의무 불이행,단일로,기타단일로,승용차,특수차,993155,1823012,127.4236603,36.40458456,,3758
2012,2012040416,주간,수,1,1,0,0,0,충남,예산군,차량단독,기타,기타,안전운전 의무 불이행,단일로,기타단일로,이륜차,없음,941454,1849626,126.8450584,36.64273781,,
2012,2012030822,야간,목,1,1,0,0,0,충남,당진시,차량단독,공작물충돌,공작물충돌,안전운전 의무 불이행,단일로,기타단일로,승용차,없음,910121,1894584,126.4892637,37.04551387,,
2012,2012051911,주간,토,1,1,0,0,0,충남,연기군,차대차,정면충돌,정면충돌,중앙선 침범,단일로,기타단일로,승용차,원동기장치자전거,980635,1840754,127.2835857,36.56436044,,
2012,2012090717,주간,금,1,3,0,2,0,충남,보령시,차량단독,공작물충돌,공작물충돌,안전운전 의무 불이행,단일로,교량위,승용차,없음,918576,1830201,126.591205,36.46595872,,
2012,2012051620,야간,수,1,3,2,0,0,충남,부여군,차대차,정면충돌,정면충돌,중앙선 침범,단일로,기타단일로,승용차,승용차,934518,1802850,126.7714237,36.22062102,,
2012,2012021222,야간,토,1,5,4,0,0,충남,서산시,차량단독,공작물충돌,공작물충돌,안전운전 의무 불이행,교차로,교차로부근,승용차,없음,914668,1867077,126.5434925,36.79800732,,
2012,2012031521,야간,목,1,1,0,0,0,충남,당진시,차대사람,차도통행중,차도통행중,안전운전 의무 불이행,단일로,기타단일로,승용차,보행자,934772,1870114,126.7685613,36.82698605,,
2012,2012080508,주간,일,2,3,1,0,0,충남,청양군,차대차,정면충돌,정면충돌,중앙선 침범,단일로,기타단일로,승용차,화물차,945320,1826583,126.8899383,36.43524393,,
2012,2012030312,주간,토,1,1,0,0,0,충남,계룡시,차대사람,차도통행중,차도통행중,안전운전 의무 불이행,교차로,교차로내,승용차,보행자,976491,1809861,127.2382113,36.28576057,,
2012,2012080809,주간,수,1,1,0,0,0,충남,청양군,차대차,측면충돌,측면충돌,기타,교차로,교차로내,이륜차,화물차,951340,1823525,126.9572921,36.40800066,,
2012,2012102400,야간,수,1,1,0,0,0,충남,당진시,차대사람,기타,기타,안전운전 의무 불이행,단일로,기타단일로,승합차,보행자,927944,1876112,126.6914315,36.8805513,,
2012,2012042011,주간,금,1,1,0,0,0,충남,예산군,차대차,정면충돌,정면충돌,중앙선 침범,단일로,기타단일로,승용차,이륜차,932105,1838076,126.7415005,36.53800224,,
2012,2012051914,주간,토,1,1,0,0,0,충남,금산군,차대차,측면충돌,측면충돌,기타,교차로,교차로부근,승용차,승용차,988859,1802614,127.3760402,36.22064715,,
2012,2012021301,야간,월,1,3,0,1,1,충남,천안시,차대차,정면충돌,정면충돌,중앙선 침범,단일로,기타단일로,승용차,승용차,967913,1865814,127.1403626,36.78992707,,
2012,2012021613,주간,목,1,1,0,0,0,대전,중구,차대사람,보도통행중,보도통행중,보행자 보호의무 위반,단일로,횡단보도상,화물차,보행자,990930,1812999,127.3989625,36.31429504,,
2012,2012051908,주간,토,1,1,0,0,0,충남,서천군,차대사람,기타,기타,보행자 보호의무 위반,교차로,교차로부근,화물차,보행자,927722,1779280,126.6979789,36.00765956,,
2012,2012042419,야간,화,1,1,0,0,0,충남,예산군,차대차,추돌,진행중 추돌,안전운전 의무 불이행,단일로,기타단일로,승용차,자전거,940333,1858573,126.8318215,36.72331912,,
2012,2012102204,야간,월,1,1,0,0,0,충남,보령시,차량단독,공작물충돌,공작물충돌,안전운전 의무 불이행,단일로,기타단일로,승용차,없음,918704,1798562,126.5959328,36.18076891,,
2012,2012041309,주간,금,1,2,1,0,0,충남,홍성군,차대차,측면충돌,측면충돌,기타,교차로,교차로부근,원동기장치자전거,승용차,923590,1840095,126.6461827,36.55555882,,
2012,2012042620,야간,목,1,2,1,0,0,충남,예산군,차대차,측면충돌,측면충돌,중앙선 침범,단일로,기타단일로,승용차,화물차,940851,1855917,126.8378275,36.69940966,,
2012,2012041401,야간,토,1,1,0,0,0,충남,홍성군,차대사람,차도통행중,차도통행중,안전운전 의무 불이행,단일로,기타단일로,승용차,보행자,920931,1834533,126.6170439,36.50520611,,
2012,2012042619,야간,목,1,3,1,1,0,충남,예산군,차대차,측면충돌,측면충돌,신호위반,교차로,교차로내,승용차,화물차,940074,1855847,126.829135,36.69872997,,
2012,2012052600,야간,토,1,1,0,0,0,충남,부여군,차량단독,전도전복,전도전복,안전운전 의무 불이행,단일로,기타단일로,승용차,없음,952108,1808066,126.966808,36.26867576,,
2012,2012051310,주간,일,1,12,8,1,2,충남,천안시,차량단독,기타,기타,안전운전 의무 불이행,단일로,기타단일로,승합차,없음,972283,1880012,127.1888256,36.91805321,,
2012,2012061620,야간,토,1,1,0,0,0,충남,연기군,차대차,정면충돌,정면충돌,중앙선 침범,단일로,기타단일로,이륜차,승용차,978365,1834146,127.2584051,36.5047375,,
2012,2012032412,주간,토,1,1,0,0,0,충남,당진시,차대차,측면충돌,측면충돌,신호위반,교차로,교차로내,이륜차,화물차,936182,1883213,126.7832707,36.9451535,,
2012,2012052910,주간,화,1,1,0,0,0,충남,부여군,차량단독,전도전복,전도전복,안전운전 의무 불이행,단일로,기타단일로,화물차,없음,938624,1806123,126.8168489,36.25039636,,
2012,2012022222,야간,수,1,1,0,0,0,대전,대덕구,차대사람,횡단중,횡단중,안전운전 의무 불이행,단일로,기타단일로,승합차,보행자,993672,1819096,127.4294581,36.36928398,,
2012,2012060114,주간,금,1,4,3,0,0,충남,부여군,차량단독,전도전복,전도전복,안전운전 의무 불이행,단일로,기타단일로,화물차,없음,945228,1796723,126.8910083,36.16605143,,
2012,2012032622,야간,월,1,1,0,0,0,충남,당진시,차대사람,횡단중,횡단중,과속,단일로,기타단일로,화물차,보행자,922748,1878359,126.6329055,36.90039921,,
2012,2012050723,야간,월,1,1,0,0,0,충남,보령시,차대차,추돌,진행중 추돌,안전거리 미확보,단일로,기타단일로,승합차,화물차,914042,1809135,126.542935,36.27567212,,
2012,2012022220,야간,수,1,1,0,0,0,대전,중구,차대사람,횡단중,횡단중,안전운전 의무 불이행,단일로,횡단보도상,승용차,보행자,992952,1814981,127.4214691,36.33218058,,
2012,2012060118,야간,금,1,1,0,0,0,충남,금산군,차대사람,횡단중,횡단중,안전운전 의무 불이행,단일로,기타단일로,승용차,보행자,1004249,1785172,127.5471821,36.0634497,,
2012,2012090420,야간,화,1,1,0,0,0,충남,청양군,차대사람,길가장자리구역통행중,길가장자리구역통행중,안전운전 의무 불이행,단일로,기타단일로,화물차,보행자,936808,1826962,126.7949456,36.43813743,,
2012,2012121604,야간,금,1,1,0,0,0,충남,보령시,차량단독,공작물충돌,공작물충돌,안전운전 의무 불이행,단일로,기타단일로,승용차,없음,916884,1808613,126.5746276,36.27121564,,
2012,2012041902,야간,목,1,2,1,0,0,충남,홍성군,차대사람,횡단중,횡단중,과속,교차로,교차로내,화물차,보행자,924442,1842913,126.6554256,36.58102835,,
2012,2012061208,주간,화,1,4,0,3,0,충남,부여군,차대차,정면충돌,정면충돌,중앙선 침범,단일로,기타단일로,건설기계,승용차,953485,1796382,126.9828316,36.16340894,,
2012,2012061214,주간,화,1,1,0,0,0,충남,부여군,차대차,측면충돌,측면충돌,안전운전 의무 불이행,단일로,기타단일로,이륜차,특수차,941610,1792007,126.8511334,36.12332465,,
2012,2012061323,야간,수,1,1,0,0,0,충남,부여군,차량단독,도로이탈,도로이탈 기타,안전운전 의무 불이행,기타/불명,기타/불명,이륜차,없음,944278,1797885,126.8803636,36.17647286,,
2012,2012050716,주간,월,1,1,0,0,0,충남,예산군,차대차,추돌,진행중 추돌,안전운전 의무 불이행,단일로,기타단일로,화물차,자전거,929737,1861758,126.712879,36.75130343,,
2012,2012070213,주간,월,1,2,0,1,0,충남,공주시,차대차,정면충돌,정면충돌,중앙선 침범,단일로,기타단일로,건설기계,건설기계,973051,1836417,127.198983,36.52507843,,
2012,2012060511,주간,화,1,1,0,0,0,충남,서천군,차량단독,전도전복,전도전복,안전운전 의무 불이행,기타/불명,기타/불명,이륜차,없음,918905,1794624,126.5985732,36.14528545,,
2012,2012070307,주간,화,1,2,1,0,0,세종,세종,차량단독,공작물충돌,공작물충돌,안전운전 의무 불이행,기타/불명,기타/불명,승용차,없음,981548,1836927,127.2938805,36.52987789,,
2012,2012061810,주간,월,1,1,0,0,0,충남,부여군,차대차,정면충돌,정면충돌,안전운전 의무 불이행,교차로,교차로내,이륜차,건설기계,931157,1818124,126.732684,36.35807801,,
2012,2012070402,야간,수,1,1,0,0,0,세종,세종,차대차,추돌,진행중 추돌,중앙선 침범,단일로,기타단일로,화물차,승용차,981288,1847166,127.2907318,36.62217397,,
2012,2012051423,야간,월,1,1,0,0,0,충남,보령시,차량단독,공작물충돌,공작물충돌,안전운전 의무 불이행,단일로,교량위,화물차,없음,917865,1803613,126.5860755,36.22622757,,
2012,2012013107,주간,화,1,1,0,0,0,충남,천안시,차대사람,횡단중,횡단중,안전운전 의무 불이행,단일로,기타단일로,화물차,보행자,967280,1868023,127.133173,36.80981855,,
2012,2012022219,야간,수,1,1,0,0,0,충남,태안군,차대사람,길가장자리구역통행중,길가장자리구역통행중,안전운전 의무 불이행,단일로,기타단일로,승용차,보행자,896689,1837495,126.3459831,36.52959314,,
2012,2012040511,주간,목,1,4,3,0,0,충남,당진시,차대차,측면충돌,측면충돌,교차로 통행방법 위반,교차로,교차로내,화물차,승용차,919156,1871691,126.593301,36.83999075,,
2012,2012051410,주간,월,1,1,0,0,0,충남,보령시,차량단독,기타,기타,기타,단일로,기타단일로,화물차,없음,896464,1822874,126.3454261,36.3977838,,
2012,2012050510,주간,토,1,1,0,0,0,충남,홍성군,차대차,기타,기타,교차로 통행방법 위반,교차로,교차로내,원동기장치자전거,화물차,912463,1847472,126.5210237,36.62109807,,
2012,2012062716,주간,수,1,1,0,0,0,충남,부여군,차대차,기타,기타,안전운전 의무 불이행,교차로,교차로내,화물차,원동기장치자전거,933470,1802146,126.759824,36.214203,,
2012,2012031911,주간,월,1,1,0,0,0,충남,아산시,차대차,기타,기타,안전운전 의무 불이행,단일로,기타단일로,승용차,화물차,963509,1872320,127.0906906,36.84841576,,
2012,2012071405,야간,토,1,1,0,0,0,세종,세종,차대차,측면충돌,측면충돌,기타,교차로,교차로내,화물차,원동기장치자전거,984559,1838773,127.3274803,36.54657584,,3593
2012,2012071403,야간,토,1,1,0,0,0,세종,세종,차대사람,기타,기타,안전운전 의무 불이행,교차로,교차로부근,승합차,보행자,982146,1844975,127.3003739,36.60244224,,
2012,2012070603,야간,금,1,2,1,0,0,충남,부여군,차량단독,기타,기타,안전운전 의무 불이행,단일로,기타단일로,승용차,없음,952442,1815075,126.9700992,36.33187914,,
2012,2012022206,주간,수,1,1,0,0,0,대전,동구,차대사람,횡단중,횡단중,안전운전 의무 불이행,단일로,기타단일로,승용차,보행자,993927,1814955,127.4323331,36.33195282,,
2012,2012101515,주간,월,1,1,0,0,0,충남,청양군,차대차,추돌,진행중 추돌,안전운전 의무 불이행,단일로,기타단일로,승용차,이륜차,941569,1837017,126.8473025,36.5290814,,
2012,2012041613,주간,월,1,1,0,0,0,충남,당진시,차대차,정면충돌,정면충돌,중앙선 침범,단일로,기타단일로,화물차,건설기계,913692,1876714,126.5314543,36.88478075,,
2012,2012070102,야간,일,1,9,4,4,0,충남,천안시,차대차,기타,기타,안전운전 의무 불이행,단일로,기타단일로,승합차,승용차,972308,1877831,127.1891826,36.89839706,,