발생년,발생년월일시,주야,요일,사망자수,사상자수,중상자수,경상자수,부상신고자수,발생지시도,발생지시군구,사고유형_대분류,사고유형_중분류,사고유형,법규위반,도로형태_대분류,도로형태,당사자종별_1당_대분류,당사자종별_2당_대분류,발생위치X_UTMK,발생위치Y_UTMK,경도,위도,,
2012,2012110122,야간,목,1,1,0,0,0,충남,홍성군,차대사람,차도통행중,차도통행중,안전운전 의무 불이행,단일로,기타단일로,승용차,보행자,926567,1844116,126.6790614,36.59203827,,
2012,2012062922,야간,금,1,1,0,0,0,충남,논산시,차량단독,도로이탈,도로이탈 기타,안전운전 의무 불이행,단일로,기타단일로,승용차,없음,958238,1796697,127.0356586,36.16646537,,
2012,2012041011,주간,화,1,1,0,0,0,대전,동구,차대차,측면충돌,측면충돌,신호위반,교차로,교차로내,원동기장치자전거,화물차,993687,1814757,127.4296605,36.33016622,,
2012,2012092822,야간,금,1,1,0,0,0,충남,보령시,차대사람,횡단중,횡단중,보행자 보호의무 위반,단일로,횡단보도부근,승용차,보행자,926008,1810940,126.6759811,36.2929354,,
2012,2012111016,주간,토,1,1,0,0,0,충남,공주시,차대사람,기타,기타,안전운전 의무 불이행,단일로,기타단일로,불명,보행자,967091,1832374,127.1325839,36.48844423,,
2012,2012050523,야간,토,1,3,0,2,0,충남,태안군,차대차,측면충돌,측면충돌,중앙선 침범,교차로,교차로부근,승용차,이륜차,897741,1833322,126.3582848,36.49209344,,
2012,2012081623,야간,목,1,3,0,2,0,충남,당진시,차대차,정면충돌,정면충돌,중앙선 침범,단일로,기타단일로,승용차,승용차,926456,1875436,126.6748058,36.8743415,,
2012,2012021222,야간,일,1,1,0,0,0,대전,유성구,차대사람,횡단중,횡단중,안전운전 의무 불이행,단일로,횡단보도부근,승용차,보행자,986312,1818228,127.3474274,36.36138203,,
2012,2012112218,야간,목,1,2,1,0,0,충남,공주시,차대차,정면충돌,정면충돌,중앙선 침범,단일로,기타단일로,화물차,건설기계,959474,1829463,127.0476978,36.46190957,,
2012,2012061602,야간,토,1,1,0,0,0,충남,아산시,차대사람,횡단중,횡단중,안전운전 의무 불이행,단일로,기타단일로,승용차,보행자,964940,1866413,127.1070137,36.79522136,,
2012,2012112422,야간,토,1,1,0,0,0,충남,공주시,차량단독,공작물충돌,공작물충돌,안전운전 의무 불이행,단일로,기타단일로,화물차,없음,978374,1820439,127.2588859,36.38116913,,
2012,2012051010,주간,목,1,1,0,0,0,대전,중구,차대차,측면충돌,측면충돌,중앙선 침범,단일로,기타단일로,이륜차,승용차,993489,1814087,127.42746,36.32412455,,
2012,2012120318,야간,월,1,1,0,0,0,충남,공주시,차대사람,기타,기타,안전운전 의무 불이행,단일로,기타단일로,화물차,보행자,967832,1817755,127.1414632,36.35667725,,
2012,2012042603,야간,목,1,1,0,0,0,충남,천안시,차대사람,횡단중,횡단중,보행자 보호의무 위반,단일로,횡단보도상,화물차,보행자,968603,1865763,127.1480982,36.78949046,,
2012,2012082707,주간,월,1,1,0,0,0,충남,당진시,차대차,정면충돌,정면충돌,교차로 통행방법 위반,교차로,교차로내,화물차,이륜차,928734,1868045,126.7010514,36.80789795,,
2012,2012112814,주간,수,1,1,0,0,0,충남,홍성군,차대차,측면충돌,측면충돌,신호위반,교차로,교차로내,원동기장치자전거,승용차,924242,1844820,126.6530024,36.59820232,,
2012,2012112901,야간,목,1,1,0,0,0,충남,홍성군,차량단독,전도전복,전도전복,안전운전 의무 불이행,단일로,기타단일로,승용차,없음,928245,1850918,126.6971832,36.65348001,,
2012,2012062604,야간,화,2,2,0,0,0,충남,아산시,차량단독,공작물충돌,공작물충돌,안전운전 의무 불이행,단일로,기타단일로,이륜차,없음,953697,1864240,126.9811275,36.77514997,,
2012,2012121918,야간,수,1,2,1,0,0,충남,공주시,차대차,추돌,진행중 추돌,안전운전 의무 불이행,단일로,교량위,승용차,승용차,966068,1845718,127.1205752,36.60870358,,
2012,2012122413,주간,월,1,1,0,0,0,충남,공주시,차량단독,공작물충돌,공작물충돌,안전운전 의무 불이행,단일로,기타단일로,승용차,없음,949657,1832294,126.9379524,36.48696497,,
2012,2012042906,주간,일,1,1,0,0,0,충남,천안시,차대사람,기타,기타,안전운전 의무 불이행,교차로,교차로내,승용차,보행자,969601,1866934,127.159237,36.8000791,,
2012,2012072110,주간,토,1,2,0,1,0,충남,논산시,차대사람,기타,기타,안전운전 의무 불이행,단일로,기타단일로,승용차,보행자,962146,1801981,127.0788546,36.21426343,,
2012,2012062721,야간,수,1,1,0,0,0,대전,서구,차대사람,횡단중,횡단중,신호위반,교차로,교차로내,승용차,보행자,985188,1812306,127.3350115,36.30797617,,
2012,2012090113,주간,토,1,2,0,1,0,충남,당진시,차대차,정면충돌,정면충돌,중앙선 침범,단일로,기타단일로,화물차,건설기계,928252,1888967,126.6936686,36.99644317,,
2012,2012043020,야간,월,1,2,0,1,0,충남,천안시,차대사람,횡단중,횡단중,보행자 보호의무 위반,교차로,교차로내,화물차,보행자,983119,1861111,127.3108973,36.74792398,,
2012,2012072415,주간,화,1,1,0,0,0,충남,계룡시,차대사람,기타,기타,기타,단일로,기타단일로,건설기계,보행자,978622,1807960,127.2619933,36.2686718,,
2012,2012051618,야간,수,1,1,0,0,0,충남,서산시,차대사람,기타,기타,안전운전 의무 불이행,단일로,기타단일로,화물차,보행자,899981,1860859,126.3797045,36.74052908,,
2012,2012070100,야간,일,1,1,0,0,0,충남,아산시,차량단독,공작물충돌,공작물충돌,안전운전 의무 불이행,기타/불명,기타/불명,승용차,없음,956278,1869353,127.0097556,36.82136326,,
2012,2012070104,야간,일,1,1,0,0,0,충남,아산시,차대차,추돌,진행중 추돌,안전운전 의무 불이행,기타/불명,기타/불명,승용차,이륜차,950529,1865089,126.9455732,36.78264302,,
2012,2012072822,야간,토,1,1,0,0,0,충남,논산시,차대차,정면충돌,정면충돌,기타,교차로,교차로내,이륜차,승합차,973504,1798613,127.2053313,36.18427983,,
2012,2012053119,야간,목,1,1,0,0,0,대전,중구,차대차,정면충돌,정면충돌,중앙선 침범,단일로,기타단일로,원동기장치자전거,화물차,993571,1812938,127.4283831,36.31376634,,
2012,2012071500,야간,일,1,1,0,0,0,충남,아산시,차량단독,공작물충돌,공작물충돌,안전운전 의무 불이행,교차로,교차로내,화물차,없음,950829,1865230,126.9489261,36.78392966,,
2012,2012091908,주간,수,1,1,0,0,0,충남,당진시,차대사람,길가장자리구역통행중,길가장자리구역통행중,안전운전 의무 불이행,교차로,교차로부근,화물차,보행자,938533,1871728,126.8106031,36.84178574,,
2012,2012052508,주간,금,1,1,0,0,0,충남,서산시,차대사람,차도통행중,차도통행중,안전운전 의무 불이행,단일로,기타단일로,승용차,보행자,912708,1856814,126.5227016,36.70532317,,
2012,2012092006,주간,목,1,1,0,0,0,충남,당진시,차대차,추돌,주정차중 추돌,안전운전 의무 불이행,단일로,기타단일로,화물차,승용차,938184,1880056,126.8060113,36.91683027,,
2012,2012092007,주간,목,1,1,0,0,0,충남,당진시,차대차,측면충돌,측면충돌,안전운전 의무 불이행,교차로,교차로내,승용차,화물차,936964,1874935,126.7927395,36.87058656,,
2012,2012081714,주간,금,1,1,0,0,0,충남,논산시,차량단독,도로이탈,도로이탈 추락,안전운전 의무 불이행,단일로,기타단일로,이륜차,없음,978731,1790929,127.2636686,36.11512991,,
2012,2012052620,야간,토,1,1,0,0,0,충남,서산시,차대차,측면충돌,측면충돌,중앙선 침범,교차로,교차로부근,자전거,승용차,911567,1861336,126.5094033,36.74597935,,
2012,2012040301,야간,화,1,1,0,0,0,충남,천안시,차대차,추돌,주정차중 추돌,안전운전 의무 불이행,교차로,교차로부근,승용차,승용차,967994,1869781,127.1411036,36.82569051,,
2012,2012051019,야간,목,1,3,1,1,0,충남,천안시,차량단독,전도전복,전도전복,안전운전 의무 불이행,단일로,기타단일로,승용차,없음,962311,1854195,127.0781492,36.68498022,,
2012,2012120523,야간,수,1,1,0,0,0,충남,보령시,차량단독,도로이탈,도로이탈 추락,안전운전 의무 불이행,단일로,기타단일로,승용차,없음,916065,1801356,126.5662909,36.20572739,,
2012,2012061007,주간,토,1,1,0,0,0,대전,중구,차대사람,보도통행중,보도통행중,보행자 보호의무 위반,단일로,횡단보도상,승용차,보행자,994517,1813034,127.4389205,36.31463768,,
2012,2012120723,야간,금,1,4,3,0,0,충남,보령시,차대차,기타,기타,기타,교차로,교차로부근,승용차,승용차,921007,1818637,126.6195125,36.36192235,,
2012,2012071808,주간,수,1,1,0,0,0,충남,아산시,차대사람,횡단중,횡단중,안전운전 의무 불이행,교차로,교차로부근,화물차,보행자,949184,1866345,126.9304165,36.79389378,,
2012,2012060921,야간,토,1,1,0,0,0,대전,대덕구,차대사람,횡단중,횡단중,안전운전 의무 불이행,단일로,기타단일로,승용차,보행자,993613,1828372,127.4287241,36.45290967,,
2012,2012122722,야간,목,1,1,0,0,0,충남,보령시,차대사람,횡단중,횡단중,보행자 보호의무 위반,단일로,횡단보도상,승용차,보행자,919528,1817042,126.6031937,36.34742192,,
2012,2012061814,주간,월,1,1,0,0,0,대전,중구,차대사람,횡단중,횡단중,중앙선 침범,단일로,기타단일로,승용차,보행자,990736,1814138,127.3967879,36.32456179,,
2012,2012051120,야간,금,1,1,0,0,0,대전,동구,차대사람,횡단중,횡단중,안전운전 의무 불이행,단일로,기타단일로,승용차,보행자,994074,1814592,127.4339737,36.32868113,,
2012,2012101313,주간,토,1,1,0,0,0,충남,당진시,차량단독,공작물충돌,공작물충돌,안전운전 의무 불이행,단일로,기타단일로,화물차,없음,926321,1878669,126.6729712,36.9034775,,
2012,2012090907,주간,일,1,6,0,5,0,충남,논산시,차대차,기타,기타,신호위반,교차로,교차로내,화물차,승용차,962201,1801649,127.079488,36.2112752,,
2012,2012060913,주간,토,1,2,1,0,0,충남,서산시,차대차,측면충돌,측면충돌,신호위반,교차로,교차로내,승용차,원동기장치자전거,912945,1852830,126.5258054,36.66943744,,
2012,2012061013,주간,일,1,1,0,0,0,충남,서산시,차량단독,공작물충돌,공작물충돌,안전운전 의무 불이행,단일로,기타단일로,승용차,없음,905627,1871235,126.4416487,36.83462866,,
2012,2012062321,야간,토,1,1,0,0,0,대전,중구,차량단독,전도전복,전도전복,안전운전 의무 불이행,교차로,교차로내,이륜차,없음,992027,1815435,127.4111579,36.33626636,,
2012,2012081322,야간,월,1,2,0,1,0,충남,아산시,차대사람,기타,기타,안전운전 의무 불이행,단일로,기타단일로,승용차,보행자,960275,1881975,127.0539105,36.9353186,,
2012,2012052315,주간,수,1,2,0,1,0,충남,천안시,차대차,정면충돌,정면충돌,교차로 통행방법 위반,교차로,교차로내,화물차,화물차,984421,1863310,127.3254375,36.76776971,,
2012,2012101920,야간,금,1,1,0,0,0,충남,당진시,차대사람,길가장자리구역통행중,길가장자리구역통행중,안전운전 의무 불이행,단일로,기타단일로,승용차,보행자,928006,1884368,126.6913407,36.95497366,,
2012,2012052322,야간,수,1,1,0,0,0,충남,천안시,차대사람,기타,기타,안전운전 의무 불이행,단일로,기타단일로,승용차,보행자,967837,1865176,127.1395377,36.78417319,,
2012,2012062519,야간,월,1,3,2,0,0,대전,중구,차대차,기타,기타,중앙선 침범,단일로,기타단일로,승용차,승용차,993291,1813315,127.4252574,36.31716597,,
2012,2012062521,야간,월,1,1,0,0,0,대전,중구,차대사람,횡단중,횡단중,보행자 보호의무 위반,교차로,교차로부근,승용차,보행자,990956,1812901,127.3992533,36.31341177,,
2012,2012091419,야간,금,1,1,0,0,0,충남,논산시,차대사람,횡단중,횡단중,안전운전 의무 불이행,단일로,기타단일로,화물차,보행자,962563,1801078,127.0835369,36.20613877,,
2012,2012102509,주간,목,1,1,0,0,0,충남,당진시,차대사람,횡단중,횡단중,안전운전 의무 불이행,단일로,기타단일로,화물차,보행자,924793,1871242,126.6565624,36.83641075,,
2012,2012051910,주간,토,1,1,0,0,0,대전,동구,차대사람,횡단중,횡단중,안전운전 의무 불이행,단일로,기타단일로,승용차,보행자,993860,1815165,127.4315849,36.33384563,,
2012,2012080914,주간,목,1,3,1,1,0,대전,서구,차대사람,기타,기타,안전운전 의무 불이행,단일로,기타단일로,승용차,보행자,989440,1815068,127.3823363,36.3329328,,
2012,2012052902,야간,화,1,2,0,1,0,충남,천안시,차량단독,전도전복,전도전복,안전운전 의무 불이행,단일로,기타단일로,승용차,없음,968812,1853041,127.1509602,36.67481274,,
2012,2012081400,야간,화,1,1,0,0,0,대전,서구,차대사람,횡단중,횡단중,안전운전 의무 불이행,단일로,기타단일로,승용차,보행자,989610,1813079,127.384257,36.31500295,,
2012,2012041801,야간,수,1,3,1,1,0,충남,천안시,차대차,측면충돌,측면충돌,안전운전 의무 불이행,교차로,교차로내,승용차,승용차,965917,1873996,127.1176246,36.8636139,,
2012,2012052410,주간,목,1,1,0,0,0,대전,동구,차대차,추돌,진행중 추돌,안전운전 의무 불이행,교차로,교차로부근,이륜차,승합차,996958,1813450,127.4661111,36.31839981,,
2012,2012060107,주간,금,1,1,0,0,0,충남,천안시,차대사람,횡단중,횡단중,보행자 보호의무 위반,단일로,횡단보도상,승합차,보행자,968821,1868332,127.1504363,36.81265607,,
2012,2012092316,주간,일,1,1,0,0,0,충남,논산시,차량단독,전도전복,전도전복,안전운전 의무 불이행,기타/불명,기타/불명,농기계,없음,962843,1795980,127.0868931,36.1601889,,
2012,2012102918,야간,월,1,6,4,1,0,충남,당진시,차대차,측면충돌,측면충돌,중앙선 침범,교차로,교차로부근,승용차,화물차,937883,1875911,126.8029756,36.87944512,,
2012,2012070310,주간,화,1,1,0,0,0,대전,중구,차대차,기타,기타,안전운전 의무 불이행,단일로,기타단일로,승용차,자전거,994329,1812769,127.4368282,36.31224749,,
2012,2012100211,주간,화,1,1,0,0,0,충남,논산시,차량단독,전도전복,전도전복,안전운전 의무 불이행,단일로,기타단일로,화물차,없음,974669,1805840,127.2180505,36.24946248,,
2012,2012110608,주간,화,1,6,4,1,0,충남,당진시,차대차,정면충돌,정면충돌,중앙선 침범,단일로,기타단일로,화물차,화물차,923732,1889336,126.6428411,36.99941683,,
2012,2012110619,야간,화,1,1,0,0,0,충남,당진시,차대사람,길가장자리구역통행중,길가장자리구역통행중,안전운전 의무 불이행,단일로,기타단일로,화물차,보행자,922467,1871004,126.6305035,36.8340794,,
2012,2012110803,야간,목,2,2,0,0,0,충남,당진시,차량단독,공작물충돌,공작물충돌,안전운전 의무 불이행,교차로,교차로부근,승용차,없음,927371,1883491,126.6842976,36.9470218,,
2012,2012060802,야간,금,1,2,0,1,0,충남,천안시,차대차,정면충돌,정면충돌,안전운전 의무 불이행,단일로,터널안,승용차,승용차,971085,1871616,127.1756939,36.84233175,,
2012,2012062614,주간,화,1,1,0,0,0,충남,태안군,차대차,기타,기타,안전운전 의무 불이행,단일로,기타단일로,원동기장치자전거,화물차,893885,1867645,126.3104926,36.80102786,,
2012,2012062617,주간,화,1,1,0,0,0,충남,서산시,차량단독,도로이탈,도로이탈 추락,안전운전 의무 불이행,단일로,기타단일로,원동기장치자전거,없음,913056,1849853,126.5273828,36.64261664,,
2012,2012062711,주간,수,1,1,0,0,0,충남,서산시,차대차,측면충돌,측면충돌,기타,교차로,교차로내,화물차,이륜차,907232,1864920,126.4604152,36.77786893,,
2012,2012111005,야간,토,1,1,0,0,0,충남,당진시,차대사람,횡단중,횡단중,안전운전 의무 불이행,단일로,기타단일로,승용차,보행자,922719,1878361,126.6325777,36.90040944,,
2012,2012030400,야간,일,1,1,0,0,0,대전,유성구,차대사람,차도통행중,차도통행중,안전운전 의무 불이행,단일로,기타단일로,승용차,보행자,986224,1818246,127.3464462,36.36154305,,
2012,2012060422,야간,월,1,1,0,0,0,대전,동구,차대차,측면충돌,측면충돌,중앙선 침범,단일로,기타단일로,승용차,이륜차,995063,1816416,127.4449825,36.34513266,,
2012,2012101208,주간,금,1,1,0,0,0,충남,논산시,차량단독,도로이탈,도로이탈 추락,안전운전 의무 불이행,단일로,기타단일로,농기계,없음,979828,1792846,127.2758088,36.1324364,,
2012,2012101520,야간,월,1,1,0,0,0,충남,논산시,차대차,측면충돌,측면충돌,기타,교차로,교차로내,이륜차,승용차,958325,1794189,127.0367544,36.14386205,,
2012,2012060715,주간,목,1,1,0,0,0,대전,동구,차대사람,보도통행중,보도통행중,기타,단일로,횡단보도부근,화물차,보행자,995383,1812593,127.4485702,36.3106664,,
2012,2012061810,주간,월,1,1,0,0,0,충남,천안시,차대사람,횡단중,횡단중,안전운전 의무 불이행,단일로,기타단일로,승용차,보행자,968956,1869059,127.1519201,36.81921409,,
2012,2012112217,주간,목,1,1,0,0,0,충남,당진시,차대사람,횡단중,횡단중,안전운전 의무 불이행,교차로,교차로내,화물차,보행자,922364,1877028,126.6287379,36.88836529,,
2012,2012061210,주간,화,1,1,0,0,0,대전,동구,차대차,측면충돌,측면충돌,중앙선 침범,단일로,횡단보도부근,자전거,승용차,994420,1815085,127.4378253,36.33312781,,
2012,2012072720,야간,월,1,1,0,0,0,대전,대덕구,차대사람,횡단중,횡단중,안전운전 의무 불이행,교차로,교차로내,화물차,보행자,992457,1816757,127.4159365,36.34818821,,
2012,2012102607,주간,금,1,1,0,0,0,충남,논산시,차량단독,공작물충돌,공작물충돌,안전운전 의무 불이행,단일로,기타단일로,이륜차,없음,967220,1812354,127.1348694,36.30796517,,
2012,2012071204,야간,목,1,1,0,0,0,충남,서산시,차대차,추돌,주정차중 추돌,안전운전 의무 불이행,단일로,기타단일로,승용차,화물차,905759,1870345,126.4432392,36.82662012,,
2012,2012112809,주간,수,1,2,0,1,0,충남,당진시,차대차,측면충돌,측면충돌,신호위반,교차로,교차로내,승용차,승용차,934661,1867408,126.7675514,36.80258479,,
2012,2012050313,주간,목,1,1,0,0,0,충남,천안시,차대사람,횡단중,횡단중,신호위반,단일로,횡단보도상,승용차,보행자,967446,1868726,127.1350039,36.81616149,,
2012,2012091214,주간,수,1,3,2,0,0,충남,아산시,차대차,측면충돌,측면충돌,신호위반,교차로,교차로내,승용차,화물차,956242,1870470,127.0092877,36.83143064,,
2012,2012050512,주간,토,1,1,0,0,0,충남,천안시,차량단독,전도전복,전도전복,안전운전 의무 불이행,단일로,기타단일로,이륜차,없음,980032,1878814,127.2758516,36.90744987,,
2012,2012121020,야간,월,1,1,0,0,0,충남,당진시,차대사람,길가장자리구역통행중,길가장자리구역통행중,안전운전 의무 불이행,단일로,기타단일로,화물차,보행자,921992,1877105,126.6245501,36.88903041,,
2012,2012062518,야간,월,1,2,1,0,0,대전,동구,차량단독,공작물충돌,공작물충돌,안전운전 의무 불이행,단일로,고가도로위,원동기장치자전거,없음,993068,1816104,127.4227539,36.34230304,,
2012,2012121316,주간,목,1,1,0,0,0,충남,당진시,차량단독,전도전복,전도전복,안전운전 의무 불이행,단일로,기타단일로,승용차,없음,913064,1886001,126.5233451,36.96843171,,
2012,2012121600,야간,목,1,1,0,0,0,충남,당진시,차대사람,횡단중,횡단중,안전운전 의무 불이행,교차로,교차로부근,화물차,보행자,922891,1878456,126.6345006,36.90128162,,
2012,2012092119,야간,금,1,2,0,1,0,충남,아산시,차대차,정면충돌,정면충돌,중앙선 침범,단일로,기타단일로,원동기장치자전거,승용차,961093,1882141,127.0630874,36.93684911,,
2012,2012092501,야간,화,1,2,1,0,0,충남,아산시,차대차,정면충돌,정면충돌,중앙선 침범,단일로,기타단일로,승용차,승용차,958437,1878092,127.0334846,36.90023693,,
2012,2012071006,주간,화,1,1,0,0,0,충남,천안시,차대차,추돌,주정차중 추돌,안전운전 의무 불이행,단일로,터널안,승용차,건설기계,969525,1869680,127.1582751,36.82483062,,
2012,2012072518,야간,수,1,1,0,0,0,충남,서산시,차대사람,횡단중,횡단중,안전운전 의무 불이행,단일로,기타단일로,승용차,보행자,912379,1860247,126.5186216,36.73624171,,
2012,2012101017,주간,수,2,3,1,0,0,대전,서구,차량단독,전도전복,전도전복,안전운전 의무 불이행,단일로,기타단일로,이륜차,없음,987032,1811436,127.3555659,36.3001593,,
2012,2012122519,야간,화,1,1,0,0,0,충남,당진시,차대차,기타,기타,안전운전 의무 불이행,단일로,기타단일로,승합차,승용차,919728,1876710,126.5991868,36.88528019,,
2012,2012112312,주간,금,1,11,9,1,0,충남,논산시,차대차,기타,기타,안전운전 의무 불이행,단일로,기타단일로,승용차,화물차,966862,1813119,127.1308492,36.31484962,,
2012,2012072820,야간,토,1,1,0,0,0,충남,서산시,차대차,기타,기타,안전운전 의무 불이행,교차로,교차로내,화물차,자전거,918287,1867023,126.584062,36.79784351,,
2012,2012070416,주간,수,1,1,0,0,0,대전,동구,차대사람,차도통행중,차도통행중,안전운전 의무 불이행,단일로,기타단일로,승용차,보행자,992446,1815846,127.4158227,36.33997508,,
2012,2012101703,야간,수,1,1,0,0,0,대전,서구,차대차,기타,기타,안전운전 의무 불이행,단일로,기타단일로,승용차,이륜차,988673,1815927,127.3737776,36.34066832,,
2012,2012101718,야간,수,1,1,0,0,0,대전,서구,차량단독,전도전복,전도전복,안전운전 의무 불이행,단일로,기타단일로,원동기장치자전거,없음,982749,1806149,127.3079799,36.25242734,,
2012,2012112614,주간,월,1,3,2,0,0,충남,논산시,차대차,추돌,주정차중 추돌,안전운전 의무 불이행,교차로,교차로내,화물차,승용차,963895,1790195,127.0988544,36.10807389,,
2012,2012051221,야간,토,1,1,0,0,0,충남,천안시,차대사람,기타,기타,안전운전 의무 불이행,단일로,기타단일로,승용차,보행자,965038,1869529,127.107969,36.82331419,,
2012,2012123111,주간,월,1,1,0,0,0,충남,당진시,차량단독,공작물충돌,공작물충돌,안전운전 의무 불이행,단일로,기타단일로,특수차,없음,913842,1890258,126.5316001,37.00687502,,
2012,2012080412,주간,토,1,1,0,0,0,충남,태안군,차대차,정면충돌,정면충돌,중앙선 침범,단일로,기타단일로,이륜차,승용차,888529,1863654,126.2510505,36.76444296,,
2012,2012071918,야간,목,1,1,0,0,0,충남,천안시,차량단독,공작물충돌,공작물충돌,안전운전 의무 불이행,단일로,기타단일로,승합차,없음,987258,1865119,127.3571957,36.78411978,,
2012,2012071908,주간,목,1,2,1,0,0,충남,천안시,차량단독,공작물충돌,공작물충돌,안전운전 의무 불이행,단일로,기타단일로,승용차,없음,980091,1861698,127.2769623,36.7531569,,
2012,2012081803,야간,토,1,2,1,0,0,대전,중구,차량단독,기타,기타,안전운전 의무 불이행,교차로,교차로부근,원동기장치자전거,없음,990733,1812398,127.3967751,36.30887488,,
2012,2012080909,주간,목,1,3,2,0,0,충남,태안군,차대사람,기타,기타,안전운전 의무 불이행,단일로,기타단일로,승용차,보행자,894974,1843409,126.3260235,36.58270676,,
2012,2012071311,주간,금,1,1,0,0,0,대전,동구,차대사람,차도통행중,차도통행중,안전운전 의무 불이행,교차로,교차로내,승용차,보행자,994837,1815402,127.4424695,36.33598803,,
2012,2012110418,야간,일,1,1,0,0,0,대전,서구,차대사람,횡단중,횡단중,안전운전 의무 불이행,단일로,기타단일로,승용차,보행자,985838,1811739,127.342262,36.30287418,,
2012,2012081317,주간,월,1,1,0,0,0,충남,서산시,차량단독,전도전복,전도전복,안전운전 의무 불이행,단일로,기타단일로,원동기장치자전거,없음,916051,1855997,126.5602162,36.69826308,,
2012,2012081519,야간,수,1,1,0,0,0,충남,태안군,차대사람,차도통행중,차도통행중,안전운전 의무 불이행,단일로,기타단일로,승용차,보행자,886290,1871151,126.22485,36.83174371,,
2012,2012111023,야간,토,1,1,0,0,0,대전,서구,차대차,추돌,주정차중 추돌,안전운전 의무 불이행,교차로,교차로부근,승합차,승합차,986491,1811880,127.3495338,36.30415564,,
2012,2012071917,주간,목,1,1,0,0,0,대전,동구,차대사람,차도통행중,차도통행중,안전운전 의무 불이행,단일로,기타단일로,화물차,보행자,993648,1816982,127.4292078,36.35022528,,
2012,2012052415,주간,목,1,1,0,0,0,충남,천안시,차대사람,보도통행중,보도통행중,안전운전 의무 불이행,교차로,교차로부근,화물차,보행자,966807,1867597,127.1278888,36.80596188,,
2012,2012052500,야간,금,1,1,0,0,0,충남,천안시,차대사람,기타,기타,보행자 보호의무 위반,교차로,교차로부근,승용차,보행자,965122,1868335,127.1089656,36.81255399,,
2012,2012111806,주간,일,1,1,0,0,0,대전,서구,차대사람,기타,기타,안전운전 의무 불이행,단일로,기타단일로,승용차,보행자,989043,1813964,127.3779283,36.32297533,,
2012,2012092701,야간,목,1,1,0,0,0,대전,대덕구,차대사람,횡단중,횡단중,안전운전 의무 불이행,단일로,기타단일로,승용차,보행자,993599,1827817,127.4285724,36.44790611,,
2012,2012092805,야간,금,1,1,0,0,0,대전,대덕구,차대사람,횡단중,횡단중,안전운전 의무 불이행,단일로,기타단일로,화물차,보행자,993093,1817964,127.4230137,36.35907458,,
2012,2012052716,주간,일,1,1,0,0,0,충남,천안시,차량단독,공작물충돌,공작물충돌,안전운전 의무 불이행,단일로,기타단일로,원동기장치자전거,없음,968003,1882887,127.1406512,36.9438339,,
2012,2012112123,야간,수,1,2,0,1,0,대전,서구,차량단독,공작물충돌,공작물충돌,안전운전 의무 불이행,교차로,교차로부근,원동기장치자전거,없음,986116,1811819,127.3453569,36.30359946,,
2012,2012072705,야간,금,1,1,0,0,0,대전,동구,차대사람,횡단중,횡단중,신호위반,교차로,교차로부근,승용차,보행자,994436,1815603,127.4379998,36.3377979,,
2012,2012112714,주간,화,1,1,0,0,0,대전,서구,차대사람,횡단중,횡단중,안전운전 의무 불이행,단일로,기타단일로,승용차,보행자,985336,1811581,127.3366736,36.30144223,,
2012,2012060110,주간,금,1,1,0,0,0,충남,천안시,차량단독,기타,기타,안전운전 의무 불이행,교차로,교차로부근,원동기장치자전거,없음,970030,1883425,127.1633942,36.94875032,,
2012,2012060208,주간,토,1,1,0,0,0,충남,천안시,차량단독,도로이탈,도로이탈 추락,안전운전 의무 불이행,기타/불명,기타/불명,원동기장치자전거,없음,976342,1876234,127.2345109,36.88410712,,
2012,2012100222,야간,화,1,2,0,1,0,충남,아산시,차량단독,공작물충돌,공작물충돌,안전운전 의무 불이행,단일로,고가도로위,승용차,없음,953050,1865610,126.9737931,36.78746783,,
2012,2012060319,야간,일,1,1,0,0,0,충남,천안시,차대사람,횡단중,횡단중,안전운전 의무 불이행,교차로,교차로내,승용차,보행자,967636,1868465,127.1371452,36.81381521,,
2012,2012091805,야간,화,1,2,0,1,0,대전,중구,차대사람,횡단중,횡단중,안전운전 의무 불이행,교차로,교차로부근,승용차,보행자,993847,1813514,127.4314531,36.31896105,,
2012,2012081602,야간,목,1,1,0,0,0,충남,천안시,차대사람,기타,기타,안전운전 의무 불이행,단일로,기타단일로,승합차,보행자,982614,1862771,127.3052025,36.76287934,,
2012,2012122004,야간,목,1,1,0,0,0,대전,서구,차대사람,횡단중,횡단중,안전운전 의무 불이행,단일로,횡단보도부근,화물차,보행자,989278,1812892,127.3805612,36.31331342,,
2012,2012081513,주간,수,1,1,0,0,0,대전,동구,차대사람,보도통행중,보도통행중,기타,기타/불명,기타/불명,화물차,보행자,994193,1814322,127.4352983,36.32624949,,
2012,2012100423,야간,목,1,4,3,0,0,충남,아산시,차대차,측면충돌,측면충돌,신호위반,교차로,교차로내,승용차,승용차,963790,1870250,127.093941,36.82976666,,
2012,2012100620,야간,토,1,1,0,0,0,충남,아산시,차량단독,도로이탈,도로이탈 추락,안전운전 의무 불이행,단일로,기타단일로,이륜차,없음,948557,1875688,126.9227564,36.87807979,,
2012,2012081208,주간,일,1,1,0,0,0,대전,동구,차대사람,기타,기타,안전운전 의무 불이행,교차로,교차로내,승용차,보행자,996433,1811054,127.4602734,36.29679603,,
2012,2012090122,야간,토,1,1,0,0,0,충남,태안군,차대차,측면충돌,측면충돌,안전운전 의무 불이행,단일로,기타단일로,승합차,이륜차,882134,1856361,126.1805414,36.69794159,,