발생년,발생년월일시,주야,요일,사망자수,사상자수,중상자수,경상자수,부상신고자수,발생지시도,발생지시군구,사고유형_대분류,사고유형_중분류,사고유형,법규위반,도로형태_대분류,도로형태,당사자종별_1당_대분류,당사자종별_2당_대분류,발생위치X_UTMK,발생위치Y_UTMK,경도,위도,,
2012,2012081808,주간,토,1,1,0,0,0,대전,동구,차대사람,횡단중,횡단중,안전운전 의무 불이행,교차로,교차로내,승용차,보행자,994062,1816329,127.4338268,36.34434086,,
2012,2012123107,주간,월,1,1,0,0,0,대전,서구,차대사람,기타,기타,안전운전 의무 불이행,단일로,기타단일로,승용차,보행자,988933,1815616,127.3766793,36.33786755,,
2012,2012101009,주간,수,1,1,0,0,0,충남,아산시,차대차,측면충돌,측면충돌,기타,교차로,교차로내,승용차,원동기장치자전거,962419,1863472,127.0789016,36.76861295,,
2012,2012033119,야간,토,1,1,0,0,0,대전,유성구,차대사람,횡단중,횡단중,안전운전 의무 불이행,교차로,교차로부근,승용차,보행자,984072,1821167,127.3223992,36.38784361,,
2012,2012101216,주간,금,1,1,0,0,0,충남,아산시,차대사람,횡단중,횡단중,안전운전 의무 불이행,교차로,교차로부근,화물차,보행자,944471,1861298,126.87796,36.74813419,,
2012,2012111100,야간,일,1,1,0,0,0,대전,대덕구,차량단독,공작물충돌,공작물충돌,안전운전 의무 불이행,교차로,교차로내,승용차,없음,993627,1819263,127.4289551,36.37078925,,
2012,2012101309,주간,토,1,1,0,0,0,충남,아산시,차대사람,횡단중,횡단중,보행자 보호의무 위반,교차로,교차로부근,승용차,보행자,955434,1863852,127.0006144,36.77173568,,
2012,2012101909,주간,금,1,1,0,0,0,충남,아산시,차대사람,보도통행중,보도통행중,안전운전 의무 불이행,단일로,횡단보도부근,화물차,보행자,955803,1865091,127.0046772,36.78292184,,
2012,2012112412,주간,토,1,1,0,0,0,대전,대덕구,차대사람,횡단중,횡단중,안전운전 의무 불이행,단일로,기타단일로,화물차,보행자,993639,1827204,127.4290238,36.44238002,,
2012,2012100805,야간,월,1,1,0,0,0,대전,중구,차대차,측면충돌,측면충돌,안전운전 의무 불이행,단일로,기타단일로,승합차,자전거,994632,1812572,127.4402048,36.31047318,,
2012,2012040500,야간,목,1,1,0,0,0,대전,서구,차대사람,횡단중,횡단중,안전운전 의무 불이행,교차로,교차로부근,승용차,보행자,988706,1817824,127.3741178,36.35777091,,
2012,2012120220,야간,일,1,2,1,0,0,대전,대덕구,차대차,측면충돌,측면충돌,신호위반,교차로,교차로내,이륜차,승합차,993622,1819250,127.4288995,36.37067202,,
2012,2012092119,야간,금,1,1,0,0,0,충남,서산시,차대사람,횡단중,횡단중,신호위반,교차로,교차로내,화물차,보행자,910779,1870851,126.499463,36.8316678,,
2012,2012092121,야간,금,1,1,0,0,0,충남,서산시,차대사람,횡단중,횡단중,보행자 보호의무 위반,단일로,횡단보도상,승용차,보행자,907339,1865576,126.4615343,36.78379211,,
2012,2012062702,야간,수,1,2,1,0,0,충남,천안시,차대차,측면충돌,측면충돌,중앙선 침범,단일로,기타단일로,화물차,화물차,976230,1879424,127.233154,36.91286051,,
2012,2012103019,야간,화,1,1,0,0,0,충남,아산시,차대사람,차도통행중,차도통행중,안전운전 의무 불이행,단일로,기타단일로,승용차,보행자,948750,1869980,126.9253073,36.82663724,,
2012,2012062802,야간,목,1,1,0,0,0,충남,천안시,차대차,기타,기타,안전운전 의무 불이행,교차로,교차로내,화물차,승용차,974331,1877292,127.211908,36.89359188,,
2012,2012091513,주간,토,1,2,0,1,0,대전,동구,차대사람,길가장자리구역통행중,길가장자리구역통행중,안전운전 의무 불이행,단일로,기타단일로,승용차,보행자,994974,1813732,127.4440069,36.32093296,,
2012,2012092319,야간,일,1,2,1,0,0,충남,천안시,차대사람,횡단중,횡단중,안전운전 의무 불이행,단일로,기타단일로,승합차,보행자,969739,1869560,127.1606794,36.82375575,,
2012,2012110822,야간,목,1,1,0,0,0,충남,아산시,차대차,정면충돌,정면충돌,중앙선 침범,기타/불명,기타/불명,승용차,이륜차,965099,1872868,127.1084996,36.85341574,,
2012,2012100818,야간,월,1,1,0,0,0,충남,태안군,차대차,기타,기타,안전운전 의무 불이행,단일로,기타단일로,승용차,승용차,898118,1848096,126.3605393,36.62529636,,
2012,2012041503,야간,일,1,1,0,0,0,대전,서구,차대사람,횡단중,횡단중,안전운전 의무 불이행,단일로,횡단보도부근,승용차,보행자,988190,1816687,127.3683838,36.34751422,,
2012,2012110311,주간,토,1,1,0,0,0,대전,중구,차대사람,횡단중,횡단중,신호위반,단일로,횡단보도상,승용차,보행자,991551,1814607,127.4058629,36.32879753,,
2012,2012041605,야간,월,1,1,0,0,0,대전,유성구,차량단독,기타,기타,안전운전 의무 불이행,단일로,기타단일로,화물차,없음,988923,1822998,127.3764627,36.40441885,,
2012,2012101502,야간,월,1,1,0,0,0,충남,서산시,차대사람,기타,기타,안전운전 의무 불이행,단일로,기타단일로,승용차,보행자,901368,1865103,126.3946886,36.77892596,,
2012,2012110823,야간,목,1,1,0,0,0,충남,아산시,차대사람,차도통행중,차도통행중,안전운전 의무 불이행,단일로,기타단일로,승합차,보행자,957880,1865249,127.027945,36.78444077,,
2012,2012101503,야간,월,1,1,0,0,0,충남,서산시,차대사람,차도통행중,차도통행중,안전운전 의무 불이행,단일로,기타단일로,승용차,보행자,910637,1865403,126.4985105,36.78254971,,
2012,2012111400,야간,수,1,1,0,0,0,충남,아산시,차량단독,기타,기타,안전운전 의무 불이행,기타/불명,기타/불명,승용차,없음,953803,1868284,126.98207,36.81160928,,
2012,2012110721,야간,수,1,1,0,0,0,대전,중구,차대차,기타,기타,안전거리 미확보,단일로,기타단일로,원동기장치자전거,승용차,993206,1813635,127.424311,36.32004761,,
2012,2012101906,주간,금,1,1,0,0,0,충남,서산시,차대사람,횡단중,횡단중,신호위반,교차로,교차로부근,승용차,보행자,905783,1878677,126.4424737,36.90171965,,
2012,2012070909,주간,월,1,1,0,0,0,충남,천안시,차대사람,횡단중,횡단중,안전운전 의무 불이행,교차로,교차로부근,승합차,보행자,966196,1875609,127.1206827,36.8781642,,
2012,2012070919,야간,월,1,1,0,0,0,충남,천안시,차대차,기타,기타,중앙선 침범,단일로,지하차도(도로)내,원동기장치자전거,승용차,967971,1871267,127.140783,36.83908529,,
2012,2012112300,야간,금,1,2,1,0,0,충남,아산시,차대사람,횡단중,횡단중,안전운전 의무 불이행,단일로,기타단일로,승용차,보행자,960262,1864203,127.0546948,36.77511455,,
2012,2012112314,주간,금,1,3,0,2,0,충남,아산시,차대차,추돌,진행중 추돌,안전운전 의무 불이행,단일로,터널안,승합차,건설기계,957436,1872901,127.0225408,36.85339904,,
2012,2012042201,야간,일,1,1,0,0,0,대전,서구,차대사람,기타,기타,안전운전 의무 불이행,단일로,기타단일로,승용차,보행자,990917,1816138,127.3987811,36.34259437,,
2012,2012112818,야간,수,1,2,1,0,0,충남,아산시,차대차,기타,기타,안전운전 의무 불이행,단일로,기타단일로,승합차,화물차,965909,1864458,127.1179625,36.7776333,,
2012,2012102614,주간,금,1,1,0,0,0,충남,태안군,차대사람,기타,기타,안전운전 의무 불이행,단일로,기타단일로,화물차,보행자,891574,1863757,126.2851458,36.76572449,,
2012,2012110103,야간,목,2,2,0,0,0,충남,서산시,차대차,추돌,주정차중 추돌,안전운전 의무 불이행,단일로,기타단일로,승용차,승용차,914094,1858214,126.5380573,36.71807126,,
2012,2012112316,주간,금,1,1,0,0,0,대전,중구,차대차,측면충돌,측면충돌,안전운전 의무 불이행,교차로,교차로내,자전거,승용차,990190,1814398,127.3907015,36.3269004,,
2012,2012110213,주간,금,1,1,0,0,0,충남,태안군,차대차,기타,기타,안전운전 의무 불이행,교차로,교차로내,원동기장치자전거,화물차,892748,1862048,126.2985374,36.75045517,,
2012,2012113000,야간,금,1,1,0,0,0,대전,중구,차대사람,차도통행중,차도통행중,신호위반,교차로,교차로내,승용차,보행자,992546,1813970,127.416955,36.32306291,,
2012,2012110418,야간,일,1,1,0,0,0,충남,서산시,차대사람,횡단중,횡단중,안전운전 의무 불이행,교차로,교차로내,승합차,보행자,909484,1863044,126.4858708,36.76117771,,
2012,2012102720,야간,토,1,1,0,0,0,충남,천안시,차대사람,차도통행중,차도통행중,안전운전 의무 불이행,단일로,기타단일로,승용차,보행자,970577,1860643,127.1704203,36.74339892,,
2012,2012110619,야간,화,1,3,2,0,0,충남,서산시,차대차,추돌,진행중 추돌,안전운전 의무 불이행,단일로,기타단일로,화물차,화물차,898790,1865685,126.3657262,36.7838996,,
2012,2012103019,야간,화,1,1,0,0,0,대전,동구,차량단독,공작물충돌,공작물충돌,안전운전 의무 불이행,단일로,기타단일로,승용차,없음,994545,1801720,127.4393136,36.2126333,,
2012,2012121223,야간,수,1,1,0,0,0,충남,아산시,차대사람,횡단중,횡단중,안전운전 의무 불이행,단일로,기타단일로,화물차,보행자,963199,1864735,127.0875804,36.78002892,,
2012,2012121523,야간,토,2,2,0,0,0,충남,아산시,차량단독,공작물충돌,공작물충돌,안전운전 의무 불이행,교차로,교차로부근,승용차,없음,953801,1864205,126.982295,36.77483955,,
2012,2012050121,야간,화,2,3,1,0,0,대전,유성구,차대차,정면충돌,정면충돌,중앙선 침범,단일로,기타단일로,승용차,승용차,981275,1808524,127.2915161,36.27381166,,
2012,2012110305,야간,토,1,1,0,0,0,대전,동구,차대사람,횡단중,횡단중,안전운전 의무 불이행,단일로,횡단보도부근,승용차,보행자,995098,1814206,127.4453854,36.32520693,,
2012,2012121800,야간,화,1,1,0,0,0,충남,아산시,차량단독,공작물충돌,공작물충돌,안전운전 의무 불이행,단일로,기타단일로,승용차,없음,960685,1869694,127.0591512,36.82463064,,
2012,2012110506,주간,월,1,1,0,0,0,대전,동구,차대사람,횡단중,횡단중,안전운전 의무 불이행,단일로,기타단일로,승용차,보행자,993388,1815910,127.4263193,36.340559,,
2012,2012110711,주간,수,1,1,0,0,0,대전,동구,차대차,측면충돌,측면충돌,신호위반,교차로,교차로내,이륜차,승용차,996987,1813457,127.4664353,36.31845941,,
2012,2012122001,야간,목,1,1,0,0,0,충남,아산시,차량단독,공작물충돌,공작물충돌,안전운전 의무 불이행,기타/불명,기타/불명,승용차,없음,953792,1868316,126.9819447,36.8118972,,
2012,2012110717,주간,수,1,1,0,0,0,충남,천안시,차량단독,도로이탈,도로이탈 추락,기타,교차로,교차로부근,승용차,없음,982325,1861667,127.30199,36.75292172,,
2012,2012111703,야간,토,1,2,1,0,0,충남,태안군,차량단독,공작물충돌,공작물충돌,안전운전 의무 불이행,단일로,기타단일로,승용차,없음,896396,1835762,126.3429435,36.51394136,,
2012,2012122106,주간,금,1,5,4,0,0,충남,아산시,차대차,기타,기타,안전운전 의무 불이행,교차로,교차로내,승용차,승합차,956198,1864126,127.0091594,36.77424126,,
2012,2012122404,야간,월,1,1,0,0,0,충남,아산시,차량단독,공작물충돌,공작물충돌,안전운전 의무 불이행,단일로,기타단일로,승용차,없음,964881,1865203,127.1064082,36.78431159,,
2012,2012112904,야간,목,1,1,0,0,0,충남,서산시,차대사람,횡단중,횡단중,안전운전 의무 불이행,단일로,기타단일로,승용차,보행자,907485,1864541,126.463296,36.77447763,,
2012,2012111603,야간,금,1,1,0,0,0,대전,동구,차대사람,기타,기타,안전운전 의무 불이행,단일로,기타단일로,승용차,보행자,994068,1816327,127.4338937,36.34432286,,
2012,2012111710,주간,토,1,1,0,0,0,충남,천안시,차대사람,횡단중,횡단중,안전운전 의무 불이행,단일로,횡단보도상,승합차,보행자,969153,1869027,127.1541303,36.81893207,,
2012,2012123104,야간,월,1,2,0,1,0,충남,아산시,차대차,정면충돌,정면충돌,중앙선 침범,단일로,기타단일로,승용차,화물차,959738,1880675,127.0479496,36.92357726,,
2012,2012121117,주간,화,1,1,0,0,0,충남,서산시,차대사람,기타,기타,신호위반,단일로,기타단일로,승용차,보행자,908333,1863987,126.4728671,36.7695631,,
2012,2012120304,야간,월,1,1,0,0,0,대전,동구,차량단독,공작물충돌,공작물충돌,안전운전 의무 불이행,단일로,기타단일로,승합차,없음,999373,1816305,127.4930127,36.3441426,,
2012,2012051313,주간,일,1,1,0,0,0,대전,유성구,차대사람,횡단중,횡단중,안전운전 의무 불이행,교차로,교차로내,건설기계,보행자,981929,1823282,127.2984552,36.40687303,,
2012,2012120319,야간,월,1,1,0,0,0,대전,동구,차대사람,횡단중,횡단중,안전운전 의무 불이행,단일로,기타단일로,승용차,보행자,993906,1815736,127.432093,36.33899374,,
2012,2012120319,야간,월,1,1,0,0,0,충남,천안시,차대사람,차도통행중,차도통행중,안전운전 의무 불이행,교차로,교차로내,승용차,보행자,985375,1863601,127.3361214,36.77040821,,
2012,2012120418,야간,화,1,1,0,0,0,충남,천안시,차대사람,횡단중,횡단중,안전운전 의무 불이행,단일로,기타단일로,화물차,보행자,965858,1857451,127.1177044,36.71446606,,
2012,2012121406,주간,금,1,1,0,0,0,대전,동구,차대차,기타,기타,안전운전 의무 불이행,단일로,기타단일로,승용차,승용차,998374,1807349,127.4818985,36.26339875,,
2012,2012122117,주간,금,1,1,0,0,0,충남,태안군,차대사람,횡단중,횡단중,안전운전 의무 불이행,단일로,기타단일로,화물차,보행자,891872,1854766,126.2897564,36.68472419,,
2012,2012121618,야간,일,1,1,0,0,0,대전,동구,차량단독,공작물충돌,공작물충돌,안전운전 의무 불이행,단일로,기타단일로,승용차,없음,995788,1815068,127.4530682,36.3329815,,
2012,2012052318,야간,수,1,1,0,0,0,대전,유성구,차대사람,횡단중,횡단중,안전운전 의무 불이행,교차로,교차로내,승용차,보행자,984828,1816803,127.3309139,36.34851287,,
2012,2012090905,야간,일,1,1,0,0,0,충남,천안시,차대사람,횡단중,횡단중,신호위반,교차로,교차로부근,승용차,보행자,967061,1866758,127.1307725,36.79840755,,
2012,2012060509,주간,화,1,1,0,0,0,대전,서구,차대사람,횡단중,횡단중,안전운전 의무 불이행,교차로,교차로내,승용차,보행자,988486,1818054,127.3716623,36.35984184,,
2012,2012060904,야간,토,1,1,0,0,0,대전,유성구,차량단독,기타,기타,안전운전 의무 불이행,교차로,교차로내,승용차,없음,983381,1815587,127.3148137,36.33752626,,
2012,2012091915,주간,수,1,2,0,1,0,충남,천안시,차대사람,횡단중,횡단중,안전운전 의무 불이행,단일로,기타단일로,승용차,보행자,967366,1866779,127.1341904,36.79860742,,
2012,2012092713,주간,목,1,1,0,0,0,충남,천안시,차대사람,기타,기타,보행자 보호의무 위반,단일로,기타단일로,불명,보행자,965612,1882226,127.1138292,36.93779116,,
2012,2012101623,야간,화,1,2,1,0,0,충남,천안시,차대사람,보도통행중,보도통행중,신호위반,단일로,횡단보도상,승용차,보행자,966883,1866517,127.1287878,36.79622884,,
2012,2012101702,야간,수,1,3,1,1,0,충남,천안시,차대차,측면충돌,측면충돌,안전운전 의무 불이행,단일로,기타단일로,이륜차,승용차,968626,1869710,127.1481932,36.82507166,,
2012,2012062810,주간,목,1,1,0,0,0,대전,서구,차대차,측면충돌,측면충돌,신호위반,교차로,교차로내,승용차,원동기장치자전거,989481,1817107,127.3827656,36.35131567,,
2012,2012070702,야간,토,1,1,0,0,0,대전,유성구,차량단독,공작물충돌,공작물충돌,안전운전 의무 불이행,단일로,기타단일로,승용차,없음,984490,1818827,127.3271067,36.36675457,,
2012,2012111704,야간,토,1,1,0,0,0,충남,천안시,차량단독,기타,기타,안전운전 의무 불이행,교차로,교차로내,승용차,없음,965876,1870880,127.1173047,36.83552337,,
2012,2012112906,주간,목,1,20,16,3,0,충남,천안시,차대차,추돌,주정차중 추돌,안전운전 의무 불이행,단일로,기타단일로,승합차,화물차,967276,1883355,127.1324664,36.94802762,,
2012,2012072812,주간,토,1,1,0,0,0,대전,유성구,차대사람,보도통행중,보도통행중,신호위반,교차로,교차로내,화물차,보행자,990556,1826776,127.3946289,36.43849607,,
2012,2012121221,야간,수,1,1,0,0,0,충남,천안시,차대차,추돌,진행중 추돌,안전운전 의무 불이행,단일로,기타단일로,승용차,승용차,974027,1879416,127.2084233,36.91273028,,
2012,2012121307,주간,목,1,1,0,0,0,충남,천안시,차대사람,기타,기타,안전운전 의무 불이행,단일로,횡단보도부근,승용차,보행자,975149,1879676,127.2210104,36.91510428,,
2012,2012080223,야간,목,1,1,0,0,0,대전,유성구,차대사람,기타,기타,과속,단일로,기타단일로,승용차,보행자,988696,1822416,127.3739395,36.39916929,,
2012,2012122404,야간,월,1,2,1,0,0,충남,천안시,차대차,측면충돌,측면충돌,안전운전 의무 불이행,교차로,교차로부근,승합차,승용차,967176,1867255,127.1320402,36.80289178,,
2012,2012080815,주간,수,1,1,0,0,0,대전,유성구,차대사람,기타,기타,안전운전 의무 불이행,단일로,기타단일로,화물차,보행자,985037,1816986,127.3332396,36.35016595,,
2012,2012081605,야간,목,1,1,0,0,0,대전,유성구,차대사람,횡단중,횡단중,안전운전 의무 불이행,단일로,기타단일로,승용차,보행자,984537,1817004,127.3276668,36.35032032,,
2012,2012083001,야간,목,1,3,2,0,0,대전,유성구,차대차,측면충돌,측면충돌,신호위반,교차로,교차로내,승용차,승용차,984181,1818838,127.323662,36.36684871,,
2012,2012091917,주간,수,1,1,0,0,0,대전,유성구,차량단독,기타,기타,안전운전 의무 불이행,단일로,기타단일로,이륜차,없음,988884,1821251,127.3760528,36.38866863,,
2012,2012092502,야간,화,1,1,0,0,0,대전,서구,차대사람,횡단중,횡단중,안전운전 의무 불이행,교차로,교차로내,승용차,보행자,988412,1817827,127.3708409,36.35779446,,
2012,2012101518,야간,월,1,1,0,0,0,대전,유성구,차대사람,보도통행중,보도통행중,보행자 보호의무 위반,단일로,횡단보도상,승용차,보행자,989389,1824626,127.3816375,36.41910102,,
2012,2012101912,주간,금,1,3,0,2,0,대전,서구,차대차,기타,기타,안전거리 미확보,교차로,교차로부근,화물차,승용차,990446,1819235,127.3934944,36.37051047,,
2012,2012102208,주간,월,1,1,0,0,0,대전,유성구,차량단독,공작물충돌,공작물충돌,안전운전 의무 불이행,단일로,기타단일로,승용차,없음,981994,1824533,127.2991511,36.41815235,,
2012,2012102300,야간,화,1,1,0,0,0,대전,유성구,차량단독,공작물충돌,공작물충돌,안전운전 의무 불이행,단일로,기타단일로,승용차,없음,989255,1823554,127.3801577,36.40943513,,
2012,2012102403,야간,수,1,1,0,0,0,대전,유성구,차량단독,공작물충돌,공작물충돌,안전운전 의무 불이행,교차로,교차로내,승용차,없음,989046,1824430,127.3778143,36.41733017,,
2012,2012102704,야간,토,1,1,0,0,0,대전,서구,차량단독,공작물충돌,공작물충돌,안전운전 의무 불이행,교차로,교차로부근,이륜차,없음,991181,1816368,127.4017204,36.34467037,,
2012,2012102801,야간,일,1,1,0,0,0,대전,유성구,차량단독,공작물충돌,공작물충돌,안전운전 의무 불이행,교차로,교차로부근,승용차,없음,986920,1822114,127.354139,36.39642412,,
2012,2012112907,주간,목,1,1,0,0,0,대전,유성구,차대차,기타,기타,안전운전 의무 불이행,단일로,기타단일로,승용차,농기계,984714,1817919,127.3296215,36.35857221,,
2012,2012121606,주간,일,1,2,1,0,0,대전,유성구,차량단독,공작물충돌,공작물충돌,안전운전 의무 불이행,단일로,기타단일로,승용차,없음,985836,1820693,127.3420768,36.38359797,,
2012,2012122004,야간,목,1,11,9,1,0,대전,서구,차대차,기타,기타,중앙선 침범,단일로,기타단일로,승용차,승합차,989344,1816265,127.3812502,36.34372319,,
2012,2012122004,야간,목,1,4,2,1,0,대전,유성구,차량단독,기타,기타,과속,단일로,기타단일로,승용차,없음,991715,1823912,127.407591,36.412687,,
2012,2012122315,주간,일,1,1,0,0,0,대전,서구,차대사람,횡단중,횡단중,안전운전 의무 불이행,단일로,기타단일로,승용차,보행자,987639,1818182,127.3622194,36.3609853,,
2012,2012123122,야간,월,1,1,0,0,0,충남,부여군,차량단독,공작물충돌,공작물충돌,안전운전 의무 불이행,단일로,기타단일로,승용차,없음,949382,1795588,126.9372662,36.1560451,,
2012,2012121409,주간,금,1,1,0,0,0,충남,홍성군,차대사람,길가장자리구역통행중,길가장자리구역통행중,안전운전 의무 불이행,단일로,기타단일로,승용차,보행자,930640,1843165,126.7246771,36.58377065,,
2013,2013010306,주간,목,1,1,0,0,0,대전,대덕구,차대사람,횡단중,횡단중,신호위반,단일로,횡단보도상,화물차,보행자,992624,1818296,127.4177864,36.36206691,,
2013,2013010120,야간,화,1,4,3,0,0,충남,아산시,차대차,기타,기타,중앙선 침범,단일로,교량위,승용차,승용차,954608,1866711,126.9911886,36.79746864,,
2013,2013010308,주간,목,1,1,0,0,0,충남,천안시,차대사람,횡단중,횡단중,보행자 보호의무 위반,교차로,교차로부근,승합차,보행자,969155,1869029,127.1541526,36.81895016,,
2013,2013010205,야간,수,1,1,0,0,0,충남,공주시,차대사람,기타,기타,안전운전 의무 불이행,단일로,기타단일로,승용차,보행자,960448,1830493,127.0585155,36.47123569,,
2013,2013010818,야간,화,1,1,0,0,0,충남,부여군,차대사람,기타,기타,보행자 보호의무 위반,단일로,횡단보도상,화물차,보행자,947671,1809144,126.91734,36.27816358,,
2013,2013010118,야간,화,1,8,3,4,0,대전,유성구,차대차,측면충돌,측면충돌,신호위반,교차로,교차로내,승합차,승용차,984496,1818843,127.3271733,36.36689891,,
2013,2013010516,주간,토,1,1,0,0,0,충남,예산군,차량단독,공작물충돌,공작물충돌,안전운전 의무 불이행,단일로,기타단일로,승용차,없음,926675,1864859,126.6782819,36.77902357,,
2013,2013012812,주간,월,1,1,0,0,0,충남,당진시,차대차,측면충돌,측면충돌,안전운전 의무 불이행,단일로,기타단일로,승용차,건설기계,934169,1880474,126.7608997,36.92032796,,
2013,2013010817,주간,화,1,2,1,0,0,충남,예산군,차대차,기타,기타,신호위반,교차로,교차로내,원동기장치자전거,승용차,940313,1857357,126.8316925,36.71235655,,
2013,2013022001,야간,수,1,1,0,0,0,충남,당진시,차대사람,차도통행중,차도통행중,기타,단일로,기타단일로,승용차,보행자,929255,1877387,126.7060291,36.89214574,,
2013,2013012203,야간,화,1,1,0,0,0,대전,대덕구,차대사람,횡단중,횡단중,안전운전 의무 불이행,단일로,기타단일로,승용차,보행자,992562,1828525,127.4169939,36.45427872,,
2013,2013010819,야간,화,1,1,0,0,0,충남,당진시,차대사람,길가장자리구역통행중,길가장자리구역통행중,안전운전 의무 불이행,단일로,기타단일로,승합차,보행자,927862,1883808,126.6897813,36.94991595,,
2013,2013011119,야간,금,1,1,0,0,0,대전,대덕구,차대사람,차도통행중,차도통행중,안전운전 의무 불이행,교차로,교차로부근,승합차,보행자,992417,1817925,127.4154793,36.35871789,,
2013,2013012003,야간,일,1,1,0,0,0,충남,홍성군,차량단독,전도전복,전도전복,안전운전 의무 불이행,교차로,교차로내,승용차,없음,924233,1844353,126.6529478,36.59399204,,
2013,2013013008,주간,수,1,1,0,0,0,충남,보령시,차량단독,전도전복,전도전복,안전운전 의무 불이행,단일로,기타단일로,승용차,없음,924322,1811349,126.657167,36.29649148,,
2013,2013013007,주간,수,2,3,0,1,0,충남,보령시,차량단독,전도전복,전도전복,안전운전 의무 불이행,단일로,기타단일로,승용차,없음,917150,1815325,126.5768782,36.33174263,,
2013,2013012707,주간,일,1,3,0,2,0,충남,천안시,차대차,추돌,진행중 추돌,안전운전 의무 불이행,단일로,기타단일로,승합차,화물차,965868,1854126,127.1179614,36.68449258,,
2013,2013012117,주간,월,1,2,0,1,0,충남,홍성군,차대차,정면충돌,정면충돌,중앙선 침범,단일로,기타단일로,화물차,화물차,932589,1845586,126.7462495,36.60573389,,
2013,2013012922,야간,화,1,3,2,0,0,세종,세종,차량단독,공작물충돌,공작물충돌,안전운전 의무 불이행,단일로,기타단일로,승용차,없음,979248,1830514,127.2683651,36.47201952,,
2013,2013022220,야간,금,1,1,0,0,0,충남,부여군,차대차,기타,기타,안전운전 의무 불이행,단일로,기타단일로,화물차,승용차,957379,1807199,127.0255366,36.26110676,,
2013,2013012710,주간,일,1,2,1,0,0,충남,공주시,차대차,정면충돌,정면충돌,중앙선 침범,단일로,기타단일로,화물차,화물차,959122,1812905,127.0446406,36.31262303,,
2013,2013020514,주간,화,1,1,0,0,0,세종,세종,차대차,정면충돌,정면충돌,중앙선 침범,단일로,기타단일로,화물차,원동기장치자전거,979933,1839773,127.2757661,36.5555022,,
2013,2013022713,주간,수,1,3,2,0,0,충남,부여군,차대차,기타,기타,안전운전 의무 불이행,교차로,교차로부근,이륜차,이륜차,953893,1796345,126.9873699,36.16309488,,
2013,2013021610,주간,토,1,1,0,0,0,충남,논산시,차량단독,기타,기타,안전운전 의무 불이행,단일로,기타단일로,승용차,없음,979695,1803465,127.2740614,36.22817122,,
2013,2013020122,야간,금,1,1,0,0,0,충남,공주시,차대사람,기타,기타,안전운전 의무 불이행,단일로,기타단일로,승합차,보행자,957769,1836205,127.0283008,36.52261436,,
2013,2013030317,주간,일,1,2,0,1,0,충남,청양군,차대차,정면충돌,정면충돌,중앙선 침범,단일로,기타단일로,승용차,승용차,937614,1823874,126.8041862,36.410353,,
2013,2013011106,주간,금,1,1,0,0,0,충남,천안시,차대사람,횡단중,횡단중,안전운전 의무 불이행,교차로,교차로부근,화물차,보행자,965497,1865248,127.1133097,36.78473988,,
2013,2013010600,야간,일,1,1,0,0,0,충남,천안시,차대사람,차도통행중,차도통행중,과속,단일로,고가도로위,승용차,보행자,966623,1866549,127.1258721,36.79650817,,
2013,2013020911,주간,토,1,4,3,0,0,충남,보령시,차대차,정면충돌,정면충돌,기타,교차로,교차로내,화물차,승용차,919302,1815335,126.6008523,36.33201555,,
2013,2013030408,주간,월,1,1,0,0,0,충남,부여군,차대차,기타,기타,기타,교차로,교차로내,이륜차,승용차,955527,1795393,127.0055904,36.15458865,,
2013,2013020609,주간,수,1,1,0,0,0,충남,공주시,차대차,정면충돌,정면충돌,안전운전 의무 불이행,단일로,기타단일로,원동기장치자전거,승합차,967906,1817991,127.1422782,36.35880732,,
2013,2013022110,주간,목,1,5,2,2,0,세종,세종,차대차,추돌,진행중 추돌,안전거리 미확보,단일로,기타단일로,승용차,승용차,980904,1825713,127.2869637,36.42876927,,
2013,2013031806,주간,월,1,1,0,0,0,충남,청양군,차량단독,기타,기타,안전운전 의무 불이행,단일로,기타단일로,농기계,없음,953719,1821509,126.9839444,36.3899441,,
2013,2013051111,주간,토,1,2,1,0,0,충남,보령시,차량단독,전도전복,전도전복,안전운전 의무 불이행,단일로,기타단일로,승합차,없음,917353,1815154,126.5791635,36.33022228,,
2013,2013020618,야간,수,1,1,0,0,0,충남,공주시,차대사람,횡단중,횡단중,신호위반,교차로,교차로내,화물차,보행자,965850,1842545,127.1182785,36.58009169,,
2013,2013021119,야간,월,1,1,0,0,0,충남,보령시,차대사람,횡단중,횡단중,안전운전 의무 불이행,단일로,기타단일로,승용차,보행자,910327,1822606,126.5000264,36.3967624,,
2013,2013021318,야간,수,1,1,0,0,0,충남,예산군,차대차,추돌,진행중 추돌,안전운전 의무 불이행,단일로,기타단일로,승용차,자전거,929716,1861752,126.7126443,36.75124779,,
2013,2013012006,주간,일,1,1,0,0,0,충남,당진시,차대차,추돌,진행중 추돌,안전운전 의무 불이행,단일로,기타단일로,화물차,화물차,935873,1875988,126.7804126,36.88000745,,
2013,2013020723,야간,목,1,1,0,0,0,충남,공주시,차량단독,도로이탈,도로이탈 추락,안전운전 의무 불이행,교차로,교차로부근,승용차,없음,962048,1813256,127.0772168,36.31590708,,
2013,2013040116,주간,월,1,1,0,0,0,충남,금산군,차량단독,도로이탈,도로이탈 기타,안전운전 의무 불이행,단일로,기타단일로,원동기장치자전거,없음,1000608,1803848,127.5067659,36.23183641,,