발생년,발생년월일시,주야,요일,사망자수,사상자수,중상자수,경상자수,부상신고자수,발생지시도,발생지시군구,사고유형_대분류,사고유형_중분류,사고유형,법규위반,도로형태_대분류,도로형태,당사자종별_1당_대분류,당사자종별_2당_대분류,발생위치X_UTMK,발생위치Y_UTMK,경도,위도,,
2013,2013030409,주간,월,1,3,2,0,0,충남,공주시,차대차,추돌,진행중 추돌,안전운전 의무 불이행,단일로,기타단일로,승용차,화물차,963080,1830666,127.0878807,36.47290123,,
2013,2013012508,주간,금,1,1,0,0,0,대전,서구,차대차,측면충돌,측면충돌,기타,교차로,교차로내,자전거,승용차,989691,1816142,127.3851188,36.34261808,,
2013,2013010502,야간,토,1,1,0,0,0,대전,유성구,차량단독,전도전복,전도전복,안전운전 의무 불이행,단일로,기타단일로,승용차,없음,984332,1829599,127.3251279,36.46386455,,
2013,2013031508,주간,금,1,1,0,0,0,충남,서천군,차대사람,길가장자리구역통행중,길가장자리구역통행중,안전운전 의무 불이행,단일로,기타단일로,승용차,보행자,934406,1794297,126.7708926,36.14350867,,
2013,2013021820,야간,월,1,3,2,0,0,충남,공주시,차대차,추돌,주정차중 추돌,안전운전 의무 불이행,단일로,기타단일로,화물차,화물차,968362,1824785,127.147084,36.42007159,,
2013,2013031715,주간,일,1,1,0,0,0,충남,서천군,차량단독,전도전복,전도전복,안전운전 의무 불이행,교차로,교차로부근,농기계,없음,934324,1794304,126.7699806,36.14356622,,
2013,2013032316,주간,토,1,3,1,1,0,충남,부여군,차대차,정면충돌,정면충돌,중앙선 침범,단일로,기타단일로,화물차,승용차,930393,1816368,126.7243263,36.34219341,,
2013,2013062111,주간,금,2,4,0,2,0,충남,홍성군,차대차,기타,기타,안전운전 의무 불이행,단일로,교량위,화물차,화물차,917444,1840986,126.5774186,36.56307871,,
2013,2013032319,야간,토,1,2,1,0,0,대전,유성구,차대차,측면충돌,측면충돌,안전운전 의무 불이행,단일로,기타단일로,화물차,승용차,982021,1808653,127.2998157,36.27498884,,
2013,2013032912,주간,금,1,1,0,0,0,충남,부여군,차대차,기타,기타,기타,교차로,교차로내,이륜차,화물차,948865,1795614,126.9315172,36.15625235,,
2013,2013042421,야간,수,2,3,1,0,0,충남,금산군,차량단독,도로이탈,도로이탈 추락,과속,단일로,기타단일로,승용차,없음,998075,1794529,127.4786014,36.14781778,,
2013,2013011308,주간,일,1,1,0,0,0,충남,아산시,차량단독,전도전복,전도전복,안전운전 의무 불이행,기타/불명,기타/불명,화물차,없음,958505,1879943,127.0341464,36.91692534,,
2013,2013040315,주간,수,1,1,0,0,0,충남,공주시,차대사람,기타,기타,안전운전 의무 불이행,단일로,교량위,승용차,보행자,962589,1827185,127.0825684,36.44150362,,
2013,2013040412,주간,목,1,2,1,0,0,충남,서천군,차대차,정면충돌,정면충돌,신호위반,교차로,교차로내,화물차,화물차,937964,1787972,126.8109371,36.08672229,,
2013,2013013006,주간,수,1,1,0,0,0,충남,당진시,차량단독,도로이탈,도로이탈 추락,안전운전 의무 불이행,단일로,기타단일로,승용차,없음,915702,1874735,126.554232,36.86712769,,
2013,2013050316,주간,금,1,5,4,0,0,충남,청양군,차량단독,전도전복,전도전복,안전운전 의무 불이행,단일로,기타단일로,화물차,없음,937177,1824699,126.7992457,36.41776159,,
2013,2013020320,야간,일,1,1,0,0,0,대전,서구,차대사람,횡단중,횡단중,안전운전 의무 불이행,단일로,기타단일로,승용차,보행자,986177,1812706,127.3460151,36.31160064,,
2013,2013050612,주간,월,2,2,0,0,0,충남,금산군,차량단독,도로이탈,도로이탈 기타,안전운전 의무 불이행,단일로,기타단일로,이륜차,없음,996462,1792323,127.460681,36.12792452,,
2013,2013021019,야간,일,1,1,0,0,0,충남,논산시,차대사람,길가장자리구역통행중,길가장자리구역통행중,안전운전 의무 불이행,교차로,교차로내,승용차,보행자,973359,1797580,127.2037527,36.17496008,,
2013,2013011607,주간,수,1,1,0,0,0,충남,아산시,차대사람,기타,기타,안전운전 의무 불이행,단일로,기타단일로,화물차,보행자,947073,1865915,126.9067858,36.78990199,,
2013,2013051314,주간,월,2,2,0,0,0,충남,청양군,차량단독,기타,기타,안전운전 의무 불이행,단일로,기타단일로,승용차,없음,941577,1827065,126.8481439,36.43936832,,
2013,2013011719,야간,목,1,1,0,0,0,대전,중구,차대사람,횡단중,횡단중,안전운전 의무 불이행,단일로,기타단일로,승용차,보행자,994093,1813674,127.4341924,36.32040506,,
2013,2013012220,야간,화,1,1,0,0,0,충남,서산시,차대사람,횡단중,횡단중,안전운전 의무 불이행,단일로,기타단일로,승합차,보행자,902725,1886230,126.4071802,36.9694871,,
2013,2013030217,주간,토,1,2,1,0,0,충남,홍성군,차대사람,기타,기타,안전운전 의무 불이행,단일로,기타단일로,승용차,보행자,918024,1848243,126.5831258,36.62854246,,
2013,2013041301,야간,토,3,4,1,0,0,충남,서천군,차량단독,공작물충돌,공작물충돌,안전운전 의무 불이행,단일로,기타단일로,승용차,없음,924556,1779586,126.662822,36.010179,,
2013,2013051721,야간,금,1,2,0,1,0,충남,청양군,차대차,추돌,진행중 추돌,안전운전 의무 불이행,단일로,기타단일로,화물차,농기계,941935,1839760,126.8511841,36.55383061,,
2013,2013031703,야간,일,2,3,0,1,0,세종,세종,차대차,정면충돌,정면충돌,중앙선 침범,단일로,교량위,원동기장치자전거,승용차,982124,1846191,127.3000996,36.61340404,,
2013,2013021418,야간,목,1,1,0,0,0,충남,논산시,차대사람,기타,기타,안전운전 의무 불이행,단일로,기타단일로,승합차,보행자,965661,1799016,127.1180898,36.18766388,,
2013,2013011902,야간,토,1,3,2,0,0,대전,중구,차대차,측면충돌,측면충돌,신호위반,교차로,교차로내,이륜차,화물차,991522,1813685,127.4055498,36.32048503,,
2013,2013021501,야간,금,1,1,0,0,0,충남,논산시,차량단독,공작물충돌,공작물충돌,안전운전 의무 불이행,교차로,교차로내,승용차,없음,961063,1798157,127.0669914,36.17974196,,
2013,2013012217,주간,화,1,1,0,0,0,대전,동구,차대사람,차도통행중,차도통행중,안전운전 의무 불이행,단일로,기타단일로,화물차,보행자,996106,1813444,127.4566196,36.31834175,,
2013,2013032415,주간,일,1,1,0,0,0,충남,공주시,차량단독,공작물충돌,공작물충돌,안전운전 의무 불이행,단일로,기타단일로,승용차,없음,962404,1821266,127.0807955,36.38813256,,
2013,2013011921,야간,토,1,3,0,2,0,대전,중구,차대차,기타,기타,안전운전 의무 불이행,교차로,교차로내,승용차,승용차,992727,1815033,127.4189616,36.3326477,,
2013,2013012522,야간,금,1,1,0,0,0,충남,서산시,차량단독,공작물충돌,공작물충돌,안전운전 의무 불이행,단일로,기타단일로,승용차,없음,911849,1859505,126.5127697,36.72950638,,
2013,2013020619,야간,수,1,1,0,0,0,대전,대덕구,차대사람,기타,기타,안전운전 의무 불이행,교차로,교차로부근,승용차,보행자,992214,1817992,127.413216,36.3593203,,
2013,2013042618,야간,금,1,2,0,1,0,충남,논산시,차대차,기타,기타,기타,단일로,기타단일로,승용차,승용차,959638,1799471,127.0510762,36.19153432,,
2013,2013011319,야간,일,1,1,0,0,0,충남,아산시,차대사람,기타,기타,안전운전 의무 불이행,단일로,기타단일로,승용차,보행자,951814,1873167,126.9594619,36.85552681,,
2013,2013042906,주간,월,1,1,0,0,0,대전,대덕구,차량단독,공작물충돌,공작물충돌,안전운전 의무 불이행,단일로,기타단일로,승용차,없음,992980,1821622,127.4217212,36.39205198,,
2013,2013042621,야간,금,1,1,0,0,0,충남,서천군,차대사람,횡단중,횡단중,신호위반,교차로,교차로부근,승용차,보행자,928144,1787346,126.7019288,36.08039947,,
2013,2013032520,야간,월,1,1,0,0,0,충남,예산군,차대사람,차도통행중,차도통행중,안전운전 의무 불이행,단일로,기타단일로,승용차,보행자,929038,1854975,126.7056789,36.69010952,,
2013,2013060607,주간,목,1,1,0,0,0,충남,청양군,차대차,측면충돌,측면충돌,기타,교차로,교차로내,화물차,자전거,937631,1828869,126.8039739,36.45538216,,
2013,2013022122,야간,목,2,2,0,0,0,충남,논산시,차대차,정면충돌,정면충돌,중앙선 침범,교차로,교차로부근,승용차,승용차,969039,1801656,127.1555542,36.21157871,,
2013,2013032716,주간,수,1,2,1,0,0,충남,예산군,차대차,측면충돌,측면충돌,신호위반,교차로,교차로내,승용차,승용차,938650,1862767,126.8126387,36.76101727,,
2013,2013032823,야간,목,1,2,1,0,0,세종,세종,차량단독,기타,기타,안전운전 의무 불이행,교차로,교차로부근,승용차,없음,981971,1834015,127.2986737,36.50363397,,
2013,2013042712,주간,토,1,1,0,0,0,충남,부여군,차대차,기타,기타,신호위반,교차로,교차로내,승용차,원동기장치자전거,955266,1806292,127.002067,36.25283434,,
2013,2013012207,주간,화,1,1,0,0,0,충남,아산시,차대사람,기타,기타,안전운전 의무 불이행,기타/불명,기타/불명,승용차,보행자,956785,1861156,127.0159053,36.74749524,,
2013,2013061020,야간,월,1,1,0,0,0,충남,청양군,차대사람,횡단중,횡단중,안전운전 의무 불이행,단일로,기타단일로,승용차,보행자,949840,1822302,126.9406422,36.39689824,,
2013,2013052912,주간,수,1,1,0,0,0,충남,금산군,차대사람,기타,기타,과속,교차로,교차로내,화물차,보행자,1000777,1787192,127.50863,36.08167066,,
2013,2013061503,야간,토,1,1,0,0,0,충남,청양군,차대사람,기타,기타,안전운전 의무 불이행,단일로,기타단일로,승용차,보행자,936356,1832785,126.7894239,36.49059926,,
2013,2013101705,야간,목,1,1,0,0,0,충남,홍성군,차대차,추돌,진행중 추돌,안전운전 의무 불이행,단일로,기타단일로,승용차,화물차,918051,1836857,126.5846379,36.52590871,,
2013,2013040519,야간,금,1,1,0,0,0,충남,예산군,차량단독,공작물충돌,공작물충돌,안전운전 의무 불이행,교차로,교차로내,이륜차,없음,938897,1863217,126.8153698,36.76508959,,
2013,2013041005,야간,수,1,1,0,0,0,충남,공주시,차대사람,횡단중,횡단중,보행자 보호의무 위반,교차로,교차로부근,화물차,보행자,966668,1830387,127.127947,36.47051673,,
2013,2013040411,주간,목,1,1,0,0,0,세종,세종,차대차,측면충돌,측면충돌,기타,단일로,고가도로위,화물차,원동기장치자전거,982029,1843901,127.2990931,36.59275976,,
2013,2013050710,주간,화,1,1,0,0,0,충남,부여군,차대사람,기타,기타,안전운전 의무 불이행,단일로,기타단일로,농기계,보행자,936007,1801798,126.7880756,36.21123704,,
2013,2013051712,주간,금,1,4,2,1,0,충남,공주시,차대차,추돌,진행중 추돌,안전운전 의무 불이행,단일로,기타단일로,화물차,승용차,961283,1816288,127.0685442,36.3432143,,
2013,2013041401,야간,일,1,1,0,0,0,충남,공주시,차대사람,차도통행중,차도통행중,안전운전 의무 불이행,단일로,기타단일로,승용차,보행자,978434,1820105,127.2595642,36.37815937,,
2013,2013050907,주간,목,1,1,0,0,0,충남,부여군,차대차,기타,기타,교차로 통행방법 위반,교차로,교차로내,화물차,화물차,953811,1951580,126.9770075,37.56242079,,
2013,2013070420,야간,목,1,1,0,0,0,충남,청양군,차대차,정면충돌,정면충돌,중앙선 침범,단일로,기타단일로,화물차,승용차,939331,1828238,126.8229938,36.44980304,,
2013,2013021302,야간,수,1,1,0,0,0,충남,당진시,차대차,추돌,주정차중 추돌,안전운전 의무 불이행,교차로,교차로부근,승용차,건설기계,935721,1885786,126.7778747,36.96831459,,
2013,2013051008,주간,금,1,5,2,2,0,충남,부여군,차대차,측면충돌,측면충돌,기타,교차로,교차로내,승용차,화물차,946524,1808531,126.9046112,36.27257446,,
2013,2013070423,야간,목,1,1,0,0,0,충남,청양군,차대사람,횡단중,횡단중,안전운전 의무 불이행,단일로,기타단일로,승합차,보행자,939862,1831959,126.8286297,36.4833799,,
2013,2013022302,야간,토,1,1,0,0,0,대전,서구,차대사람,차도통행중,차도통행중,안전운전 의무 불이행,단일로,기타단일로,승용차,보행자,989156,1815137,127.3791709,36.33355171,,
2013,2013051822,야간,토,1,4,3,0,0,충남,공주시,차대차,기타,기타,기타,교차로,교차로부근,승용차,화물차,964569,1834040,127.1043499,36.50336956,,
2013,2013051107,주간,토,1,1,0,0,0,충남,부여군,차대사람,기타,기타,안전운전 의무 불이행,단일로,기타단일로,화물차,보행자,950368,1798032,126.948073,36.17812944,,
2013,2013020303,야간,일,1,2,1,0,0,충남,천안시,차량단독,전도전복,전도전복,안전운전 의무 불이행,단일로,교량위,승용차,없음,969874,1870076,127.1621727,36.82841156,,
2013,2013020203,야간,토,1,2,1,0,0,충남,서산시,차량단독,공작물충돌,공작물충돌,안전운전 의무 불이행,단일로,기타단일로,화물차,없음,916905,1856501,126.5697162,36.70288102,,
2013,2013041814,주간,목,1,1,0,0,0,충남,예산군,차대사람,횡단중,횡단중,안전운전 의무 불이행,단일로,기타단일로,승용차,보행자,928422,1860730,126.6982454,36.74193876,,
2013,2013052722,야간,월,1,1,0,0,0,충남,서천군,차량단독,도로이탈,도로이탈 추락,안전운전 의무 불이행,교차로,교차로부근,승용차,없음,928488,1784582,126.7059996,36.05550747,,
2013,2013033116,주간,일,1,1,0,0,0,충남,홍성군,차대차,기타,기타,안전운전 의무 불이행,기타/불명,기타/불명,이륜차,승용차,911083,1839508,126.5065129,36.54918517,,
2013,2013020403,야간,월,1,1,0,0,0,대전,동구,차량단독,공작물충돌,공작물충돌,안전운전 의무 불이행,단일로,기타단일로,승용차,없음,993579,1816365,127.4284439,36.34466231,,
2013,2013112818,야간,목,1,1,0,0,0,충남,서산시,차대차,기타,기타,안전운전 의무 불이행,단일로,기타단일로,승용차,승용차,916695,1864568,126.5664875,36.77557288,,
2013,2013042206,주간,월,1,1,0,0,0,충남,예산군,차량단독,기타,기타,안전운전 의무 불이행,단일로,기타단일로,승용차,없음,918682,1848110,126.5904986,36.62740002,,
2013,2013060504,야간,수,1,3,2,0,0,충남,천안시,차대차,추돌,진행중 추돌,안전운전 의무 불이행,단일로,기타단일로,화물차,화물차,979755,1859398,127.2732536,36.73241224,,
2013,2013080511,주간,월,1,3,0,2,0,충남,청양군,차대차,측면충돌,측면충돌,기타,교차로,교차로내,승용차,이륜차,950754,1823809,126.9507387,36.41053102,,
2013,2013080520,야간,월,1,1,0,0,0,충남,청양군,차대사람,길가장자리구역통행중,길가장자리구역통행중,안전운전 의무 불이행,단일로,기타단일로,승용차,보행자,943832,1820384,126.8737863,36.37927526,,
2013,2013012720,야간,일,1,1,0,0,0,충남,아산시,차량단독,도로이탈,도로이탈 추락,안전운전 의무 불이행,기타/불명,기타/불명,승용차,없음,954919,1867097,126.9946517,36.80096305,,
2013,2013071711,주간,수,1,3,1,1,0,충남,금산군,차대사람,기타,기타,안전운전 의무 불이행,단일로,기타단일로,승용차,보행자,992304,1796065,127.414435,36.16163725,,
2013,2013060114,주간,토,1,1,0,0,0,충남,부여군,차대사람,기타,기타,안전운전 의무 불이행,단일로,기타단일로,자전거,보행자,948112,1811214,126.9221125,36.29684856,,
2013,2013042715,주간,토,1,1,0,0,0,세종,세종,차량단독,전도전복,전도전복,안전운전 의무 불이행,교차로,교차로부근,건설기계,없음,990250,1836848,127.3910877,36.52929408,,
2013,2013031821,야간,월,1,1,0,0,0,충남,논산시,차대사람,횡단중,횡단중,안전운전 의무 불이행,단일로,기타단일로,화물차,보행자,958792,1796933,127.0418091,36.16862035,,
2013,2013072109,주간,일,1,1,0,0,0,충남,금산군,차량단독,공작물충돌,공작물충돌,안전운전 의무 불이행,단일로,기타단일로,승용차,없음,997469,1798287,127.4718529,36.18169736,,
2013,2013041102,야간,목,1,1,0,0,0,충남,홍성군,차대사람,차도통행중,차도통행중,안전운전 의무 불이행,단일로,기타단일로,승용차,보행자,926383,1845322,126.6768891,36.6028951,,
2013,2013050400,야간,토,1,2,0,1,0,충남,예산군,차량단독,공작물충돌,공작물충돌,안전운전 의무 불이행,단일로,기타단일로,승용차,없음,944824,1850191,126.8827152,36.64803226,,
2013,2013050419,야간,토,1,1,0,0,0,충남,예산군,차대사람,기타,기타,안전운전 의무 불이행,단일로,기타단일로,화물차,보행자,936051,1856174,126.7840737,36.70141532,,
2013,2013012913,주간,화,1,1,0,0,0,충남,아산시,차량단독,공작물충돌,공작물충돌,안전운전 의무 불이행,단일로,기타단일로,화물차,없음,955348,1859479,126.9999067,36.73231138,,
2013,2013050113,주간,수,1,1,0,0,0,충남,공주시,차대차,기타,기타,안전운전 의무 불이행,단일로,기타단일로,화물차,농기계,961901,1815429,127.075473,36.33549132,,
2013,2013050711,주간,화,1,1,0,0,0,세종,세종,차량단독,전도전복,전도전복,안전운전 의무 불이행,단일로,횡단보도부근,승용차,없음,983133,1831377,127.311707,36.47987319,,
2013,2013070321,야간,수,2,5,0,3,0,충남,공주시,차대차,기타,기타,안전운전 의무 불이행,단일로,기타단일로,화물차,승용차,963269,1829974,127.0900288,36.46667104,,
2013,2013083122,야간,토,1,1,0,0,0,충남,청양군,차대차,측면충돌,측면충돌,안전운전 의무 불이행,단일로,기타단일로,승용차,이륜차,938002,1828352,126.8081553,36.45074568,,
2013,2013070505,야간,금,1,3,1,1,0,충남,공주시,차량단독,공작물충돌,공작물충돌,안전운전 의무 불이행,단일로,기타단일로,승용차,없음,964988,1834574,127.1090055,36.50820078,,
2013,2013090209,주간,월,1,1,0,0,0,충남,청양군,차대차,측면충돌,측면충돌,기타,교차로,교차로내,특수차,이륜차,935205,1822750,126.7774135,36.40006101,,
2013,2013070604,야간,토,1,8,0,7,0,충남,공주시,차대차,추돌,진행중 추돌,안전운전 의무 불이행,단일로,기타단일로,화물차,승용차,965515,1842807,127.1145223,36.58244153,,
2013,2013050912,주간,목,2,4,2,0,0,충남,공주시,차량단독,전도전복,전도전복,안전운전 의무 불이행,단일로,기타단일로,승용차,없음,959270,1813166,127.0462755,36.31498226,,
2013,2013062412,주간,월,1,1,0,0,0,충남,부여군,차대사람,기타,기타,안전운전 의무 불이행,교차로,교차로내,승합차,보행자,947075,1809700,126.9106664,36.28314343,,
2013,2013051317,주간,월,1,1,0,0,0,세종,세종,차량단독,전도전복,전도전복,안전운전 의무 불이행,단일로,기타단일로,건설기계,없음,983141,1833703,127.3117456,36.50084258,,
2013,2013020116,주간,금,1,2,0,1,0,충남,아산시,차대차,정면충돌,정면충돌,중앙선 침범,단일로,기타단일로,화물차,화물차,955394,1868366,126.9999018,36.8124248,,
2013,2013052316,주간,목,2,2,0,0,0,충남,예산군,차대차,측면충돌,측면충돌,신호위반,교차로,교차로내,화물차,이륜차,920296,1849928,126.6083595,36.6439237,,
2013,2013070521,야간,금,2,3,1,0,0,충남,부여군,차량단독,도로이탈,도로이탈 추락,과속,교차로,교차로부근,승용차,없음,947934,1810768,126.9201599,36.29281826,,
2013,2013081917,주간,월,1,1,0,0,0,충남,금산군,차대차,기타,기타,안전운전 의무 불이행,교차로,교차로내,원동기장치자전거,화물차,998256,1791633,127.4806198,36.12170853,,
2013,2013092411,주간,화,1,1,0,0,0,충남,청양군,차량단독,전도전복,전도전복,안전운전 의무 불이행,단일로,기타단일로,농기계,없음,936853,1819427,126.7960606,36.370215,,
2013,2013071613,주간,화,1,1,0,0,0,대전,동구,차대차,기타,기타,안전운전 의무 불이행,단일로,기타단일로,화물차,승용차,998036,1804439,127.4781419,36.23716462,,
2013,2013013019,야간,수,1,1,0,0,0,충남,천안시,차대사람,횡단중,횡단중,안전운전 의무 불이행,단일로,기타단일로,승용차,보행자,971400,1875673,127.1790739,36.87891316,,
2013,2013022417,주간,일,1,1,0,0,0,충남,당진시,차량단독,공작물충돌,공작물충돌,안전운전 의무 불이행,단일로,기타단일로,승용차,없음,931550,1877375,126.7317816,36.89220596,,
2013,2013071717,주간,수,1,1,0,0,0,충남,부여군,차대차,측면충돌,측면충돌,교차로 통행방법 위반,교차로,교차로내,원동기장치자전거,승용차,933464,1802152,126.7597567,36.21425668,,
2013,2013040515,주간,금,1,1,0,0,0,충남,논산시,차량단독,전도전복,전도전복,안전운전 의무 불이행,교차로,교차로부근,화물차,없음,975338,1801721,127.2256242,36.21234768,,
2013,2013051923,야간,일,1,1,0,0,0,충남,공주시,차대사람,횡단중,횡단중,신호위반,교차로,교차로부근,승용차,보행자,967331,1827937,127.1354507,36.44845266,,
2013,2013011506,주간,화,1,1,0,0,0,대전,서구,차대사람,길가장자리구역통행중,길가장자리구역통행중,안전운전 의무 불이행,단일로,기타단일로,화물차,보행자,988260,1817274,127.3691572,36.35280982,,
2013,2013100710,주간,월,1,4,3,0,0,충남,청양군,차대차,정면충돌,정면충돌,중앙선 침범,단일로,기타단일로,승용차,승용차,956725,1826529,127.0171817,36.43533951,,
2013,2013030513,주간,화,1,2,1,0,0,대전,대덕구,차대차,추돌,진행중 추돌,과속,단일로,기타단일로,승합차,승용차,992425,1817972,127.4155636,36.35914167,,
2013,2013082922,야간,목,1,1,0,0,0,충남,금산군,차량단독,공작물충돌,공작물충돌,안전운전 의무 불이행,교차로,교차로부근,화물차,없음,999688,1782937,127.4965319,36.04330668,,
2013,2013050102,야간,수,1,1,0,0,0,충남,홍성군,차량단독,기타,기타,안전운전 의무 불이행,단일로,기타단일로,승용차,없음,930675,1847524,126.7246751,36.62306611,,
2013,2013052422,야간,금,2,7,4,1,0,충남,공주시,차량단독,공작물충돌,공작물충돌,안전운전 의무 불이행,단일로,기타단일로,승용차,없음,956904,1838749,127.0184973,36.54550946,,
2013,2013022221,야간,금,1,1,0,0,0,대전,동구,차대사람,횡단중,횡단중,기타,단일로,기타단일로,승용차,보행자,994916,1814757,127.4433507,36.33017079,,
2013,2013020621,야간,수,1,2,1,0,0,충남,아산시,차대차,정면충돌,정면충돌,신호위반,교차로,교차로내,승용차,승용차,964885,1866632,127.1063882,36.79719621,,
2013,2013052817,주간,화,1,1,0,0,0,세종,세종,차량단독,도로이탈,도로이탈 추락,안전운전 의무 불이행,교차로,교차로부근,이륜차,없음,976137,1845832,127.23316,36.61003476,,
2013,2013061018,야간,월,1,1,0,0,0,충남,예산군,차량단독,전도전복,전도전복,안전운전 의무 불이행,교차로,교차로부근,농기계,없음,933396,1849603,126.7549238,36.64200081,,
2013,2013102411,주간,목,1,1,0,0,0,충남,청양군,차량단독,전도전복,전도전복,안전운전 의무 불이행,단일로,기타단일로,농기계,없음,930721,1831169,126.7266598,36.47564076,,
2013,2013061300,야간,목,1,2,0,1,0,충남,예산군,차량단독,도로이탈,도로이탈 추락,안전운전 의무 불이행,단일로,기타단일로,승용차,없음,947169,1853841,126.9086971,36.68106809,,
2013,2013110314,주간,일,1,1,0,0,0,충남,청양군,차량단독,전도전복,전도전복,안전운전 의무 불이행,단일로,기타단일로,이륜차,없음,932875,1833730,126.7504799,36.49888012,,
2013,2013091616,주간,월,1,1,0,0,0,충남,금산군,차대차,기타,기타,중앙선 침범,교차로,교차로부근,이륜차,승합차,991814,1794611,127.4090023,36.14852441,,
2013,2013081912,주간,월,1,1,0,0,0,충남,부여군,차대차,기타,기타,중앙선 침범,기타/불명,기타/불명,이륜차,건설기계,945445,1808924,126.8925711,36.27605696,,
2013,2013052518,야간,토,1,1,0,0,0,충남,보령시,차량단독,공작물충돌,공작물충돌,안전운전 의무 불이행,단일로,기타단일로,이륜차,없음,920946,1819567,126.6187381,36.37030066,,
2013,2013081917,주간,월,1,3,1,1,0,충남,예산군,차대차,추돌,진행중 추돌,안전운전 의무 불이행,단일로,기타단일로,화물차,화물차,929101,1862819,126.7056528,36.76082075,,
2013,2013092417,주간,화,1,1,0,0,0,충남,금산군,차량단독,공작물충돌,공작물충돌,안전운전 의무 불이행,단일로,기타단일로,화물차,없음,1000989,1794003,127.5109932,36.14307691,,
2013,2013100111,주간,화,1,1,0,0,0,충남,금산군,차대차,기타,기타,안전운전 의무 불이행,교차로,교차로부근,이륜차,화물차,997380,1798941,127.4708609,36.18759337,,
2013,2013090319,야간,화,1,1,0,0,0,충남,부여군,차대사람,횡단중,횡단중,안전운전 의무 불이행,단일로,기타단일로,화물차,보행자,945884,1798633,126.8981701,36.1833073,,
2013,2013031605,야간,토,1,2,1,0,0,대전,대덕구,차대사람,횡단중,횡단중,안전운전 의무 불이행,단일로,기타단일로,승용차,보행자,993280,1823685,127.4250486,36.41065275,,
2013,2013051420,야간,화,1,1,0,0,0,충남,홍성군,차대차,정면충돌,정면충돌,중앙선 침범,단일로,기타단일로,화물차,승용차,920993,1833471,126.6178447,36.49563824,,
2013,2013082905,야간,목,1,3,1,1,0,충남,공주시,차대차,기타,기타,안전운전 의무 불이행,단일로,기타단일로,승용차,화물차,961578,1814966,127.0718968,36.33130806,,
2013,2013101420,야간,월,1,1,0,0,0,충남,금산군,차대사람,기타,기타,안전운전 의무 불이행,단일로,기타단일로,승용차,보행자,1002342,1797272,127.5260422,36.17254693,,
2013,2013102218,야간,화,1,1,0,0,0,충남,금산군,차대사람,기타,기타,안전운전 의무 불이행,단일로,기타단일로,승용차,보행자,1000669,1780804,127.5074251,36.0240774,,
2013,2013092421,야간,화,1,1,0,0,0,충남,부여군,차대사람,길가장자리구역통행중,길가장자리구역통행중,안전운전 의무 불이행,단일로,기타단일로,승용차,보행자,942070,1812558,126.8547253,36.30862045,,
2013,2013052120,야간,화,1,1,0,0,0,충남,홍성군,차대차,추돌,진행중 추돌,안전운전 의무 불이행,단일로,기타단일로,이륜차,농기계,925734,1846830,126.6694876,36.61643799,,
2013,2013100113,주간,화,1,1,0,0,0,충남,부여군,차량단독,공작물충돌,공작물충돌,안전운전 의무 불이행,단일로,기타단일로,화물차,없음,943132,1811708,126.8666161,36.30102102,,
2013,2013110318,야간,일,1,2,1,0,0,충남,금산군,차량단독,전도전복,전도전복,안전운전 의무 불이행,교차로,교차로부근,화물차,없음,999862,1792453,127.4984663,36.12910301,,
2013,2013061521,야간,토,1,1,0,0,0,충남,보령시,차대사람,횡단중,횡단중,안전운전 의무 불이행,단일로,기타단일로,승합차,보행자,921152,1801505,126.6228585,36.20749864,,
2013,2013091723,야간,화,1,1,0,0,0,충남,논산시,차대차,기타,기타,안전운전 의무 불이행,단일로,기타단일로,화물차,승용차,964273,1786066,127.1032367,36.07086609,,
2013,2013072016,주간,토,1,1,0,0,0,충남,예산군,차량단독,도로이탈,도로이탈 기타,안전운전 의무 불이행,단일로,기타단일로,이륜차,없음,932773,1855738,126.7474167,36.69725885,,
2013,2013022703,야간,수,1,1,0,0,0,대전,중구,차대사람,횡단중,횡단중,안전운전 의무 불이행,단일로,기타단일로,승용차,보행자,992230,1815274,127.4134215,36.33481654,,
2013,2013030315,주간,일,1,4,3,0,0,충남,태안군,차량단독,도로이탈,도로이탈 기타,안전운전 의무 불이행,단일로,기타단일로,승용차,없음,889636,1863161,126.2635223,36.76012924,,
2013,2013061705,야간,월,1,2,0,1,0,충남,보령시,차량단독,공작물충돌,공작물충돌,안전운전 의무 불이행,단일로,기타단일로,농기계,없음,913789,1814173,126.5395618,36.32106321,,
2013,2013072701,야간,토,1,1,0,0,0,충남,예산군,차량단독,기타,기타,안전운전 의무 불이행,단일로,기타단일로,이륜차,없음,942054,1860568,126.8509416,36.74140919,,
2013,2013031821,야간,월,1,1,0,0,0,충남,당진시,차량단독,도로이탈,도로이탈 추락,안전운전 의무 불이행,단일로,기타단일로,승용차,없음,928650,1879739,126.6990171,36.91329858,,
2013,2013092619,야간,목,1,1,0,0,0,충남,서천군,차대사람,횡단중,횡단중,안전운전 의무 불이행,기타/불명,기타/불명,승용차,보행자,930444,1781099,126.7280207,36.02425257,,
2013,2013032321,야간,토,1,1,0,0,0,충남,당진시,차대사람,횡단중,횡단중,안전운전 의무 불이행,단일로,기타단일로,화물차,보행자,934615,1885455,126.7654792,36.96525483,,