발생년,발생년월일시,주야,요일,사망자수,사상자수,중상자수,경상자수,부상신고자수,발생지시도,발생지시군구,사고유형_대분류,사고유형_중분류,사고유형,법규위반,도로형태_대분류,도로형태,당사자종별_1당_대분류,당사자종별_2당_대분류,발생위치X_UTMK,발생위치Y_UTMK,경도,위도,,
2013,2013052014,주간,월,1,2,1,0,0,충남,서산시,차대차,정면충돌,정면충돌,중앙선 침범,교차로,교차로부근,이륜차,화물차,903509,1860300,126.4192851,36.73585611,,
2013,2013101019,야간,목,1,1,0,0,0,대전,서구,차대사람,기타,기타,안전운전 의무 불이행,단일로,기타단일로,승합차,보행자,987784,1812250,127.3639287,36.30750771,,
2013,2013080116,주간,목,1,1,0,0,0,대전,대덕구,차대사람,기타,기타,안전운전 의무 불이행,단일로,기타단일로,화물차,보행자,992956,1824572,127.4214268,36.41864701,,
2013,2013060620,야간,목,1,1,0,0,0,충남,천안시,차대사람,횡단중,횡단중,안전운전 의무 불이행,단일로,기타단일로,화물차,보행자,967349,1868287,127.1339352,36.81220077,,
2013,2013101200,야간,토,1,1,0,0,0,대전,서구,차대사람,기타,기타,안전운전 의무 불이행,단일로,기타단일로,화물차,보행자,989083,1814066,127.3783725,36.32389536,,
2013,2013053120,야간,금,1,1,0,0,0,대전,동구,차대차,측면충돌,측면충돌,안전거리 미확보,교차로,교차로내,자전거,승합차,996021,1811684,127.4556816,36.30247417,,
2013,2013100917,주간,수,1,1,0,0,0,충남,논산시,차량단독,도로이탈,도로이탈 추락,안전운전 의무 불이행,단일로,기타단일로,이륜차,없음,966203,1805310,127.1238451,36.24442513,,
2013,2013101018,야간,목,1,1,0,0,0,충남,논산시,차대사람,횡단중,횡단중,보행자 보호의무 위반,단일로,횡단보도상,승합차,보행자,963987,1798538,127.0994943,36.18329366,,
2013,2013060420,야간,화,1,1,0,0,0,대전,동구,차대사람,횡단중,횡단중,안전운전 의무 불이행,교차로,교차로부근,화물차,보행자,994164,1816113,127.4349651,36.34239415,,
2013,2013111717,주간,일,1,1,0,0,0,충남,홍성군,차대사람,횡단중,횡단중,안전운전 의무 불이행,단일로,기타단일로,화물차,보행자,907634,1839881,126.4679374,36.55221999,,
2013,2013062922,야간,토,1,1,0,0,0,충남,당진시,차량단독,기타,기타,안전운전 의무 불이행,단일로,기타단일로,승용차,없음,927255,1878556,126.6834695,36.9025297,,
2013,2013102116,주간,월,1,1,0,0,0,대전,서구,차대차,추돌,주정차중 추돌,중앙선 침범,단일로,기타단일로,승용차,승합차,986578,1812048,127.3504988,36.30567055,,
2013,2013072110,주간,일,1,1,0,0,0,충남,아산시,차대차,측면충돌,측면충돌,신호위반,교차로,교차로내,이륜차,승용차,956557,1865868,127.0130862,36.78996455,,
2013,2013082103,야간,수,2,3,1,0,0,대전,대덕구,차대차,측면충돌,측면충돌,안전운전 의무 불이행,단일로,기타단일로,승용차,화물차,992306,1826583,127.4141563,36.43677176,,
2013,2013041812,주간,목,1,2,1,0,0,충남,천안시,차대차,측면충돌,측면충돌,기타,교차로,교차로내,승용차,승용차,974937,1878169,127.2186802,36.90151387,,
2013,2013110808,주간,금,1,10,2,7,0,대전,서구,차대사람,기타,기타,안전운전 의무 불이행,단일로,기타단일로,승합차,보행자,987852,1812220,127.3646866,36.30723811,,
2013,2013110719,야간,목,1,3,0,2,0,충남,논산시,차대사람,횡단중,횡단중,안전운전 의무 불이행,단일로,기타단일로,승용차,보행자,964762,1805234,127.1078119,36.24368937,,
2013,2013072507,주간,목,1,2,1,0,0,충남,아산시,차대차,정면충돌,정면충돌,중앙선 침범,단일로,기타단일로,승용차,승용차,949752,1867007,126.9367391,36.79989156,,
2013,2013072516,주간,목,1,1,0,0,0,충남,아산시,차량단독,공작물충돌,공작물충돌,안전운전 의무 불이행,교차로,교차로부근,승용차,없음,942493,1872697,126.8549424,36.85076875,,
2013,2013062523,야간,화,1,1,0,0,0,충남,천안시,차대사람,횡단중,횡단중,안전운전 의무 불이행,단일로,기타단일로,승용차,보행자,966833,1864825,127.128301,36.78097445,,
2013,2013111021,야간,일,1,1,0,0,0,충남,논산시,차량단독,공작물충돌,공작물충돌,안전운전 의무 불이행,단일로,기타단일로,승용차,없음,963941,1794781,127.0991553,36.14942081,,
2013,2013111208,주간,화,1,1,0,0,0,충남,논산시,차대차,추돌,진행중 추돌,안전운전 의무 불이행,교차로,교차로부근,이륜차,승합차,976480,1793296,127.2385838,36.13642072,,
2013,2013071611,주간,화,2,3,0,1,0,충남,당진시,차대차,정면충돌,정면충돌,안전운전 의무 불이행,단일로,기타단일로,화물차,화물차,936677,1863942,126.7904361,36.77148268,,
2013,2013111318,야간,수,1,1,0,0,0,충남,논산시,차대차,추돌,진행중 추돌,안전운전 의무 불이행,단일로,기타단일로,화물차,원동기장치자전거,962805,1803580,127.0861102,36.22870459,,
2013,2013062621,야간,수,1,2,1,0,0,충남,천안시,차대사람,기타,기타,안전운전 의무 불이행,단일로,기타단일로,이륜차,보행자,975610,1860639,127.2267966,36.74350564,,
2013,2013061715,주간,월,1,1,0,0,0,대전,중구,차대사람,횡단중,횡단중,보행자 보호의무 위반,교차로,교차로내,화물차,보행자,993755,1814476,127.4304204,36.32763332,,
2013,2013072308,주간,화,1,1,0,0,0,충남,아산시,차대차,기타,기타,신호위반,교차로,교차로부근,승용차,자전거,944510,1861297,126.878397,36.74812746,,
2013,2013122719,야간,금,1,1,0,0,0,충남,홍성군,차대사람,기타,기타,안전운전 의무 불이행,단일로,기타단일로,화물차,보행자,920888,1832590,126.6167627,36.48768812,,
2013,2013072219,야간,월,2,7,4,1,0,충남,당진시,차대차,정면충돌,정면충돌,중앙선 침범,단일로,기타단일로,승용차,승용차,930091,1881367,126.7150377,36.92808082,,
2013,2013060920,야간,일,1,5,1,3,0,충남,서산시,차대차,추돌,주정차중 추돌,안전운전 의무 불이행,교차로,교차로부근,승용차,승용차,905775,1878686,126.4423828,36.90179996,,
2013,2013022819,야간,목,1,1,0,0,0,대전,유성구,차대사람,횡단중,횡단중,안전운전 의무 불이행,단일로,기타단일로,승용차,보행자,983436,1811708,127.315509,36.30255641,,
2013,2013072407,주간,수,1,3,1,1,0,충남,당진시,차대차,기타,기타,안전거리 미확보,단일로,기타단일로,승용차,특수차,922330,1878135,126.6282407,36.89834317,,
2013,2013062007,주간,목,1,1,0,0,0,대전,중구,차대사람,보도통행중,보도통행중,보행자 보호의무 위반,단일로,기타단일로,승용차,보행자,992103,1816258,127.4119964,36.34368668,,
2013,2013120315,주간,화,1,3,1,1,0,충남,논산시,차대차,추돌,진행중 추돌,안전운전 의무 불이행,단일로,기타단일로,화물차,화물차,965640,1806371,127.1175336,36.25397148,,
2013,2013120823,야간,일,1,1,0,0,0,충남,논산시,차대사람,기타,기타,안전운전 의무 불이행,단일로,기타단일로,승용차,보행자,971501,1801588,127.1829464,36.21104135,,
2013,2013081116,주간,일,1,5,4,0,0,충남,아산시,차대차,정면충돌,정면충돌,중앙선 침범,단일로,기타단일로,승용차,승용차,961605,1856983,127.0701073,36.71008476,,
2013,2013121706,주간,화,1,1,0,0,0,충남,논산시,차대사람,횡단중,횡단중,과속,단일로,횡단보도상,화물차,보행자,960039,1801679,127.055428,36.2114515,,
2013,2013121814,주간,수,1,4,2,1,0,충남,논산시,차대차,측면충돌,측면충돌,교차로 통행방법 위반,교차로,교차로내,승용차,승용차,963311,1787000,127.0925147,36.07924723,,
2013,2013121822,야간,수,1,1,0,0,0,충남,계룡시,차대사람,횡단중,횡단중,안전운전 의무 불이행,교차로,교차로부근,승용차,보행자,976846,1809461,127.2421763,36.28216299,,
2013,2013081808,주간,일,1,1,0,0,0,충남,아산시,차량단독,전도전복,전도전복,안전운전 의무 불이행,교차로,교차로내,농기계,없음,964106,1863834,127.0977871,36.77194162,,
2013,2013122313,주간,월,1,1,0,0,0,충남,논산시,차대사람,횡단중,횡단중,안전운전 의무 불이행,교차로,교차로내,이륜차,보행자,963221,1799725,127.0909201,36.19396617,,
2013,2013080912,주간,금,1,3,1,0,1,충남,당진시,차대차,정면충돌,정면충돌,중앙선 침범,단일로,기타단일로,화물차,승용차,911607,1894938,126.5059329,37.04884297,,
2013,2013082204,야간,목,1,1,0,0,0,충남,아산시,차대사람,기타,기타,안전운전 의무 불이행,단일로,기타단일로,화물차,보행자,948768,1863453,126.9259483,36.76780198,,
2013,2013030519,야간,화,1,1,0,0,0,대전,유성구,차대사람,횡단중,횡단중,안전운전 의무 불이행,교차로,교차로부근,승용차,보행자,983290,1813640,127.3138414,36.3199717,,
2013,2013062501,야간,화,1,2,1,0,0,충남,서산시,차대차,측면충돌,측면충돌,기타,교차로,교차로내,승용차,승용차,907147,1865566,126.4593841,36.78368318,,
2013,2013082404,야간,토,1,1,0,0,0,충남,아산시,차대차,추돌,진행중 추돌,안전운전 의무 불이행,단일로,기타단일로,승용차,화물차,955573,1880177,127.001217,36.91890103,,
2013,2013081421,야간,수,1,1,0,0,0,충남,당진시,차대사람,차도통행중,차도통행중,안전운전 의무 불이행,단일로,기타단일로,승합차,보행자,932804,1876559,126.7459265,36.88494083,,
2013,2013070519,야간,금,1,1,0,0,0,대전,중구,차대사람,길가장자리구역통행중,길가장자리구역통행중,안전운전 의무 불이행,단일로,기타단일로,화물차,보행자,992851,1808977,127.4203988,36.27805092,,
2013,2013081519,야간,목,1,1,0,0,0,충남,당진시,차대사람,기타,기타,안전운전 의무 불이행,단일로,기타단일로,승용차,보행자,927116,1884994,126.6812867,36.96055219,,
2013,2013062913,주간,토,1,8,5,2,0,충남,태안군,차대차,정면충돌,정면충돌,중앙선 침범,단일로,기타단일로,화물차,승합차,900057,1828377,126.384777,36.44776619,,
2013,2013062918,야간,토,1,4,3,0,0,충남,태안군,차대차,정면충돌,정면충돌,중앙선 침범,단일로,기타단일로,승용차,승용차,881229,1864637,126.1691257,36.77241548,,
2013,2013090103,야간,일,1,1,0,0,0,충남,아산시,차대사람,횡단중,횡단중,안전운전 의무 불이행,단일로,기타단일로,승용차,보행자,958729,1863189,127.0375714,36.76590832,,
2013,2013070323,야간,수,1,3,0,2,0,충남,서산시,차량단독,전도전복,전도전복,안전운전 의무 불이행,단일로,기타단일로,승용차,없음,900534,1888357,126.3822931,36.98842454,,
2013,2013070416,주간,목,1,1,0,0,0,충남,서산시,차대차,기타,기타,신호위반,교차로,교차로내,화물차,화물차,909520,1868336,126.4856456,36.80887975,,
2013,2013083119,야간,토,1,1,0,0,0,충남,당진시,차대사람,횡단중,횡단중,보행자 보호의무 위반,교차로,교차로부근,승용차,보행자,922209,1877169,126.6269785,36.88962519,,
2013,2013112606,주간,화,1,1,0,0,0,대전,대덕구,차대사람,횡단중,횡단중,안전운전 의무 불이행,단일로,기타단일로,승용차,보행자,993194,1826206,127.4240672,36.43337972,,
2013,2013081400,야간,수,1,2,1,0,0,충남,천안시,차대차,기타,기타,신호위반,교차로,교차로내,승용차,승합차,970387,1862989,127.168201,36.76454138,,
2013,2013091921,야간,목,1,1,0,0,0,충남,당진시,차대사람,기타,기타,안전운전 의무 불이행,단일로,기타단일로,승용차,보행자,908595,1892814,126.4723206,37.02941358,,
2013,2013081805,야간,일,1,1,0,0,0,충남,천안시,차대사람,기타,기타,안전운전 의무 불이행,교차로,교차로내,화물차,보행자,968618,1867984,127.1481748,36.8095123,,
2013,2013100518,야간,토,1,1,0,0,0,충남,아산시,차대사람,횡단중,횡단중,안전운전 의무 불이행,단일로,기타단일로,승용차,보행자,949407,1876956,126.9322126,36.8895512,,
2013,2013100618,야간,일,1,1,0,0,0,충남,아산시,차대사람,횡단중,횡단중,안전운전 의무 불이행,단일로,기타단일로,화물차,보행자,951007,1866336,126.9508497,36.79390874,,
2013,2013071911,주간,금,1,1,0,0,0,충남,태안군,차대차,기타,기타,안전운전 의무 불이행,교차로,교차로부근,승용차,원동기장치자전거,887765,1861332,126.2428339,36.74342548,,
2013,2013082112,주간,수,1,1,0,0,0,충남,천안시,차대차,추돌,진행중 추돌,신호위반,교차로,교차로내,승용차,이륜차,976175,1860550,127.2331281,36.74271769,,
2013,2013100808,주간,화,1,4,1,2,0,충남,아산시,차대차,측면충돌,측면충돌,신호위반,교차로,교차로내,승합차,승용차,956402,1871392,127.011029,36.83974926,,
2013,2013080618,야간,화,1,1,0,0,0,대전,중구,차대사람,횡단중,횡단중,안전운전 의무 불이행,단일로,기타단일로,화물차,보행자,991185,1815054,127.4017799,36.33282414,,
2013,2013092817,주간,토,1,1,0,0,0,충남,당진시,차대차,측면충돌,측면충돌,신호위반,교차로,교차로내,자전거,승용차,923113,1876950,126.637145,36.88772532,,
2013,2013072722,야간,토,1,1,0,0,0,충남,서산시,차량단독,전도전복,전도전복,안전운전 의무 불이행,단일로,기타단일로,이륜차,없음,913858,1851528,126.5361675,36.65778478,,
2013,2013090216,주간,월,1,3,2,0,0,대전,동구,차량단독,공작물충돌,공작물충돌,안전운전 의무 불이행,단일로,기타단일로,승용차,없음,1000115,1817170,127.5012817,36.35194114,,
2013,2013100316,주간,목,1,1,0,0,0,충남,당진시,차대차,측면충돌,측면충돌,교차로 통행방법 위반,교차로,교차로내,원동기장치자전거,승용차,938615,1870447,126.8116274,36.83024321,,
2013,2013081317,주간,화,1,1,0,0,0,대전,중구,차량단독,공작물충돌,공작물충돌,안전운전 의무 불이행,단일로,기타단일로,승용차,없음,991691,1816132,127.4074064,36.34254727,,
2013,2013082907,주간,목,1,1,0,0,0,충남,천안시,차대사람,기타,기타,안전운전 의무 불이행,단일로,기타단일로,승용차,보행자,967603,1865247,127.1369122,36.78480525,,
2013,2013080323,야간,토,1,1,0,0,0,충남,태안군,차량단독,도로이탈,도로이탈 추락,안전운전 의무 불이행,단일로,기타단일로,화물차,없음,901436,1832171,126.399679,36.48210646,,
2013,2013080705,야간,수,2,3,1,0,0,충남,태안군,차대사람,기타,기타,안전운전 의무 불이행,단일로,기타단일로,승용차,보행자,895660,1834382,126.3349117,36.50142299,,
2013,2013101819,야간,금,1,1,0,0,0,충남,아산시,차량단독,도로이탈,도로이탈 기타,안전운전 의무 불이행,단일로,기타단일로,화물차,없음,954387,1853382,126.9895077,36.67730415,,
2013,2013090706,주간,토,1,1,0,0,0,충남,천안시,차대차,추돌,주정차중 추돌,안전운전 의무 불이행,단일로,기타단일로,이륜차,승합차,969529,1868159,127.1583808,36.81111962,,
2013,2013091403,야간,토,1,1,0,0,0,대전,동구,차대사람,횡단중,횡단중,과속,단일로,기타단일로,화물차,보행자,993254,1816030,127.4248206,36.34164082,,
2013,2013101616,주간,수,1,1,0,0,0,충남,당진시,차대사람,기타,기타,안전운전 의무 불이행,단일로,기타단일로,화물차,보행자,921793,1876943,126.6223337,36.88755374,,
2013,2013102423,야간,목,1,2,1,0,0,충남,아산시,차량단독,공작물충돌,공작물충돌,안전운전 의무 불이행,단일로,기타단일로,이륜차,없음,960683,1869430,127.0591425,36.82225074,,
2013,2013102706,주간,일,1,3,0,2,0,충남,당진시,차대차,추돌,진행중 추돌,안전거리 미확보,단일로,기타단일로,승용차,농기계,925266,1878708,126.661131,36.90374424,,
2013,2013090405,야간,수,1,1,0,0,0,대전,중구,차대사람,횡단중,횡단중,안전운전 의무 불이행,단일로,기타단일로,승용차,보행자,992028,1814015,127.4111835,36.32346445,,
2013,2013040115,주간,월,1,1,0,0,0,대전,유성구,차대사람,횡단중,횡단중,안전운전 의무 불이행,단일로,기타단일로,승용차,보행자,986025,1816798,127.3442541,36.34848592,,
2013,2013110505,야간,화,1,1,0,0,0,충남,아산시,차대차,추돌,주정차중 추돌,안전운전 의무 불이행,기타/불명,기타/불명,화물차,화물차,959683,1866741,127.0480724,36.79796882,,
2013,2013110108,주간,금,1,1,0,0,0,충남,당진시,차량단독,도로이탈,도로이탈 기타,안전운전 의무 불이행,교차로,교차로부근,원동기장치자전거,없음,915311,1876256,126.5496794,36.88079938,,
2013,2013093023,야간,월,1,1,0,0,0,충남,천안시,차대차,추돌,진행중 추돌,안전운전 의무 불이행,단일로,기타단일로,승용차,원동기장치자전거,969751,1869535,127.160815,36.82353077,,
2013,2013110922,야간,토,1,1,0,0,0,충남,아산시,차량단독,공작물충돌,공작물충돌,안전운전 의무 불이행,단일로,교량위,승용차,없음,959790,1871937,127.048997,36.84481231,,
2013,2013100207,주간,수,1,1,0,0,0,충남,천안시,차대사람,횡단중,횡단중,보행자 보호의무 위반,단일로,기타단일로,화물차,보행자,976379,1864025,127.2353056,36.77404888,,
2013,2013083008,주간,금,1,1,0,0,0,충남,태안군,차대사람,길가장자리구역통행중,길가장자리구역통행중,안전운전 의무 불이행,단일로,기타단일로,건설기계,보행자,890902,1862781,126.2777575,36.75685094,,
2013,2013111406,주간,목,1,1,0,0,0,충남,아산시,차대사람,횡단중,횡단중,안전운전 의무 불이행,단일로,기타단일로,승용차,보행자,960230,1864193,127.0543367,36.77502306,,
2013,2013082202,야간,목,1,1,0,0,0,충남,서산시,차량단독,전도전복,전도전복,안전운전 의무 불이행,교차로,교차로내,화물차,없음,906350,1873889,126.4494238,36.8586241,,
2013,2013091621,야간,월,1,1,0,0,0,대전,중구,차대차,측면충돌,측면충돌,중앙선 침범,단일로,기타단일로,승용차,승용차,991608,1812273,127.4065231,36.30775596,,
2013,2013062722,야간,목,1,1,0,0,0,충남,천안시,차대차,기타,기타,신호위반,교차로,교차로내,화물차,원동기장치자전거,971870,1873047,127.1844452,36.85525522,,
2013,2013102206,주간,화,1,1,0,0,0,대전,동구,차대사람,차도통행중,차도통행중,안전운전 의무 불이행,단일로,기타단일로,승용차,보행자,993637,1816846,127.4290864,36.34899911,,
2013,2013112206,주간,금,1,1,0,0,0,충남,당진시,차대차,추돌,주정차중 추돌,안전운전 의무 불이행,단일로,기타단일로,화물차,화물차,937684,1875914,126.8007391,36.87946172,,
2013,2013112502,야간,월,1,1,0,0,0,충남,당진시,차량단독,공작물충돌,공작물충돌,안전운전 의무 불이행,단일로,기타단일로,승용차,없음,922133,1878029,126.6260373,36.89737057,,
2013,2013112818,야간,목,1,1,0,0,0,충남,아산시,차대사람,횡단중,횡단중,안전운전 의무 불이행,기타/불명,기타/불명,승합차,보행자,961489,1864174,127.0684457,36.7749038,,
2013,2013102515,주간,금,1,1,0,0,0,대전,동구,차대사람,횡단중,횡단중,안전운전 의무 불이행,단일로,기타단일로,승용차,보행자,996542,1813882,127.4614748,36.32229219,,
2013,2013112619,야간,화,1,2,1,0,0,충남,당진시,차대차,정면충돌,정면충돌,중앙선 침범,기타/불명,기타/불명,농기계,승용차,933654,1871527,126.7559044,36.83964315,,
2013,2013112618,야간,화,1,1,0,0,0,충남,당진시,차대사람,길가장자리구역통행중,길가장자리구역통행중,안전운전 의무 불이행,단일로,기타단일로,화물차,보행자,936681,1875177,126.7895431,36.87275259,,
2013,2013120605,야간,금,1,1,0,0,0,충남,아산시,차대사람,횡단중,횡단중,보행자 보호의무 위반,단일로,기타단일로,승용차,보행자,962494,1869461,127.079447,36.82260374,,
2013,2013041322,야간,토,1,1,0,0,0,대전,서구,차량단독,공작물충돌,공작물충돌,안전운전 의무 불이행,단일로,기타단일로,승용차,없음,989144,1816506,127.3790181,36.34589367,,
2013,2013120518,야간,목,1,1,0,0,0,충남,당진시,차대사람,횡단중,횡단중,보행자 보호의무 위반,교차로,교차로부근,승용차,보행자,922220,1877159,126.627103,36.88953596,,
2013,2013041503,야간,월,1,1,0,0,0,대전,서구,차량단독,공작물충돌,공작물충돌,안전운전 의무 불이행,교차로,교차로내,화물차,없음,991180,1816379,127.4017092,36.34476953,,
2013,2013092801,야간,토,1,1,0,0,0,대전,중구,차대사람,기타,기타,안전운전 의무 불이행,교차로,교차로부근,승용차,보행자,990498,1813361,127.3941457,36.31755447,,
2013,2013121519,야간,일,1,1,0,0,0,충남,아산시,차대사람,횡단중,횡단중,안전운전 의무 불이행,교차로,교차로내,화물차,보행자,957816,1864298,127.0272804,36.77586517,,
2013,2013091913,주간,목,1,1,0,0,0,충남,서산시,차량단독,전도전복,전도전복,안전운전 의무 불이행,단일로,기타단일로,농기계,없음,903111,1858981,126.4149955,36.72392711,,
2013,2013091923,야간,목,1,1,0,0,0,충남,서산시,차대사람,횡단중,횡단중,안전운전 의무 불이행,기타/불명,기타/불명,승용차,보행자,909928,1862679,126.4908867,36.7579283,,
2013,2013121500,야간,일,1,1,0,0,0,충남,당진시,차대사람,횡단중,횡단중,안전운전 의무 불이행,단일로,횡단보도부근,화물차,보행자,925204,1878714,126.6604345,36.90379611,,
2013,2013121419,야간,토,1,2,1,0,0,충남,당진시,차대사람,기타,기타,안전운전 의무 불이행,단일로,기타단일로,승합차,보행자,926378,1869241,126.6745323,36.81849811,,
2013,2013121618,야간,월,1,1,0,0,0,충남,당진시,차대사람,기타,기타,안전운전 의무 불이행,기타/불명,기타/불명,승용차,보행자,932338,1882315,126.7401831,36.9367908,,
2013,2013100718,야간,월,1,1,0,0,0,대전,중구,차대사람,횡단중,횡단중,과속,단일로,기타단일로,승용차,보행자,993273,1814556,127.4250495,36.32835131,,
2013,2013111317,주간,수,1,4,3,0,0,충남,천안시,차대차,기타,기타,기타,단일로,기타단일로,승합차,화물차,970989,1871465,127.1746229,36.84096762,,
2013,2013122502,야간,수,1,1,0,0,0,충남,아산시,차대차,추돌,진행중 추돌,안전운전 의무 불이행,단일로,기타단일로,승용차,화물차,952398,1871281,126.966131,36.8385555,,
2013,2013122418,야간,화,1,1,0,0,0,충남,아산시,차량단독,전도전복,전도전복,안전운전 의무 불이행,단일로,기타단일로,이륜차,없음,953453,1858374,126.9787511,36.72225933,,
2013,2013091316,주간,금,1,1,0,0,0,충남,태안군,차대차,기타,기타,안전운전 의무 불이행,단일로,기타단일로,화물차,원동기장치자전거,885120,1862667,126.2130125,36.75514056,,
2013,2013092518,야간,수,1,1,0,0,0,충남,태안군,차대사람,횡단중,횡단중,안전운전 의무 불이행,단일로,기타단일로,승용차,보행자,894825,1862339,126.3217599,36.75331056,,
2013,2013041921,야간,금,1,1,0,0,0,대전,유성구,차대사람,기타,기타,안전운전 의무 불이행,단일로,기타단일로,승용차,보행자,985034,1817947,127.3331877,36.35882968,,
2013,2013101018,야간,목,1,1,0,0,0,대전,중구,차대사람,횡단중,횡단중,보행자 보호의무 위반,교차로,교차로부근,승합차,보행자,990056,1812855,127.3892282,36.31298819,,
2013,2013092818,야간,토,1,1,0,0,0,충남,서산시,차대차,정면충돌,정면충돌,중앙선 침범,단일로,기타단일로,승용차,승합차,919430,1868838,126.5966783,36.81430025,,
2013,2013122723,야간,금,1,1,0,0,0,충남,당진시,차량단독,공작물충돌,공작물충돌,안전운전 의무 불이행,단일로,기타단일로,화물차,없음,933584,1883013,126.7541127,36.94317109,,
2013,2013123016,주간,월,1,2,1,0,0,충남,당진시,차대차,정면충돌,정면충돌,중앙선 침범,단일로,기타단일로,승합차,승용차,921257,1870768,126.6169598,36.83185038,,
2013,2013100209,주간,수,1,1,0,0,0,충남,태안군,차대사람,횡단중,횡단중,보행자 보호의무 위반,단일로,기타단일로,화물차,보행자,892094,1862555,126.2911409,36.75495047,,
2013,2013113019,야간,토,1,1,0,0,0,대전,동구,차대사람,횡단중,횡단중,과속,단일로,기타단일로,승용차,보행자,994571,1813424,127.4395205,36.31815131,,
2013,2013101822,야간,금,1,1,0,0,0,대전,중구,차대사람,횡단중,횡단중,안전운전 의무 불이행,단일로,횡단보도상,승용차,보행자,990365,1814347,127.3926519,36.32644238,,
2013,2013072221,야간,월,1,5,0,4,0,충남,천안시,차대차,추돌,주정차중 추돌,안전운전 의무 불이행,교차로,교차로부근,승용차,승용차,964847,1867119,127.1059387,36.80158216,,
2013,2013042909,주간,월,1,1,0,0,0,대전,유성구,차대차,측면충돌,측면충돌,신호위반,교차로,교차로내,승합차,승용차,986205,1817243,127.3462522,36.35250036,,
2013,2013102512,주간,금,1,3,2,0,0,충남,태안군,차대차,측면충돌,측면충돌,안전운전 의무 불이행,단일로,기타단일로,화물차,승용차,891772,1861948,126.2876204,36.74944301,,
2013,2013080212,주간,금,1,1,0,0,0,충남,천안시,차대사람,기타,기타,안전운전 의무 불이행,단일로,기타단일로,화물차,보행자,967963,1869719,127.1407586,36.82513056,,
2013,2013080305,야간,토,1,1,0,0,0,충남,천안시,차대사람,기타,기타,안전운전 의무 불이행,단일로,기타단일로,승용차,보행자,965119,1868340,127.1089317,36.81259895,,
2013,2013080706,주간,수,1,1,0,0,0,충남,천안시,차대차,기타,기타,안전운전 의무 불이행,기타/불명,기타/불명,원동기장치자전거,승용차,967183,1869055,127.132041,36.81911818,,
2013,2013110321,야간,일,1,1,0,0,0,충남,서산시,차량단독,전도전복,전도전복,안전운전 의무 불이행,단일로,기타단일로,승용차,없음,905843,1880718,126.4428921,36.92012302,,
2013,2013110418,야간,월,1,1,0,0,0,충남,서산시,차량단독,도로이탈,도로이탈 추락,안전운전 의무 불이행,단일로,기타단일로,자전거,없음,915387,1851378,126.5532897,36.65656993,,
2013,2013111319,야간,수,1,1,0,0,0,충남,태안군,차대사람,횡단중,횡단중,안전운전 의무 불이행,단일로,기타단일로,승용차,보행자,891295,1864489,126.2819104,36.77228799,,
2013,2013111418,야간,목,1,1,0,0,0,충남,서산시,차대차,추돌,진행중 추돌,안전운전 의무 불이행,단일로,기타단일로,승용차,농기계,911820,1867438,126.511531,36.80100285,,
2013,2013112605,야간,화,1,1,0,0,0,대전,중구,차대사람,횡단중,횡단중,안전운전 의무 불이행,교차로,교차로부근,승합차,보행자,991270,1814512,127.4027331,36.32793855,,
2013,2013112220,야간,금,1,1,0,0,0,충남,서산시,차대차,추돌,진행중 추돌,안전운전 의무 불이행,단일로,기타단일로,특수차,이륜차,905690,1881856,126.4410339,36.93036272,,
2013,2013112323,야간,토,1,4,3,0,0,충남,태안군,차량단독,공작물충돌,공작물충돌,안전운전 의무 불이행,단일로,기타단일로,승용차,없음,892244,1853821,126.2940522,36.67624923,,
2013,2013112419,야간,일,2,3,1,0,0,충남,서산시,차량단독,전도전복,전도전복,안전운전 의무 불이행,단일로,기타단일로,승용차,없음,900736,1888369,126.384561,36.98855404,,
2013,2013112600,야간,화,1,1,0,0,0,충남,서산시,차대차,기타,기타,교차로 통행방법 위반,교차로,교차로내,승용차,이륜차,906572,1863098,126.4532434,36.76138189,,
2013,2013120218,야간,월,1,1,0,0,0,충남,태안군,차대사람,횡단중,횡단중,보행자 보호의무 위반,단일로,횡단보도상,승용차,보행자,894518,1848540,126.3202231,36.62890635,,
2013,2013120506,주간,목,1,2,1,0,0,충남,서산시,차대사람,횡단중,횡단중,안전운전 의무 불이행,단일로,기타단일로,승합차,보행자,905658,1865468,126.4427113,36.78265274,,
2013,2013120922,야간,월,1,1,0,0,0,충남,서산시,차대사람,기타,기타,안전운전 의무 불이행,기타/불명,기타/불명,승용차,보행자,907432,1865593,126.4625743,36.78395443,,
2013,2013121115,주간,수,1,1,0,0,0,충남,서산시,차대사람,횡단중,횡단중,보행자 보호의무 위반,교차로,교차로부근,화물차,보행자,906211,1865182,126.4489431,36.78012987,,
2013,2013122201,야간,일,1,2,1,0,0,충남,태안군,차대차,정면충돌,정면충돌,중앙선 침범,단일로,기타단일로,승용차,화물차,891529,1864154,126.2845852,36.7692974,,
2013,2013122608,주간,목,1,1,0,0,0,충남,서산시,차량단독,전도전복,전도전복,안전운전 의무 불이행,단일로,기타단일로,승용차,없음,910824,1868247,126.5002729,36.80820134,,
2013,2013122608,주간,목,1,1,0,0,0,충남,서산시,차대사람,차도통행중,차도통행중,안전운전 의무 불이행,단일로,기타단일로,건설기계,보행자,898926,1865850,126.3672316,36.7854031,,
2013,2013123101,야간,화,1,2,1,0,0,충남,서산시,차량단독,공작물충돌,공작물충돌,안전운전 의무 불이행,단일로,기타단일로,승용차,없음,904894,1874486,126.4330226,36.86385677,,