발생년,발생년월일시,주야,요일,사망자수,사상자수,중상자수,경상자수,부상신고자수,발생지시도,발생지시군구,사고유형_대분류,사고유형_중분류,사고유형,법규위반,도로형태_대분류,도로형태,당사자종별_1당_대분류,당사자종별_2당_대분류,발생위치X_UTMK,발생위치Y_UTMK,경도,위도,,
2014,2014090821,야간,월,1,1,0,0,0,충남,천안시,차대사람,횡단중,횡단중,안전운전 의무 불이행,교차로,교차로부근,승용차,보행자,966885,1865387,127.1288593,36.78604246,,
2014,2014100400,야간,토,1,1,0,0,0,충남,아산시,차량단독,공작물충돌,공작물충돌,안전운전 의무 불이행,단일로,교량위,승용차,없음,953079,1865610,126.9741181,36.78746927,,
2014,2014091803,야간,목,1,1,0,0,0,충남,태안군,차량단독,도로이탈,도로이탈 기타,안전운전 의무 불이행,단일로,기타단일로,화물차,없음,894349,1863322,126.3162923,36.76211729,,
2014,2014090702,야간,일,1,1,0,0,0,충남,천안시,차대사람,횡단중,횡단중,보행자 보호의무 위반,교차로,교차로부근,승용차,보행자,970889,1870640,127.173533,36.83352755,,
2014,2014100719,야간,화,1,1,0,0,0,충남,아산시,차대사람,횡단중,횡단중,안전운전 의무 불이행,단일로,기타단일로,승용차,보행자,963865,1870500,127.0947702,36.83202315,,
2014,2014070801,야간,화,1,1,0,0,0,충남,천안시,차대사람,기타,기타,안전운전 의무 불이행,교차로,교차로내,승용차,보행자,968533,1868621,127.1471955,36.81525174,,
2014,2014092211,주간,월,1,1,0,0,0,충남,서산시,차대사람,기타,기타,안전운전 의무 불이행,단일로,기타단일로,화물차,보행자,902167,1883535,126.4012649,36.94513608,,
2014,2014072602,야간,토,1,1,0,0,0,대전,중구,차대사람,횡단중,횡단중,안전운전 의무 불이행,교차로,교차로내,승용차,보행자,990961,1812542,127.3993131,36.31017527,,
2014,2014100102,야간,수,1,1,0,0,0,대전,동구,차대차,추돌,주정차중 추돌,안전운전 의무 불이행,단일로,기타단일로,승용차,특수차,999697,1817125,127.4966231,36.3515354,,
2014,2014092419,야간,수,1,1,0,0,0,충남,서산시,차대사람,보도통행중,보도통행중,과속,단일로,횡단보도상,승용차,보행자,912725,1856803,126.5228909,36.70522827,,
2014,2014092515,주간,목,1,1,0,0,0,충남,태안군,차량단독,공작물충돌,공작물충돌,안전운전 의무 불이행,단일로,기타단일로,화물차,없음,892017,1854394,126.2914315,36.68138787,,
2014,2014102406,주간,금,1,1,0,0,0,충남,아산시,차대사람,기타,기타,안전운전 의무 불이행,단일로,기타단일로,화물차,보행자,947691,1876962,126.9129515,36.88951619,,
2014,2014100319,야간,금,1,1,0,0,0,충남,서산시,차대사람,횡단중,횡단중,과속,단일로,횡단보도상,승용차,보행자,905726,1880997,126.4415451,36.92262416,,
2014,2014071221,야간,토,1,1,0,0,0,충남,천안시,차대사람,횡단중,횡단중,안전운전 의무 불이행,교차로,교차로내,승용차,보행자,968710,1870482,127.1491034,36.83203365,,
2014,2014092212,주간,월,1,1,0,0,0,충남,천안시,차대차,추돌,진행중 추돌,안전운전 의무 불이행,교차로,교차로내,화물차,원동기장치자전거,966869,1865384,127.1286801,36.78601485,,
2014,2014100514,주간,일,1,1,0,0,0,충남,서산시,차대차,기타,기타,중앙선 침범,교차로,교차로내,이륜차,건설기계,903884,1860714,126.4234324,36.73962565,,
2014,2014092306,주간,화,2,3,1,0,0,충남,천안시,차대차,정면충돌,정면충돌,신호위반,교차로,교차로내,승합차,승합차,970382,1862995,127.1681459,36.76459081,,
2014,2014092902,야간,월,1,1,0,0,0,충남,천안시,차대차,추돌,주정차중 추돌,안전운전 의무 불이행,단일로,기타단일로,승용차,승용차,969594,1867010,127.1591555,36.80076398,,
2014,2014111220,야간,수,1,1,0,0,0,충남,아산시,차대사람,보도통행중,보도통행중,안전운전 의무 불이행,기타/불명,기타/불명,승용차,보행자,958272,1862222,127.0325039,36.7571713,,
2014,2014111405,야간,금,1,1,0,0,0,충남,아산시,차대사람,횡단중,횡단중,안전운전 의무 불이행,교차로,교차로부근,화물차,보행자,950004,1875302,126.939018,36.87467807,,
2014,2014111611,주간,일,1,1,0,0,0,충남,아산시,차대사람,횡단중,횡단중,안전운전 의무 불이행,교차로,교차로내,승합차,보행자,955750,1864934,127.0040924,36.7815041,,
2014,2014111918,야간,수,1,1,0,0,0,충남,아산시,차량단독,도로이탈,도로이탈 추락,안전운전 의무 불이행,기타/불명,기타/불명,승용차,없음,965290,1862359,127.1111214,36.75868923,,
2014,2014112007,주간,목,1,2,0,1,0,충남,아산시,차대차,정면충돌,정면충돌,중앙선 침범,기타/불명,기타/불명,승용차,화물차,945729,1865380,126.891761,36.78500329,,
2014,2014102418,야간,금,1,1,0,0,0,충남,태안군,차대차,정면충돌,정면충돌,중앙선 침범,단일로,기타단일로,승용차,승합차,885404,1876955,126.2140405,36.88394454,,
2014,2014102522,야간,토,1,1,0,0,0,충남,태안군,차대사람,횡단중,횡단중,과속,교차로,교차로내,승용차,보행자,898677,1831170,126.3690153,36.47279602,,
2014,2014112319,야간,일,1,1,0,0,0,충남,아산시,차대사람,기타,기타,안전운전 의무 불이행,단일로,기타단일로,화물차,보행자,950280,1875873,126.9420773,36.87983974,,
2014,2014103016,주간,목,1,1,0,0,0,충남,서산시,차대차,측면충돌,측면충돌,신호위반,교차로,교차로내,이륜차,건설기계,914668,1857688,126.5445427,36.71338187,,
2014,2014103121,야간,금,1,2,1,0,0,충남,태안군,차대사람,길가장자리구역통행중,길가장자리구역통행중,안전운전 의무 불이행,단일로,기타단일로,화물차,보행자,891762,1859511,126.2878539,36.72747767,,
2014,2014101716,주간,금,1,2,0,1,0,충남,천안시,차대차,기타,기타,신호위반,교차로,교차로내,승용차,승용차,967033,1863837,127.1305851,36.77207503,,
2014,2014101903,야간,일,1,1,0,0,0,충남,천안시,차량단독,전도전복,전도전복,안전운전 의무 불이행,단일로,기타단일로,승용차,없음,969377,1864873,127.1568089,36.78149282,,
2014,2014120413,주간,목,1,3,2,0,0,충남,아산시,차량단독,전도전복,전도전복,안전운전 의무 불이행,단일로,기타단일로,승용차,없음,948297,1873441,126.9199922,36.85781075,,
2014,2014120702,야간,일,1,1,0,0,0,충남,아산시,차대차,기타,기타,안전운전 의무 불이행,교차로,교차로내,승용차,이륜차,955722,1864161,127.0038235,36.77453464,,
2014,2014110421,야간,화,1,1,0,0,0,충남,서산시,차대사람,기타,기타,안전운전 의무 불이행,교차로,교차로부근,화물차,보행자,902594,1865976,126.4083138,36.78692127,,
2014,2014121314,주간,토,1,3,1,1,0,충남,아산시,차량단독,공작물충돌,공작물충돌,안전운전 의무 불이행,단일로,기타단일로,승용차,없음,958116,1874205,127.0300965,36.86518413,,
2014,2014122216,주간,월,1,2,1,0,0,대전,대덕구,차대차,측면충돌,측면충돌,신호위반,교차로,교차로내,화물차,승용차,991062,1827137,127.4002704,36.44175543,,
2014,2014102606,주간,일,1,2,1,0,0,충남,천안시,차대차,측면충돌,측면충돌,중앙선 침범,단일로,기타단일로,승용차,승합차,968936,1869126,127.1516932,36.8198174,,
2014,2014103022,야간,목,1,1,0,0,0,충남,천안시,차대사람,차도통행중,차도통행중,안전운전 의무 불이행,단일로,기타단일로,이륜차,보행자,975280,1860378,127.2231086,36.74114426,,
2014,2014122107,주간,일,1,1,0,0,0,충남,아산시,차량단독,전도전복,전도전복,안전운전 의무 불이행,단일로,기타단일로,화물차,없음,947410,1862432,126.9108031,36.75852398,,
2014,2014111418,야간,금,1,1,0,0,0,충남,태안군,차대사람,횡단중,횡단중,안전운전 의무 불이행,교차로,교차로내,화물차,보행자,883635,1863177,126.1963023,36.75955583,,
2014,2014111422,야간,금,1,5,3,1,0,충남,서산시,차대차,측면충돌,측면충돌,중앙선 침범,단일로,기타단일로,승용차,승용차,905273,1882401,126.4362852,36.93523658,,
2014,2014110218,야간,일,1,1,0,0,0,충남,천안시,차대차,기타,기타,안전운전 의무 불이행,단일로,기타단일로,화물차,이륜차,978931,1863519,127.2639168,36.76954763,,
2014,2014111222,야간,수,1,1,0,0,0,대전,동구,차대사람,횡단중,횡단중,안전운전 의무 불이행,단일로,기타단일로,화물차,보행자,993939,1817237,127.4324512,36.35252158,,
2014,2014112009,주간,목,1,1,0,0,0,충남,태안군,차대사람,횡단중,횡단중,중앙선 침범,단일로,기타단일로,화물차,보행자,892654,1862152,126.2974645,36.75137821,,
2014,2014111418,야간,금,1,1,0,0,0,대전,동구,차대사람,보도통행중,보도통행중,보행자 보호의무 위반,단일로,횡단보도상,승용차,보행자,995171,1815267,127.4461921,36.33477268,,
2014,2014111218,야간,수,1,1,0,0,0,충남,천안시,차대사람,횡단중,횡단중,안전운전 의무 불이행,교차로,교차로내,승용차,보행자,963936,1855570,127.0962725,36.69743844,,
2014,2014112607,주간,수,2,7,5,0,0,충남,태안군,차대차,정면충돌,정면충돌,중앙선 침범,단일로,기타단일로,승용차,건설기계,892128,1853916,126.2927409,36.6770923,,
2014,2014112813,주간,금,1,1,0,0,0,충남,태안군,차량단독,공작물충돌,공작물충돌,안전운전 의무 불이행,단일로,기타단일로,승용차,없음,894211,1861581,126.3149878,36.74641049,,
2014,2014082600,야간,화,2,2,0,0,0,충남,천안시,차대사람,기타,기타,안전운전 의무 불이행,교차로,교차로부근,승용차,보행자,969271,1872469,127.1553175,36.84996299,,
2014,2014121104,야간,목,1,1,0,0,0,충남,서산시,차량단독,공작물충돌,공작물충돌,안전운전 의무 불이행,단일로,기타단일로,승용차,없음,903211,1886827,126.412566,36.97491431,,
2014,2014121411,주간,일,1,1,0,0,0,충남,태안군,차량단독,공작물충돌,공작물충돌,안전운전 의무 불이행,단일로,기타단일로,이륜차,없음,886428,1856100,126.2286387,36.69611226,,
2014,2014120218,야간,화,1,1,0,0,0,충남,천안시,차대사람,횡단중,횡단중,보행자 보호의무 위반,단일로,횡단보도상,승용차,보행자,965209,1856543,127.1104789,36.70625719,,
2014,2014120909,주간,화,1,1,0,0,0,대전,동구,차대사람,횡단중,횡단중,보행자 보호의무 위반,단일로,횡단보도상,승용차,보행자,993496,1817534,127.4275092,36.35520077,,
2014,2014122420,야간,수,1,1,0,0,0,충남,서산시,차대사람,길가장자리구역통행중,길가장자리구역통행중,안전운전 의무 불이행,단일로,기타단일로,화물차,보행자,901877,1858748,126.4012088,36.72170028,,
2014,2014090900,야간,화,1,1,0,0,0,충남,천안시,차대사람,횡단중,횡단중,안전운전 의무 불이행,단일로,기타단일로,승용차,보행자,967579,1869387,127.1364669,36.82212465,,
2014,2014090706,주간,일,1,1,0,0,0,충남,천안시,차대차,기타,기타,안전운전 의무 불이행,단일로,기타단일로,승용차,자전거,966923,1868164,127.1291645,36.81107718,,
2014,2014122518,야간,목,1,1,0,0,0,충남,천안시,차대사람,기타,기타,안전운전 의무 불이행,단일로,기타단일로,승용차,보행자,969585,1867174,127.159048,36.80224208,,
2014,2014122911,주간,월,1,1,0,0,0,충남,천안시,차대사람,기타,기타,안전운전 의무 불이행,단일로,기타단일로,승용차,보행자,986117,1864246,127.344424,36.77623388,,
2014,2014100705,야간,화,1,1,0,0,0,대전,중구,차대차,기타,기타,안전운전 의무 불이행,교차로,교차로내,승용차,원동기장치자전거,990682,1814604,127.3961807,36.32876246,,
2014,2014092114,주간,일,1,1,0,0,0,충남,천안시,차량단독,도로이탈,도로이탈 추락,안전운전 의무 불이행,단일로,기타단일로,이륜차,없음,982486,1877722,127.3034238,36.89765479,,
2014,2014092405,야간,수,1,1,0,0,0,충남,천안시,차대사람,기타,기타,안전운전 의무 불이행,단일로,기타단일로,승용차,보행자,975341,1880056,127.2231534,36.91853481,,
2014,2014092806,주간,일,1,1,0,0,0,충남,천안시,차대사람,기타,기타,안전운전 의무 불이행,단일로,횡단보도상,승용차,보행자,967521,1869830,127.1357976,36.82611609,,
2014,2014092915,주간,월,1,1,0,0,0,충남,천안시,차대차,기타,기타,안전운전 의무 불이행,교차로,교차로부근,원동기장치자전거,화물차,968031,1868457,127.1415741,36.81375653,,
2014,2014101817,주간,토,1,1,0,0,0,대전,중구,차량단독,기타,기타,안전운전 의무 불이행,단일로,기타단일로,원동기장치자전거,없음,991645,1815368,127.406902,36.33565909,,
2014,2014102423,야간,금,1,1,0,0,0,대전,중구,차대사람,기타,기타,안전운전 의무 불이행,단일로,기타단일로,승용차,보행자,992625,1815617,127.4178196,36.33791194,,
2014,2014061616,주간,월,1,1,0,0,0,대전,유성구,차대차,추돌,주정차중 추돌,안전운전 의무 불이행,단일로,기타단일로,승용차,특수차,979621,1808183,127.2731095,36.27070387,,
2014,2014101103,야간,토,1,1,0,0,0,충남,천안시,차대차,측면충돌,측면충돌,신호위반,교차로,교차로내,승용차,화물차,975997,1879546,127.2305344,36.91395437,,
2014,2014101219,야간,일,1,3,0,0,2,충남,천안시,차대차,정면충돌,정면충돌,신호위반,교차로,교차로내,승용차,승용차,966779,1869693,127.1274867,36.82485624,,
2014,2014101711,주간,금,1,1,0,0,0,충남,천안시,차대사람,기타,기타,안전운전 의무 불이행,교차로,교차로부근,승용차,보행자,977783,1878763,127.2506075,36.90693982,,
2014,2014062310,주간,월,1,2,1,0,0,대전,서구,차대차,기타,기타,안전거리 미확보,단일로,지하차도(도로)내,화물차,승용차,989024,1818611,127.3776511,36.3648697,,
2014,2014102605,야간,일,1,1,0,0,0,충남,천안시,차대사람,기타,기타,안전운전 의무 불이행,단일로,기타단일로,승용차,보행자,964955,1867784,127.1071187,36.80758082,,
2014,2014112204,야간,토,1,1,0,0,0,대전,중구,차대사람,보도통행중,보도통행중,안전운전 의무 불이행,교차로,교차로내,승용차,보행자,990492,1813365,127.3940788,36.31759047,,
2014,2014110620,야간,목,1,1,0,0,0,충남,천안시,차대사람,횡단중,횡단중,안전운전 의무 불이행,단일로,기타단일로,승용차,보행자,972800,1874331,127.1948315,36.86685709,,
2014,2014110900,야간,일,1,1,0,0,0,충남,천안시,차대차,기타,기타,안전운전 의무 불이행,단일로,지하차도(도로)내,승용차,이륜차,971363,1878759,127.1785421,36.90673064,,
2014,2014111121,야간,화,1,1,0,0,0,충남,천안시,차대사람,기타,기타,안전운전 의무 불이행,단일로,기타단일로,승합차,보행자,973582,1875534,127.2035631,36.87772374,,
2014,2014111311,주간,목,1,1,0,0,0,충남,천안시,차대차,측면충돌,측면충돌,안전운전 의무 불이행,교차로,교차로부근,원동기장치자전거,원동기장치자전거,968179,1868052,127.1432503,36.81011063,,
2014,2014070402,야간,금,1,1,0,0,0,대전,서구,차대사람,기타,기타,안전운전 의무 불이행,단일로,기타단일로,승용차,보행자,987882,1817870,127.3649329,36.35817559,,
2014,2014120704,야간,일,1,1,0,0,0,대전,중구,차대사람,횡단중,횡단중,안전운전 의무 불이행,단일로,횡단보도상,승용차,보행자,994710,1812522,127.441074,36.31002284,,
2014,2014121012,주간,수,1,1,0,0,0,대전,중구,차대차,측면충돌,측면충돌,안전운전 의무 불이행,단일로,기타단일로,원동기장치자전거,승용차,993477,1814657,127.4273215,36.32926327,,
2014,2014121203,야간,금,1,1,0,0,0,대전,중구,차대사람,횡단중,횡단중,보행자 보호의무 위반,단일로,횡단보도상,승용차,보행자,991627,1814435,127.4067115,36.32724754,,
2014,2014121902,야간,금,1,2,0,1,0,대전,중구,차대사람,횡단중,횡단중,안전운전 의무 불이행,단일로,횡단보도부근,승용차,보행자,993419,1814440,127.4266771,36.32730653,,
2014,2014071102,야간,금,1,1,0,0,0,대전,서구,차대사람,횡단중,횡단중,안전운전 의무 불이행,단일로,횡단보도상,승용차,보행자,988730,1817828,127.3743852,36.35780726,,
2014,2014122410,주간,수,1,1,0,0,0,대전,중구,차대사람,횡단중,횡단중,안전운전 의무 불이행,단일로,기타단일로,승용차,보행자,992968,1813787,127.4216582,36.32141625,,
2014,2014120901,야간,화,1,1,0,0,0,충남,천안시,차대차,추돌,주정차중 추돌,안전운전 의무 불이행,단일로,기타단일로,승용차,화물차,973784,1876484,127.2057968,36.88629314,,
2014,2014072517,주간,금,1,1,0,0,0,대전,유성구,차대차,측면충돌,측면충돌,교차로 통행방법 위반,교차로,교차로내,원동기장치자전거,승용차,989453,1826723,127.3823229,36.43800677,,
2014,2014072800,야간,월,1,1,0,0,0,대전,유성구,차대사람,횡단중,횡단중,보행자 보호의무 위반,단일로,횡단보도상,승용차,보행자,986183,1817230,127.3460072,36.35238285,,
2014,2014080513,주간,화,1,1,0,0,0,대전,유성구,차대사람,횡단중,횡단중,안전운전 의무 불이행,단일로,횡단보도상,화물차,보행자,983904,1820770,127.3205342,36.38426173,,
2014,2014080601,야간,수,1,1,0,0,0,대전,서구,차대사람,기타,기타,안전운전 의무 불이행,단일로,기타단일로,화물차,보행자,988408,1817884,127.3707954,36.35830829,,
2014,2014090521,야간,금,1,2,1,0,0,대전,유성구,차량단독,전도전복,전도전복,안전운전 의무 불이행,단일로,기타단일로,원동기장치자전거,없음,990964,1825236,127.3991991,36.42461648,,
2014,2014091105,야간,목,1,1,0,0,0,대전,서구,차대차,추돌,주정차중 추돌,안전운전 의무 불이행,단일로,기타단일로,이륜차,승용차,987971,1816179,127.365951,36.34293169,,
2014,2014091622,야간,화,1,1,0,0,0,대전,유성구,차대차,기타,기타,기타,단일로,기타단일로,승용차,자전거,990039,1825046,127.3888827,36.42289441,,
2014,2014100102,야간,수,1,1,0,0,0,대전,서구,차량단독,전도전복,전도전복,안전운전 의무 불이행,단일로,기타단일로,승용차,없음,987277,1817751,127.3581915,36.35709495,,
2014,2014110805,야간,토,1,1,0,0,0,대전,서구,차대사람,횡단중,횡단중,안전운전 의무 불이행,단일로,기타단일로,승용차,보행자,988757,1816256,127.3747089,36.34363537,,
2014,2014110806,주간,토,1,1,0,0,0,대전,유성구,차대사람,횡단중,횡단중,안전운전 의무 불이행,단일로,기타단일로,승용차,보행자,985646,1819165,127.3399866,36.36981971,,
2014,2014111401,야간,금,1,3,2,0,0,대전,서구,차대차,측면충돌,측면충돌,과속,교차로,교차로내,승용차,승용차,988199,1818052,127.3684634,36.35982033,,
2014,2014111520,야간,토,1,1,0,0,0,대전,유성구,차대사람,기타,기타,안전운전 의무 불이행,단일로,기타단일로,승용차,보행자,988996,1823644,127.3772677,36.41024358,,
2014,2014112119,야간,금,1,1,0,0,0,대전,유성구,차대차,측면충돌,측면충돌,신호위반,교차로,교차로부근,승합차,이륜차,990043,1826307,127.3889111,36.43426272,,
2015,2015010318,야간,토,1,1,0,0,0,충남,공주시,차대사람,차도통행중,차도통행중,안전운전 의무 불이행,단일로,기타단일로,화물차,보행자,978471,1819501,127.2599934,36.37271496,,
2015,2015010412,주간,일,1,2,1,0,0,세종,세종,차대차,추돌,주정차중 추돌,안전운전 의무 불이행,단일로,기타단일로,이륜차,승용차,981784,1843164,127.2963693,36.58610925,,
2015,2015010509,주간,월,1,2,1,0,0,충남,보령시,차대차,정면충돌,정면충돌,과속,교차로,교차로내,건설기계,승용차,909032,1835118,126.4841176,36.50942181,,
2015,2015010608,주간,화,1,1,0,0,0,충남,보령시,차대차,기타,기타,안전운전 의무 불이행,단일로,기타단일로,승용차,원동기장치자전거,919609,1812561,126.6045586,36.30703541,,
2015,2015010418,야간,일,1,3,2,0,0,충남,서산시,차대차,추돌,진행중 추돌,안전운전 의무 불이행,단일로,기타단일로,화물차,승용차,912883,1852734,126.5251226,36.66856645,,
2015,2015012413,주간,토,1,3,2,0,0,충남,금산군,차대차,측면충돌,측면충돌,안전운전 의무 불이행,교차로,교차로내,승용차,이륜차,988893,1802984,127.3764133,36.22398331,,
2015,2015010406,주간,일,1,1,0,0,0,충남,천안시,차량단독,공작물충돌,공작물충돌,안전운전 의무 불이행,단일로,기타단일로,이륜차,없음,966841,1864692,127.1283964,36.77977579,,
2015,2015011506,주간,목,1,2,1,0,0,세종,세종,차량단독,전도전복,전도전복,안전운전 의무 불이행,단일로,기타단일로,승용차,없음,988558,1837071,127.3721839,36.53128569,,
2015,2015012520,야간,일,1,1,0,0,0,충남,부여군,차대사람,차도통행중,차도통행중,안전운전 의무 불이행,단일로,기타단일로,승용차,보행자,944962,1806479,126.8873657,36.25398778,,
2015,2015020219,야간,월,1,1,0,0,0,충남,서천군,차대사람,기타,기타,보행자 보호의무 위반,단일로,횡단보도상,승용차,보행자,928472,1779290,126.7062996,36.00780146,,
2015,2015010523,야간,월,1,1,0,0,0,충남,서산시,차량단독,공작물충돌,공작물충돌,안전운전 의무 불이행,단일로,기타단일로,승용차,없음,905142,1864207,126.4370864,36.77123554,,
2015,2015020613,주간,금,1,1,0,0,0,충남,부여군,차대차,측면충돌,측면충돌,안전운전 의무 불이행,교차로,교차로부근,화물차,자전거,947246,1809517,126.9125828,36.28150305,,
2015,2015010623,야간,화,2,3,1,0,0,대전,서구,차대차,정면충돌,정면충돌,중앙선 침범,단일로,기타단일로,화물차,승용차,991183,1816098,127.4017458,36.34223623,,
2015,2015020908,주간,월,1,1,0,0,0,충남,서천군,차대사람,기타,기타,보행자 보호의무 위반,단일로,횡단보도상,승용차,보행자,916482,1795721,126.5715288,36.15496686,,
2015,2015010800,야간,목,1,1,0,0,0,충남,태안군,차량단독,공작물충돌,공작물충돌,안전운전 의무 불이행,단일로,기타단일로,승용차,없음,893342,1861357,126.3052868,36.74429429,,
2015,2015013114,주간,토,1,1,0,0,0,충남,예산군,차대차,측면충돌,측면충돌,기타,교차로,교차로내,화물차,승합차,932976,1852232,126.7499959,36.66566962,,
2015,2015032705,야간,금,1,1,0,0,0,충남,서산시,차대차,추돌,진행중 추돌,안전운전 의무 불이행,단일로,기타단일로,승용차,건설기계,916325,1858185,126.5630393,36.71800912,,
2015,2015021820,야간,수,1,1,0,0,0,충남,부여군,차대사람,횡단중,횡단중,안전운전 의무 불이행,단일로,기타단일로,승합차,보행자,940802,1807157,126.8410116,36.25985382,,
2015,2015012622,야간,월,1,1,0,0,0,세종,세종,차대차,추돌,주정차중 추돌,안전운전 의무 불이행,단일로,기타단일로,승용차,승용차,977446,1851702,127.2476258,36.66298587,,
2015,2015012315,주간,금,1,1,0,0,0,충남,공주시,차량단독,공작물충돌,공작물충돌,안전운전 의무 불이행,단일로,기타단일로,화물차,없음,962125,1819819,127.0777552,36.37507672,,
2015,2015010707,주간,수,1,1,0,0,0,대전,동구,차대사람,횡단중,횡단중,안전운전 의무 불이행,단일로,횡단보도부근,승용차,보행자,993709,1816497,127.4298916,36.3458532,,
2015,2015030207,주간,월,1,1,0,0,0,충남,청양군,차대사람,길가장자리구역통행중,길가장자리구역통행중,안전운전 의무 불이행,단일로,기타단일로,승용차,보행자,930793,1826754,126.727858,36.43584724,,
2015,2015012400,야간,토,1,2,1,0,0,충남,공주시,차대차,측면충돌,측면충돌,중앙선 침범,단일로,기타단일로,승용차,승합차,967466,1828963,127.136914,36.45770672,,
2015,2015011916,주간,월,1,1,0,0,0,충남,논산시,차대차,추돌,주정차중 추돌,기타,단일로,기타단일로,화물차,승용차,963141,1800124,127.0900115,36.19756028,,
2015,2015012119,야간,수,1,1,0,0,0,충남,홍성군,차대사람,횡단중,횡단중,안전운전 의무 불이행,단일로,기타단일로,화물차,보행자,914887,1836773,126.5493122,36.52487871,,
2015,2015011109,주간,일,2,5,0,3,0,충남,당진시,차대차,정면충돌,정면충돌,중앙선 침범,단일로,기타단일로,승합차,승용차,929472,1867438,126.7093849,36.80248276,,
2015,2015011918,야간,월,1,1,0,0,0,충남,논산시,차대사람,횡단중,횡단중,중앙선 침범,교차로,교차로부근,승용차,보행자,963674,1803621,127.0957779,36.22910728,,
2015,2015011013,주간,토,1,3,1,1,0,충남,천안시,차대차,정면충돌,정면충돌,중앙선 침범,단일로,기타단일로,승용차,승용차,985192,1863445,127.3340739,36.76899907,,
2015,2015012614,주간,월,1,1,0,0,0,충남,공주시,차량단독,공작물충돌,공작물충돌,안전운전 의무 불이행,단일로,기타단일로,승용차,없음,970135,1827915,127.1667405,36.44834578,,
2015,2015010706,주간,수,1,1,0,0,0,충남,천안시,차대사람,횡단중,횡단중,보행자 보호의무 위반,단일로,기타단일로,화물차,보행자,966388,1869214,127.1231202,36.82052357,,
2015,2015020901,야간,월,1,2,1,0,0,충남,예산군,차량단독,기타,기타,안전운전 의무 불이행,단일로,기타단일로,승용차,없음,926006,1854895,126.6717508,36.68915717,,
2015,2015030713,주간,토,1,1,0,0,0,충남,부여군,차대사람,횡단중,횡단중,안전운전 의무 불이행,단일로,기타단일로,승용차,보행자,944908,1808333,126.8866339,36.27069856,,
2015,2015012800,야간,수,1,1,0,0,0,충남,보령시,차대사람,횡단중,횡단중,안전운전 의무 불이행,교차로,교차로부근,승용차,보행자,919378,1816902,126.6015367,36.34614736,,
2015,2015050700,야간,목,1,8,0,7,0,충남,서산시,차량단독,공작물충돌,공작물충돌,기타,단일로,기타단일로,승합차,없음,915934,1855781,126.5589259,36.69630575,,
2015,2015031619,야간,월,1,1,0,0,0,충남,금산군,차대차,추돌,진행중 추돌,안전운전 의무 불이행,단일로,기타단일로,승용차,농기계,999106,1785975,127.4900719,36.0706983,,
2015,2015020906,주간,월,1,3,0,1,1,충남,공주시,차대차,기타,기타,안전운전 의무 불이행,단일로,기타단일로,승용차,화물차,965553,1844229,127.1148834,36.59526202,,
2015,2015020318,야간,화,1,1,0,0,0,충남,공주시,차량단독,도로이탈,도로이탈 기타,안전운전 의무 불이행,단일로,기타단일로,농기계,없음,956447,1820274,127.0144311,36.37893807,,
2015,2015030614,주간,금,1,2,0,1,0,충남,서천군,차대차,기타,기타,신호위반,교차로,교차로내,원동기장치자전거,화물차,929361,1778880,126.7162,36.00417014,,
2015,2015011514,주간,목,1,1,0,0,0,충남,태안군,차량단독,공작물충돌,공작물충돌,안전운전 의무 불이행,단일로,기타단일로,승용차,없음,896374,1862973,126.3390234,36.75919531,,
2015,2015011514,주간,목,1,1,0,0,0,충남,태안군,차량단독,도로이탈,도로이탈 추락,안전운전 의무 불이행,교차로,교차로내,화물차,없음,902706,1826327,126.4145887,36.42956067,,
2015,2015020118,야간,일,1,1,0,0,0,충남,보령시,차대사람,횡단중,횡단중,안전운전 의무 불이행,교차로,교차로부근,승용차,보행자,919901,1818071,126.6072442,36.35672877,,
2015,2015020206,주간,월,1,1,0,0,0,충남,보령시,차대사람,횡단중,횡단중,안전운전 의무 불이행,교차로,교차로내,승용차,보행자,911924,1820170,126.5181088,36.37495198,,
2015,2015021714,주간,화,1,2,0,1,0,충남,천안시,차대차,측면충돌,측면충돌,안전운전 의무 불이행,단일로,기타단일로,화물차,화물차,972195,1875226,127.1880121,36.87491015,,
2015,2015033110,주간,화,1,2,1,0,0,충남,금산군,차대차,정면충돌,정면충돌,중앙선 침범,단일로,기타단일로,화물차,건설기계,989533,1799351,127.383583,36.19123673,,
2015,2015022023,야간,금,1,1,0,0,0,충남,예산군,차량단독,공작물충돌,공작물충돌,안전운전 의무 불이행,교차로,교차로부근,승용차,없음,938161,1854335,126.8078382,36.68498052,,
2015,2015012018,야간,화,1,1,0,0,0,충남,아산시,차대사람,횡단중,횡단중,보행자 보호의무 위반,단일로,횡단보도상,승용차,보행자,961984,1861714,127.0741152,36.75274803,,
2015,2015042621,야간,일,1,1,0,0,0,충남,청양군,차대차,정면충돌,정면충돌,중앙선 침범,단일로,기타단일로,이륜차,승용차,930173,1826027,126.7210068,36.42924879,,
2015,2015022606,주간,목,1,3,2,0,0,대전,동구,차대차,기타,기타,안전운전 의무 불이행,단일로,기타단일로,승용차,화물차,998392,1816016,127.4820811,36.34153601,,
2015,2015062704,야간,토,1,1,0,0,0,충남,당진시,차대차,추돌,주정차중 추돌,안전운전 의무 불이행,단일로,기타단일로,화물차,승용차,930996,1878709,126.725443,36.90418995,,