발생년,발생년월일시,주야,요일,사망자수,사상자수,중상자수,경상자수,부상신고자수,발생지시도,발생지시군구,사고유형_대분류,사고유형_중분류,사고유형,법규위반,도로형태_대분류,도로형태,당사자종별_1당_대분류,당사자종별_2당_대분류,발생위치X_UTMK,발생위치Y_UTMK,경도,위도,,
2015,2015110311,주간,화,1,1,0,0,0,충남,부여군,차대차,정면충돌,정면충돌,안전운전 의무 불이행,단일로,기타단일로,이륜차,화물차,950366,1798149,126.9480433,36.17918412,,
2015,2015072517,주간,토,1,1,0,0,0,세종,세종,차대차,기타,기타,안전운전 의무 불이행,교차로,교차로내,승합차,자전거,982433,1831566,127.3038884,36.48156447,,
2015,2015110718,야간,토,1,1,0,0,0,충남,부여군,차대사람,횡단중,횡단중,안전운전 의무 불이행,단일로,기타단일로,승용차,보행자,947633,1808862,126.916938,36.27562289,,
2015,2015051521,야간,금,1,4,2,1,0,충남,금산군,차대차,기타,기타,안전운전 의무 불이행,단일로,기타단일로,승용차,승용차,1004844,1784498,127.553785,36.05737024,,
2015,2015051306,주간,수,1,1,0,0,0,충남,보령시,차량단독,공작물충돌,공작물충돌,안전운전 의무 불이행,단일로,기타단일로,승용차,없음,919483,1815671,126.602834,36.33505952,,
2015,2015071712,주간,금,1,2,0,1,0,충남,공주시,차대차,추돌,진행중 추돌,안전운전 의무 불이행,단일로,기타단일로,승용차,화물차,969490,1830347,127.1594473,36.47025017,,
2015,2015080218,야간,일,1,1,0,0,0,세종,세종,차대차,측면충돌,측면충돌,신호위반,교차로,교차로내,승용차,원동기장치자전거,981658,1836907,127.2951098,36.52969971,,
2015,2015060715,주간,일,2,2,0,0,0,충남,논산시,차량단독,전도전복,전도전복,안전운전 의무 불이행,단일로,기타단일로,이륜차,없음,958183,1800157,127.0348627,36.19765618,,
2015,2015110921,야간,월,1,1,0,0,0,충남,서천군,차대사람,차도통행중,차도통행중,안전운전 의무 불이행,단일로,기타단일로,화물차,보행자,912682,1796421,126.5292117,36.16094198,,
2015,2015110820,야간,일,1,1,0,0,0,대전,유성구,차대사람,횡단중,횡단중,안전운전 의무 불이행,교차로,교차로부근,승용차,보행자,984852,1816803,127.3311814,36.34851324,,
2015,2015031919,야간,목,1,1,0,0,0,충남,아산시,차대사람,횡단중,횡단중,안전운전 의무 불이행,단일로,기타단일로,승용차,보행자,954577,1865058,126.9909397,36.78256636,,
2015,2015100312,주간,토,1,2,0,1,0,충남,예산군,차대차,측면충돌,측면충돌,기타,교차로,교차로내,승용차,이륜차,940343,1854459,126.8322544,36.68623507,,
2015,2015081623,야간,일,1,1,0,0,0,세종,세종,차대차,정면충돌,정면충돌,기타,단일로,기타단일로,원동기장치자전거,승용차,976043,1833596,127.2324904,36.49972658,,
2015,2015081805,야간,화,1,1,0,0,0,세종,세종,차대차,추돌,진행중 추돌,안전운전 의무 불이행,단일로,교량위,승합차,이륜차,976563,1851728,127.2377445,36.66319891,,
2015,2015112218,야간,일,1,1,0,0,0,충남,서천군,차대사람,길가장자리구역통행중,길가장자리구역통행중,안전운전 의무 불이행,단일로,기타단일로,화물차,보행자,937211,1787874,126.8025815,36.08579042,,
2015,2015081908,주간,수,1,1,0,0,0,세종,세종,차대차,기타,기타,기타,교차로,교차로내,승용차,자전거,978813,1843372,127.263152,36.587923,,
2015,2015112319,야간,월,1,1,0,0,0,충남,서천군,차대사람,횡단중,횡단중,안전운전 의무 불이행,교차로,교차로내,화물차,보행자,931161,1780743,126.7360088,36.02109415,,
2015,2015062211,주간,월,1,1,0,0,0,충남,논산시,차대차,측면충돌,측면충돌,안전거리 미확보,단일로,기타단일로,자전거,화물차,965008,1792716,127.1111081,36.13084287,,
2015,2015070606,주간,월,1,1,0,0,0,충남,홍성군,차대사람,기타,기타,안전운전 의무 불이행,단일로,기타단일로,화물차,보행자,927032,1843844,126.6842852,36.58962211,,
2015,2015082605,야간,수,1,1,0,0,0,세종,세종,차대차,기타,기타,기타,교차로,교차로내,자전거,화물차,981516,1845746,127.2933114,36.60938078,,
2015,2015122618,야간,토,1,1,0,0,0,충남,부여군,차대사람,횡단중,횡단중,안전운전 의무 불이행,교차로,교차로부근,승용차,보행자,933986,1802524,126.7655324,36.21764599,,
2015,2015031220,야간,목,1,1,0,0,0,대전,대덕구,차대사람,횡단중,횡단중,안전운전 의무 불이행,단일로,기타단일로,승용차,보행자,993125,1826062,127.4232987,36.43208102,,
2015,2015062321,야간,화,1,1,0,0,0,충남,논산시,차대사람,길가장자리구역통행중,길가장자리구역통행중,안전운전 의무 불이행,단일로,기타단일로,승용차,보행자,956607,1796623,127.0175285,36.16572653,,
2015,2015120114,주간,화,1,1,0,0,0,충남,서천군,차량단독,전도전복,전도전복,안전운전 의무 불이행,단일로,기타단일로,원동기장치자전거,없음,927882,1780783,126.6996172,36.02121741,,
2015,2015052310,주간,토,1,2,1,0,0,충남,천안시,차대차,추돌,진행중 추돌,안전운전 의무 불이행,단일로,기타단일로,승용차,승용차,971046,1885163,127.1747385,36.96444906,,
2015,2015111120,야간,수,1,1,0,0,0,대전,유성구,차대차,추돌,진행중 추돌,안전운전 의무 불이행,교차로,교차로부근,승용차,원동기장치자전거,985496,1818530,127.3383263,36.36409271,,
2015,2015041813,주간,토,1,27,17,9,0,충남,당진시,차대차,측면충돌,측면충돌,과속,교차로,교차로내,승용차,승합차,921615,1886173,126.6193799,36.97073331,,
2015,2015062608,주간,금,1,1,0,0,0,충남,논산시,차대차,측면충돌,측면충돌,중앙선 침범,단일로,기타단일로,원동기장치자전거,승용차,956556,1798692,127.016847,36.18437702,,
2015,2015041818,야간,토,1,1,0,0,0,충남,당진시,차량단독,공작물충돌,공작물충돌,안전운전 의무 불이행,단일로,기타단일로,화물차,없음,938806,1864359,126.8142586,36.77537786,,
2015,2015102519,야간,일,1,1,0,0,0,충남,예산군,차대사람,차도통행중,차도통행중,안전운전 의무 불이행,단일로,기타단일로,승용차,보행자,941918,1845708,126.8505452,36.60744774,,
2015,2015122323,야간,수,1,1,0,0,0,충남,서천군,차대사람,기타,기타,안전운전 의무 불이행,단일로,기타단일로,승용차,보행자,927458,1792320,126.6938512,36.12519128,,
2015,2015030205,야간,월,1,1,0,0,0,충남,천안시,차대사람,횡단중,횡단중,신호위반,교차로,교차로내,건설기계,보행자,966750,1869675,127.127159,36.82469205,,
2015,2015072502,야간,토,1,1,0,0,0,충남,홍성군,차량단독,공작물충돌,공작물충돌,안전운전 의무 불이행,교차로,교차로내,승용차,없음,922693,1835052,126.636666,36.51002846,,
2015,2015013001,야간,금,1,1,0,0,0,대전,유성구,차대사람,횡단중,횡단중,과속,교차로,교차로내,승용차,보행자,985819,1817543,127.3419447,36.35519936,,
2015,2015111000,야간,화,1,1,0,0,0,충남,예산군,차대사람,기타,기타,안전운전 의무 불이행,교차로,교차로부근,화물차,보행자,922695,1854488,126.6347341,36.68522497,,
2015,2015111018,야간,화,1,1,0,0,0,충남,예산군,차대차,기타,기타,안전운전 의무 불이행,단일로,기타단일로,승용차,농기계,934566,1854541,126.7675896,36.68659408,,
2015,2015111318,야간,금,1,1,0,0,0,충남,예산군,차대사람,길가장자리구역통행중,길가장자리구역통행중,안전운전 의무 불이행,교차로,교차로내,승용차,보행자,939860,1859935,126.8264178,36.73556664,,
2015,2015030711,주간,토,1,1,0,0,0,대전,중구,차대차,측면충돌,측면충돌,중앙선 침범,교차로,교차로부근,승용차,이륜차,993461,1814333,127.427146,36.32634216,,
2015,2015061020,야간,수,1,1,0,0,0,충남,보령시,차대차,기타,기타,안전운전 의무 불이행,단일로,기타단일로,이륜차,승합차,920225,1802692,126.6124264,36.21812288,,
2015,2015030502,야간,목,1,1,0,0,0,충남,천안시,차대차,측면충돌,측면충돌,안전운전 의무 불이행,교차로,교차로부근,승용차,자전거,967232,1867746,127.1326468,36.80731986,,
2015,2015101114,주간,일,1,1,0,0,0,세종,세종,차대차,측면충돌,측면충돌,안전운전 의무 불이행,교차로,교차로내,화물차,이륜차,983219,1840727,127.3124637,36.56416596,,
2015,2015071808,주간,토,1,1,0,0,0,충남,계룡시,차대사람,차도통행중,차도통행중,안전운전 의무 불이행,교차로,교차로내,화물차,보행자,980104,1806136,127.2785391,36.25225925,,
2015,2015080901,야간,일,1,1,0,0,0,충남,홍성군,차량단독,공작물충돌,공작물충돌,안전운전 의무 불이행,단일로,기타단일로,승용차,없음,922347,1843436,126.6319577,36.58557448,,
2015,2015030909,주간,월,1,1,0,0,0,대전,중구,차대차,기타,기타,안전운전 의무 불이행,교차로,교차로내,화물차,자전거,991449,1814698,127.4047254,36.32961703,,
2015,2015101618,야간,금,1,1,0,0,0,세종,세종,차대차,추돌,진행중 추돌,안전운전 의무 불이행,단일로,기타단일로,자전거,승용차,981304,1844250,127.2909749,36.59589385,,
2015,2015121007,주간,목,1,1,0,0,0,충남,예산군,차대사람,횡단중,횡단중,안전운전 의무 불이행,교차로,교차로내,승합차,보행자,941817,1859203,126.8483911,36.72909024,,
2015,2015053115,주간,일,1,7,3,3,0,대전,대덕구,차대차,추돌,진행중 추돌,안전운전 의무 불이행,단일로,기타단일로,승합차,승용차,992563,1825414,127.4170349,36.42623492,,
2015,2015072421,야간,금,1,1,0,0,0,충남,논산시,차량단독,공작물충돌,공작물충돌,안전운전 의무 불이행,단일로,기타단일로,승용차,없음,973618,1796502,127.206669,36.16524838,,
2015,2015072606,주간,일,1,1,0,0,0,충남,논산시,차대사람,차도통행중,차도통행중,중앙선 침범,교차로,교차로부근,승용차,보행자,955919,1795289,127.009954,36.15366896,,
2015,2015111915,주간,목,1,1,0,0,0,대전,유성구,차대사람,횡단중,횡단중,신호위반,단일로,횡단보도상,승용차,보행자,986270,1820776,127.3469142,36.38435254,,
2015,2015032321,야간,월,1,3,2,0,0,대전,동구,차대차,정면충돌,정면충돌,중앙선 침범,단일로,기타단일로,승용차,승용차,996390,1816163,127.4597708,36.34285585,,
2015,2015081914,주간,수,1,2,1,0,0,충남,홍성군,차량단독,공작물충돌,공작물충돌,안전운전 의무 불이행,교차로,교차로내,화물차,없음,911501,1840978,126.5110139,36.56247421,,
2015,2015122818,야간,월,1,1,0,0,0,충남,예산군,차대차,추돌,주정차중 추돌,안전운전 의무 불이행,단일로,기타단일로,화물차,특수차,939741,1860406,126.8250478,36.73980477,,
2015,2015051115,주간,월,1,2,1,0,0,충남,당진시,차대차,측면충돌,측면충돌,교차로 통행방법 위반,교차로,교차로내,승용차,화물차,933813,1867539,126.7580347,36.80370669,,
2015,2015082111,주간,금,1,1,0,0,0,충남,홍성군,차대사람,기타,기타,안전운전 의무 불이행,단일로,기타단일로,승합차,보행자,923625,1840172,126.6465661,36.5562557,,
2015,2015032913,주간,일,1,4,0,3,0,대전,대덕구,차대차,측면충돌,측면충돌,과속,단일로,기타단일로,승용차,이륜차,993513,1817961,127.4276951,36.35905046,,
2015,2015100209,주간,금,1,1,0,0,0,충남,공주시,차대차,측면충돌,측면충돌,안전운전 의무 불이행,교차로,교차로부근,승용차,이륜차,964625,1833521,127.1050001,36.49869647,,
2015,2015040805,야간,수,1,2,1,0,0,충남,아산시,차대차,정면충돌,정면충돌,중앙선 침범,단일로,기타단일로,승용차,승용차,944827,1871660,126.8811969,36.84156027,,
2015,2015080312,주간,월,1,2,0,1,0,충남,논산시,차대차,기타,기타,교차로 통행방법 위반,교차로,교차로내,화물차,화물차,958159,1804279,127.0343756,36.23481629,,
2015,2015080515,주간,수,1,3,2,0,0,충남,논산시,차대차,추돌,주정차중 추돌,안전운전 의무 불이행,교차로,교차로부근,화물차,승용차,962656,1799944,127.0846255,36.1959189,,
2015,2015051616,주간,토,2,2,0,0,0,충남,당진시,차대차,정면충돌,정면충돌,중앙선 침범,단일로,기타단일로,이륜차,화물차,920908,1890582,126.6109755,37.01041403,,
2015,2015090422,야간,금,1,1,0,0,0,충남,홍성군,차대차,추돌,주정차중 추돌,안전운전 의무 불이행,교차로,교차로부근,이륜차,화물차,925057,1844491,126.6621456,36.59530109,,
2015,2015042300,야간,목,1,1,0,0,0,충남,천안시,차량단독,공작물충돌,공작물충돌,안전운전 의무 불이행,단일로,기타단일로,승용차,없음,967066,1859445,127.1311444,36.73248397,,
2015,2015042908,주간,수,1,1,0,0,0,충남,서산시,차량단독,공작물충돌,공작물충돌,안전운전 의무 불이행,단일로,기타단일로,화물차,없음,901127,1858327,126.3928662,36.71782791,,
2015,2015120107,주간,화,1,2,0,1,0,세종,세종,차량단독,전도전복,전도전복,안전운전 의무 불이행,교차로,교차로부근,화물차,없음,968838,1857708,127.1510611,36.71688532,,
2015,2015070710,주간,화,1,4,3,0,0,충남,보령시,차량단독,도로이탈,도로이탈 추락,안전운전 의무 불이행,단일로,기타단일로,승용차,없음,914837,1817008,126.5509257,36.3467117,,
2015,2015041416,주간,화,1,1,0,0,0,충남,아산시,차대사람,횡단중,횡단중,안전운전 의무 불이행,교차로,교차로내,승합차,보행자,955499,1865945,127.0012205,36.79060591,,
2015,2015102813,주간,수,1,2,1,0,0,충남,공주시,차대차,추돌,진행중 추돌,안전운전 의무 불이행,단일로,기타단일로,승용차,승합차,957519,1814740,127.0266845,36.32909648,,
2015,2015091202,야간,토,1,2,1,0,0,충남,홍성군,차대차,정면충돌,정면충돌,과속,단일로,기타단일로,승용차,승용차,922857,1842783,126.6377236,36.57972969,,
2015,2015082307,주간,일,1,1,0,0,0,충남,논산시,차대사람,기타,기타,안전운전 의무 불이행,단일로,기타단일로,화물차,보행자,975540,1799548,127.2279438,36.19276026,,
2015,2015031722,야간,화,1,1,0,0,0,충남,천안시,차대사람,보도통행중,보도통행중,안전운전 의무 불이행,교차로,교차로부근,승용차,보행자,965179,1868659,127.1095898,36.81547679,,
2015,2015041813,주간,토,1,1,0,0,0,충남,아산시,차량단독,도로이탈,도로이탈 기타,안전운전 의무 불이행,단일로,기타단일로,이륜차,없음,963991,1866175,127.0963879,36.79304028,,
2015,2015071310,주간,월,1,1,0,0,0,충남,보령시,차대사람,횡단중,횡단중,과속,단일로,횡단보도부근,승용차,보행자,919342,1829650,126.599811,36.46105763,,
2015,2015050417,주간,월,1,1,0,0,0,충남,서산시,차량단독,도로이탈,도로이탈 추락,안전운전 의무 불이행,교차로,교차로부근,농기계,없음,912126,1870393,126.5146193,36.82766583,,
2015,2015042717,주간,월,1,1,0,0,0,충남,천안시,차대차,정면충돌,정면충돌,안전운전 의무 불이행,기타/불명,기타/불명,승용차,자전거,967017,1865910,127.1303161,36.79076168,,
2015,2015061701,야간,수,1,2,1,0,0,대전,유성구,차대차,기타,기타,안전운전 의무 불이행,단일로,기타단일로,화물차,승용차,981106,1807437,127.2896608,36.26400854,,
2015,2015083017,주간,일,1,6,2,3,0,충남,논산시,차대차,정면충돌,정면충돌,중앙선 침범,단일로,기타단일로,승용차,승용차,968468,1796836,127.1493956,36.1681056,,
2015,2015050609,주간,수,1,1,0,0,0,충남,태안군,차대사람,길가장자리구역통행중,길가장자리구역통행중,안전운전 의무 불이행,교차로,교차로부근,승합차,보행자,896645,1836196,126.3456657,36.51788009,,
2015,2015020707,주간,토,1,1,0,0,0,대전,서구,차대사람,횡단중,횡단중,안전운전 의무 불이행,단일로,기타단일로,화물차,보행자,990764,1815986,127.3970779,36.34122257,,
2015,2015052923,야간,금,1,4,1,2,0,충남,당진시,차량단독,공작물충돌,공작물충돌,안전운전 의무 불이행,교차로,교차로내,승용차,없음,920438,1872451,126.6076002,36.84695166,,
2015,2015042522,야간,토,1,3,2,0,0,대전,서구,차대차,측면충돌,측면충돌,중앙선 침범,단일로,기타단일로,승용차,승용차,989664,1813103,127.3848582,36.3152199,,
2015,2015072211,주간,수,1,1,0,0,0,충남,보령시,차대차,측면충돌,측면충돌,안전운전 의무 불이행,단일로,기타단일로,승용차,자전거,917709,1816084,126.5830257,36.33863241,,
2015,2015112707,주간,금,1,2,0,1,0,충남,공주시,차대차,정면충돌,정면충돌,중앙선 침범,단일로,기타단일로,승용차,화물차,968530,1831468,127.1486864,36.48032499,,
2015,2015062320,야간,화,1,6,3,1,1,충남,금산군,차대차,기타,기타,안전운전 의무 불이행,단일로,기타단일로,화물차,승합차,1006103,1782356,127.5677476,36.03805117,,
2015,2015050606,주간,수,1,1,0,0,0,충남,천안시,차대차,측면충돌,측면충돌,교차로 통행방법 위반,교차로,교차로내,승용차,원동기장치자전거,978573,1864750,127.2598707,36.78063669,,
2015,2015050619,야간,수,1,1,0,0,0,충남,천안시,차대사람,횡단중,횡단중,안전운전 의무 불이행,단일로,기타단일로,승용차,보행자,973816,1863720,127.2065956,36.77123204,,
2015,2015091712,주간,목,1,1,0,0,0,충남,논산시,차량단독,도로이탈,도로이탈 기타,안전운전 의무 불이행,단일로,기타단일로,승용차,없음,971887,1803494,127.1871722,36.22823616,,
2015,2015092208,주간,화,1,1,0,0,0,충남,논산시,차대차,추돌,진행중 추돌,안전운전 의무 불이행,교차로,교차로부근,승용차,자전거,962986,1801345,127.0882298,36.20856217,,
2015,2015092201,야간,화,1,1,0,0,0,충남,계룡시,차량단독,전도전복,전도전복,안전운전 의무 불이행,단일로,기타단일로,이륜차,없음,976290,1811356,127.2359277,36.29923368,,
2015,2015063000,야간,화,1,2,1,0,0,충남,천안시,차대차,추돌,주정차중 추돌,안전운전 의무 불이행,단일로,기타단일로,화물차,화물차,971764,1884061,127.1828454,36.95453706,,
2015,2015100319,야간,토,1,1,0,0,0,충남,논산시,차대사람,횡단중,횡단중,과속,단일로,기타단일로,화물차,보행자,962287,1801334,127.0804544,36.20843599,,
2015,2015021400,야간,토,1,1,0,0,0,대전,유성구,차대사람,횡단중,횡단중,안전운전 의무 불이행,단일로,기타단일로,승용차,보행자,982672,1822843,127.3067516,36.40292902,,
2015,2015110817,주간,일,1,1,0,0,0,충남,홍성군,차대사람,횡단중,횡단중,보행자 보호의무 위반,단일로,기타단일로,화물차,보행자,925648,1845124,126.668691,36.60105327,,
2015,2015052714,주간,수,2,5,3,0,0,충남,태안군,차대차,정면충돌,정면충돌,중앙선 침범,교차로,교차로부근,승용차,건설기계,891681,1855749,126.2874799,36.6935621,,
2015,2015101819,야간,일,1,1,0,0,0,충남,논산시,차대사람,횡단중,횡단중,안전운전 의무 불이행,단일로,기타단일로,승용차,보행자,964924,1801593,127.109778,36.21087022,,
2015,2015101918,야간,월,1,1,0,0,0,충남,논산시,차대사람,횡단중,횡단중,안전운전 의무 불이행,단일로,기타단일로,승용차,보행자,964834,1792236,127.1091958,36.12650912,,
2015,2015063021,야간,화,1,1,0,0,0,충남,당진시,차대사람,길가장자리구역통행중,길가장자리구역통행중,보행자 보호의무 위반,교차로,교차로내,승합차,보행자,922065,1877466,126.6253321,36.89229033,,
2015,2015070210,주간,목,1,1,0,0,0,충남,당진시,차량단독,전도전복,전도전복,안전운전 의무 불이행,단일로,기타단일로,이륜차,없음,927999,1871026,126.6925344,36.8347134,,
2015,2015102420,야간,토,1,1,0,0,0,충남,논산시,차대사람,횡단중,횡단중,안전운전 의무 불이행,단일로,기타단일로,승용차,보행자,959388,1797205,127.0484185,36.1710941,,
2015,2015070417,주간,토,1,1,0,0,0,충남,당진시,차대차,측면충돌,측면충돌,교차로 통행방법 위반,교차로,교차로내,화물차,원동기장치자전거,937427,1868739,126.7984466,36.81476939,,
2015,2015052600,야간,화,1,1,0,0,0,충남,천안시,차대차,기타,기타,기타,단일로,기타단일로,승용차,화물차,966250,1865422,127.1217411,36.78633555,,
2015,2015071313,주간,월,1,2,1,0,0,대전,중구,차량단독,기타,기타,안전운전 의무 불이행,단일로,기타단일로,승용차,없음,990058,1809488,127.3892934,36.2826331,,
2015,2015120719,야간,월,1,1,0,0,0,충남,홍성군,차대사람,횡단중,횡단중,안전운전 의무 불이행,단일로,기타단일로,승용차,보행자,915622,1838497,126.5573324,36.54048386,,
2015,2015102917,주간,목,1,1,0,0,0,충남,논산시,차량단독,도로이탈,도로이탈 추락,안전운전 의무 불이행,단일로,기타단일로,농기계,없음,963420,1786924,127.0937288,36.07856615,,
2015,2015052006,주간,수,1,3,2,0,0,충남,아산시,차대차,추돌,주정차중 추돌,안전운전 의무 불이행,단일로,기타단일로,화물차,건설기계,953826,1850772,126.9833866,36.65374904,,
2015,2015060412,주간,목,1,2,0,1,0,충남,서산시,차대차,측면충돌,측면충돌,신호위반,교차로,교차로내,승용차,화물차,915873,1868242,126.5568692,36.80861861,,
2015,2015071119,야간,토,1,1,0,0,0,충남,당진시,차대사람,횡단중,횡단중,안전운전 의무 불이행,단일로,기타단일로,승용차,보행자,936111,1885097,126.782314,36.96213067,,
2015,2015052218,야간,금,1,1,0,0,0,충남,아산시,차량단독,도로이탈,도로이탈 추락,안전운전 의무 불이행,단일로,기타단일로,농기계,없음,947220,1868270,126.9082701,36.81113876,,
2015,2015052500,야간,월,1,2,1,0,0,대전,서구,차대차,측면충돌,측면충돌,안전운전 의무 불이행,단일로,기타단일로,승용차,이륜차,989691,1813908,127.3851484,36.32247762,,
2015,2015071918,야간,일,1,2,1,0,0,충남,당진시,차대차,정면충돌,정면충돌,중앙선 침범,단일로,기타단일로,승용차,승용차,914957,1890728,126.5440756,37.01121007,,
2015,2015041106,주간,토,1,1,0,0,0,충남,천안시,차대사람,횡단중,횡단중,안전운전 의무 불이행,단일로,기타단일로,승용차,보행자,968708,1870561,127.1490777,36.83274573,,
2015,2015061118,야간,목,1,1,0,0,0,충남,서산시,차대차,추돌,주정차중 추돌,안전운전 의무 불이행,단일로,기타단일로,이륜차,화물차,907153,1865871,126.4594141,36.78643281,,
2015,2015052921,야간,금,1,1,0,0,0,충남,아산시,차대사람,기타,기타,안전운전 의무 불이행,단일로,횡단보도상,승용차,보행자,956056,1867132,127.0073948,36.80133203,,
2015,2015061214,주간,금,2,3,1,0,0,충남,태안군,차대차,추돌,주정차중 추돌,안전운전 의무 불이행,단일로,기타단일로,건설기계,특수차,894294,1846128,126.3180502,36.60714195,,
2015,2015092016,주간,일,1,1,0,0,0,충남,보령시,차대차,기타,기타,안전운전 의무 불이행,교차로,교차로내,농기계,화물차,920911,1818509,126.6184555,36.36076063,,
2015,2015060101,야간,월,1,1,0,0,0,충남,아산시,차대사람,차도통행중,차도통행중,안전운전 의무 불이행,단일로,기타단일로,화물차,보행자,951107,1865217,126.9520424,36.78382687,,
2015,2015061510,주간,월,1,4,3,0,0,충남,서산시,차량단독,도로이탈,도로이탈 기타,안전운전 의무 불이행,단일로,기타단일로,화물차,없음,901455,1852787,126.3972517,36.66792877,,
2015,2015061608,주간,화,1,5,3,1,0,충남,서산시,차대차,정면충돌,정면충돌,중앙선 침범,단일로,기타단일로,승용차,승합차,902628,1858987,126.4095868,36.72393177,,
2015,2015060316,주간,수,1,1,0,0,0,충남,아산시,차대차,측면충돌,측면충돌,기타,교차로,교차로내,화물차,원동기장치자전거,944491,1865831,126.877854,36.78899695,,
2015,2015041617,주간,목,1,1,0,0,0,충남,천안시,차대사람,횡단중,횡단중,안전운전 의무 불이행,교차로,교차로내,승합차,보행자,965998,1867693,127.1188154,36.80679855,,
2015,2015120503,야간,토,2,8,6,0,0,충남,논산시,차대차,정면충돌,정면충돌,과속,단일로,기타단일로,승용차,화물차,959963,1797462,127.0547989,36.173435,,
2015,2015080319,야간,월,1,1,0,0,0,충남,당진시,차대차,정면충돌,정면충돌,중앙선 침범,단일로,기타단일로,이륜차,승용차,918963,1887832,126.589411,36.9854617,,
2015,2015120918,야간,수,1,1,0,0,0,충남,논산시,차대사람,횡단중,횡단중,안전운전 의무 불이행,교차로,교차로내,승용차,보행자,956039,1794574,127.011328,36.14722841,,
2015,2015120922,야간,수,1,3,2,0,0,충남,논산시,차대차,정면충돌,정면충돌,중앙선 침범,단일로,기타단일로,승용차,승용차,963859,1791007,127.098416,36.11539047,,
2015,2015121018,야간,목,1,1,0,0,0,충남,논산시,차대사람,횡단중,횡단중,과속,교차로,교차로내,승용차,보행자,964345,1794443,127.1036615,36.14638852,,
2015,2015060904,야간,화,1,1,0,0,0,충남,아산시,차량단독,기타,기타,안전운전 의무 불이행,기타/불명,기타/불명,농기계,없음,948308,1873388,126.9201192,36.8573336,,
2015,2015100719,야간,수,1,1,0,0,0,충남,보령시,차대사람,길가장자리구역통행중,길가장자리구역통행중,안전운전 의무 불이행,단일로,기타단일로,승용차,보행자,923365,1820748,126.6455849,36.38114249,,
2015,2015061521,야간,월,1,2,0,1,0,충남,천안시,차대차,추돌,주정차중 추돌,안전운전 의무 불이행,기타/불명,기타/불명,승용차,승용차,967453,1866788,127.1351653,36.79869155,,
2015,2015050711,주간,목,1,1,0,0,0,대전,동구,차대사람,횡단중,횡단중,보행자 보호의무 위반,단일로,횡단보도상,승용차,보행자,994255,1815911,127.4359807,36.34057358,,
2015,2015121618,야간,수,1,1,0,0,0,충남,논산시,차대사람,횡단중,횡단중,안전운전 의무 불이행,교차로,교차로부근,화물차,보행자,964343,1794457,127.1036386,36.14651467,,
2015,2015061317,주간,토,1,1,0,0,0,충남,아산시,차대사람,횡단중,횡단중,보행자 보호의무 위반,단일로,기타단일로,화물차,보행자,954339,1855633,126.9888362,36.69759358,,
2015,2015123002,야간,수,1,8,3,4,0,대전,유성구,차대차,측면충돌,측면충돌,신호위반,교차로,교차로내,승용차,승용차,983884,1811917,127.3204945,36.30444824,,
2015,2015042309,주간,목,1,1,0,0,0,충남,천안시,차대사람,횡단중,횡단중,안전운전 의무 불이행,교차로,교차로내,승용차,보행자,966753,1867216,127.1273001,36.80252545,,
2015,2015102110,주간,수,1,1,0,0,0,충남,보령시,차대차,측면충돌,측면충돌,기타,단일로,기타단일로,이륜차,승용차,918307,1826095,126.588636,36.42892473,,
2015,2015082118,야간,금,1,1,0,0,0,충남,당진시,차대차,정면충돌,정면충돌,안전운전 의무 불이행,단일로,기타단일로,이륜차,승용차,916286,1889872,126.5591075,37.00361414,,
2015,2015061723,야간,수,1,2,1,0,0,충남,아산시,차대차,측면충돌,측면충돌,신호위반,교차로,교차로내,이륜차,승용차,957819,1864297,127.0273141,36.77585629,,
2015,2015082500,야간,화,1,1,0,0,0,충남,당진시,차대사람,횡단중,횡단중,안전운전 의무 불이행,단일로,기타단일로,승용차,보행자,927077,1878603,126.6814672,36.90293959,,
2015,2015102515,주간,일,1,1,0,0,0,충남,보령시,차량단독,전도전복,전도전복,안전운전 의무 불이행,단일로,기타단일로,농기계,없음,925046,1798904,126.6664215,36.18436106,,
2015,2015102716,주간,화,1,1,0,0,0,충남,보령시,차대사람,횡단중,횡단중,안전운전 의무 불이행,단일로,기타단일로,승용차,보행자,919286,1817760,126.6004226,36.35387392,,
2015,2015051412,주간,목,1,1,0,0,0,대전,동구,차대사람,횡단중,횡단중,안전운전 의무 불이행,단일로,기타단일로,승용차,보행자,994347,1815993,127.4370053,36.34131339,,
2015,2015062714,주간,토,1,1,0,0,0,충남,천안시,차대사람,횡단중,횡단중,안전운전 의무 불이행,교차로,교차로부근,승용차,보행자,966647,1859672,127.1264419,36.73451565,,
2015,2015062317,주간,화,1,3,0,2,0,대전,서구,차대차,측면충돌,측면충돌,기타,단일로,기타단일로,화물차,승합차,986478,1813010,127.3493683,36.31434201,,
2015,2015062508,주간,목,1,1,0,0,0,충남,아산시,차대차,측면충돌,측면충돌,기타,교차로,교차로내,화물차,자전거,950376,1869548,126.9435678,36.8228298,,
2015,2015070717,주간,화,1,1,0,0,0,충남,서산시,차량단독,전도전복,전도전복,안전운전 의무 불이행,교차로,교차로부근,이륜차,없음,906032,1877250,126.4454452,36.88888286,,
2015,2015060423,야간,목,1,1,0,0,0,대전,대덕구,차대차,기타,기타,교차로 통행방법 위반,단일로,기타단일로,승용차,자전거,991987,1817235,127.4106936,36.35249378,,