발생년,발생년월일시,주야,요일,사망자수,사상자수,중상자수,경상자수,부상신고자수,발생지시도,발생지시군구,사고유형_대분류,사고유형_중분류,사고유형,법규위반,도로형태_대분류,도로형태,당사자종별_1당_대분류,당사자종별_2당_대분류,발생위치X_UTMK,발생위치Y_UTMK,경도,위도,,
2015,2015052118,야간,목,1,2,0,1,0,대전,동구,차대사람,횡단중,횡단중,안전운전 의무 불이행,단일로,기타단일로,건설기계,보행자,995901,1812503,127.4543408,36.30985735,,
2015,2015062915,주간,월,1,1,0,0,0,충남,아산시,차대차,기타,기타,기타,교차로,교차로내,화물차,농기계,945195,1874618,126.8851105,36.86824548,,
2015,2015111820,야간,수,1,1,0,0,0,충남,보령시,차대사람,길가장자리구역통행중,길가장자리구역통행중,안전운전 의무 불이행,단일로,기타단일로,승용차,보행자,921034,1799305,126.6217675,36.18765693,,
2015,2015091211,주간,토,1,1,0,0,0,충남,당진시,차량단독,기타,기타,안전운전 의무 불이행,교차로,교차로내,원동기장치자전거,없음,918637,1888043,126.5857255,36.98733536,,
2015,2015112121,야간,토,1,1,0,0,0,충남,보령시,차대사람,기타,기타,안전운전 의무 불이행,단일로,기타단일로,승용차,보행자,914920,1817081,126.5518425,36.34737708,,
2015,2015070301,야간,금,1,1,0,0,0,충남,아산시,차량단독,전도전복,전도전복,안전운전 의무 불이행,기타/불명,기타/불명,승용차,없음,951499,1869189,126.9561824,36.81965192,,
2015,2015050706,주간,목,1,4,2,1,0,충남,천안시,차대차,추돌,진행중 추돌,안전운전 의무 불이행,교차로,교차로내,화물차,승용차,967265,1883420,127.1323401,36.94861317,,
2015,2015070217,주간,목,1,1,0,0,0,대전,서구,차대사람,횡단중,횡단중,보행자 보호의무 위반,단일로,기타단일로,화물차,보행자,989546,1815762,127.3835081,36.33919066,,
2015,2015072113,주간,화,1,1,0,0,0,충남,서산시,차대차,측면충돌,측면충돌,신호위반,교차로,교차로내,화물차,이륜차,907443,1864742,126.462801,36.7762852,,
2015,2015072400,야간,금,1,1,0,0,0,충남,서산시,차대사람,차도통행중,차도통행중,안전운전 의무 불이행,단일로,기타단일로,승용차,보행자,904060,1884582,126.4223883,36.95476737,,
2015,2015070800,야간,수,1,1,0,0,0,충남,아산시,차량단독,공작물충돌,공작물충돌,안전운전 의무 불이행,단일로,기타단일로,승용차,없음,964967,1865533,127.1073568,36.78728957,,
2015,2015113018,야간,월,1,1,0,0,0,충남,보령시,차대사람,횡단중,횡단중,안전운전 의무 불이행,교차로,교차로부근,화물차,보행자,916720,1815944,126.5720237,36.33728898,,
2015,2015081515,주간,토,1,7,3,3,0,충남,천안시,차대차,추돌,진행중 추돌,안전운전 의무 불이행,기타/불명,기타/불명,화물차,승합차,965579,1852657,127.1147961,36.67123955,,
2015,2015070817,주간,수,1,1,0,0,0,대전,서구,차대사람,횡단중,횡단중,안전운전 의무 불이행,교차로,교차로내,승용차,보행자,989610,1814878,127.384233,36.33122172,,
2015,2015120821,야간,화,2,5,2,1,0,충남,보령시,차대차,정면충돌,정면충돌,과속,교차로,교차로내,승용차,특수차,919719,1818046,126.6052185,36.35648824,,
2015,2015073001,야간,목,1,1,0,0,0,충남,서산시,차량단독,전도전복,전도전복,안전운전 의무 불이행,단일로,기타단일로,승용차,없음,913872,1866585,126.5346267,36.79350331,,
2015,2015073100,야간,금,1,2,0,1,0,충남,서산시,차대사람,길가장자리구역통행중,길가장자리구역통행중,안전운전 의무 불이행,단일로,기타단일로,승용차,보행자,905277,1873119,126.4374893,36.85157436,,
2015,2015061608,주간,화,1,1,0,0,0,대전,대덕구,차대차,기타,기타,신호위반,교차로,교차로부근,승합차,자전거,992792,1827894,127.4195665,36.44859455,,
2015,2015072114,주간,화,1,1,0,0,0,충남,천안시,차대차,기타,기타,안전운전 의무 불이행,교차로,교차로부근,화물차,이륜차,968122,1864078,127.1427777,36.77428481,,
2015,2015071411,주간,화,1,2,1,0,0,충남,아산시,차량단독,공작물충돌,공작물충돌,안전운전 의무 불이행,단일로,기타단일로,이륜차,없음,954621,1865234,126.9914223,36.784155,,
2015,2015080403,야간,화,1,5,3,1,0,충남,태안군,차대차,정면충돌,정면충돌,중앙선 침범,교차로,교차로부근,승용차,화물차,892907,1861258,126.3004291,36.74335301,,
2015,2015071711,주간,금,1,2,0,1,0,충남,아산시,차대차,추돌,진행중 추돌,안전거리 미확보,단일로,기타단일로,화물차,승용차,957820,1881035,127.0263955,36.92673849,,
2015,2015061316,주간,토,1,1,0,0,0,대전,동구,차대사람,차도통행중,차도통행중,안전운전 의무 불이행,단일로,기타단일로,승용차,보행자,993948,1817256,127.4325536,36.35269744,,
2015,2015081702,야간,월,1,1,0,0,0,충남,태안군,차대차,추돌,진행중 추돌,안전운전 의무 불이행,교차로,교차로부근,이륜차,승용차,878944,1866004,126.1433107,36.78444604,,
2015,2015081723,야간,월,1,1,0,0,0,충남,서산시,차대사람,횡단중,횡단중,안전운전 의무 불이행,교차로,교차로내,승용차,보행자,908077,1864205,126.4699693,36.77150678,,
2015,2015081817,주간,화,1,1,0,0,0,충남,태안군,차대차,측면충돌,측면충돌,기타,교차로,교차로내,화물차,원동기장치자전거,900702,1825786,126.3923051,36.42447899,,
2015,2015062012,주간,토,1,1,0,0,0,대전,동구,차대차,측면충돌,측면충돌,교차로 통행방법 위반,교차로,교차로내,원동기장치자전거,승용차,993835,1814510,127.431307,36.32794307,,
2015,2015102313,주간,금,1,1,0,0,0,충남,당진시,차대차,측면충돌,측면충돌,안전운전 의무 불이행,단일로,기타단일로,건설기계,이륜차,932730,1876592,126.7450932,36.88523302,,
2015,2015080605,야간,목,1,1,0,0,0,충남,아산시,차대사람,횡단중,횡단중,보행자 보호의무 위반,단일로,횡단보도상,승용차,보행자,956037,1865954,127.0072476,36.79071126,,
2015,2015073120,야간,금,1,1,0,0,0,충남,아산시,차대사람,길가장자리구역통행중,길가장자리구역통행중,안전운전 의무 불이행,기타/불명,기타/불명,화물차,보행자,945054,1873892,126.8835812,36.86169303,,
2015,2015060217,주간,화,1,1,0,0,0,충남,천안시,차대차,기타,기타,안전거리 미확보,단일로,기타단일로,승용차,건설기계,965861,1870843,127.1171381,36.8351893,,
2015,2015081807,주간,화,1,1,0,0,0,충남,천안시,차량단독,공작물충돌,공작물충돌,안전운전 의무 불이행,단일로,기타단일로,승용차,없음,972752,1864995,127.1946276,36.78269571,,
2015,2015110918,야간,월,1,1,0,0,0,충남,당진시,차대사람,횡단중,횡단중,안전운전 의무 불이행,단일로,기타단일로,화물차,보행자,918952,1871718,126.5910127,36.84021846,,
2015,2015091501,야간,화,1,7,1,5,0,충남,공주시,차대차,추돌,진행중 추돌,안전운전 의무 불이행,단일로,기타단일로,승용차,화물차,962376,1825657,127.0802704,36.42771671,,
2015,2015082812,주간,금,1,1,0,0,0,충남,천안시,차량단독,전도전복,전도전복,안전운전 의무 불이행,단일로,기타단일로,농기계,없음,978060,1863630,127.2541539,36.77052849,,
2015,2015082219,야간,토,1,2,0,1,0,충남,아산시,차대차,정면충돌,정면충돌,중앙선 침범,기타/불명,기타/불명,원동기장치자전거,승용차,955788,1857005,127.0049775,36.71003007,,
2015,2015112118,야간,토,1,1,0,0,0,충남,당진시,차대차,측면충돌,측면충돌,중앙선 침범,단일로,기타단일로,화물차,승용차,936128,1883307,126.7826563,36.94599714,,
2015,2015091222,야간,토,1,2,0,0,1,충남,서산시,차대사람,횡단중,횡단중,과속,단일로,기타단일로,승용차,보행자,906489,1864121,126.4521882,36.77059429,,
2015,2015120109,주간,화,1,3,0,2,0,충남,당진시,차대차,추돌,진행중 추돌,안전운전 의무 불이행,단일로,기타단일로,승용차,화물차,919256,1881459,126.5933842,36.92804475,,
2015,2015120708,주간,월,1,1,0,0,0,충남,당진시,차대사람,횡단중,횡단중,보행자 보호의무 위반,단일로,횡단보도상,화물차,보행자,931417,1881936,126.7298758,36.93330799,,
2015,2015052423,야간,일,1,1,0,0,0,충남,천안시,차량단독,기타,기타,기타,단일로,기타단일로,승용차,없음,976412,1863419,127.2356941,36.7685868,,
2015,2015092306,주간,수,2,2,0,0,0,충남,서산시,차대사람,횡단중,횡단중,신호위반,단일로,횡단보도상,화물차,보행자,905466,1882183,126.4384783,36.93328752,,
2015,2015033004,야간,월,1,1,0,0,0,대전,서구,차량단독,전도전복,전도전복,안전운전 의무 불이행,교차로,교차로부근,승용차,없음,990433,1818861,127.393354,36.36713859,,
2015,2015123100,야간,목,1,2,1,0,0,충남,당진시,차량단독,전도전복,전도전복,안전운전 의무 불이행,교차로,교차로부근,화물차,없음,919347,1885432,126.5939819,36.96386271,,
2015,2015123106,주간,목,1,4,3,0,0,충남,당진시,차량단독,공작물충돌,공작물충돌,안전운전 의무 불이행,단일로,기타단일로,승용차,없음,918473,1872981,126.5855055,36.85156134,,
2015,2015070712,주간,화,1,2,1,0,0,대전,중구,차대차,기타,기타,안전운전 의무 불이행,단일로,기타단일로,승용차,이륜차,992156,1815761,127.412592,36.33920645,,
2015,2015080714,주간,금,1,1,0,0,0,대전,대덕구,차대사람,기타,기타,안전운전 의무 불이행,단일로,횡단보도상,화물차,보행자,993615,1828284,127.4287426,36.45211273,,
2015,2015100620,야간,화,1,1,0,0,0,충남,태안군,차대사람,차도통행중,차도통행중,안전운전 의무 불이행,단일로,기타단일로,승용차,보행자,893451,1861934,126.306427,36.74950696,,
2015,2015092309,주간,수,1,2,1,0,0,충남,아산시,차대차,기타,기타,신호위반,교차로,교차로내,건설기계,원동기장치자전거,945201,1874618,126.8851778,36.86824582,,
2015,2015100105,야간,목,1,1,0,0,0,충남,천안시,차대사람,횡단중,횡단중,안전운전 의무 불이행,교차로,교차로부근,화물차,보행자,969582,1867066,127.1590187,36.80126841,,
2015,2015101310,주간,화,1,2,1,0,0,충남,서산시,차대차,측면충돌,측면충돌,안전운전 의무 불이행,단일로,기타단일로,이륜차,승용차,913715,1857945,126.5338443,36.71561224,,
2015,2015101409,주간,수,3,6,0,3,0,충남,서산시,차대차,정면충돌,정면충돌,신호위반,교차로,교차로부근,건설기계,승용차,905541,1864397,126.4415331,36.77298791,,
2015,2015092707,주간,일,1,1,0,0,0,충남,아산시,차량단독,전도전복,전도전복,안전운전 의무 불이행,단일로,기타단일로,원동기장치자전거,없음,941165,1864048,126.840716,36.77272389,,
2015,2015080811,주간,토,1,1,0,0,0,대전,동구,차대차,측면충돌,측면충돌,안전운전 의무 불이행,교차로,교차로내,원동기장치자전거,승용차,994367,1817428,127.4372178,36.35425063,,
2015,2015102013,주간,화,1,1,0,0,0,대전,동구,차대차,추돌,주정차중 추돌,안전운전 의무 불이행,단일로,기타단일로,승용차,화물차,997751,1816510,127.4749366,36.34598834,,
2015,2015102618,야간,월,1,3,0,2,0,충남,서산시,차대차,정면충돌,정면충돌,중앙선 침범,단일로,기타단일로,이륜차,승용차,915645,1860574,126.5551621,36.73948246,,
2015,2015081808,주간,화,1,3,2,0,0,대전,동구,차대차,추돌,주정차중 추돌,안전운전 의무 불이행,단일로,기타단일로,화물차,화물차,996450,1813317,127.4604524,36.31719812,,
2015,2015072208,주간,수,1,2,0,0,1,충남,천안시,차량단독,기타,기타,안전운전 의무 불이행,단일로,기타단일로,원동기장치자전거,없음,967545,1879102,127.1356701,36.90969888,,
2015,2015102705,야간,화,1,1,0,0,0,대전,동구,차대사람,기타,기타,안전운전 의무 불이행,단일로,기타단일로,승용차,보행자,994695,1809008,127.4409308,36.2783423,,
2015,2015110110,주간,일,1,1,0,0,0,충남,서산시,차대사람,횡단중,횡단중,과속,교차로,교차로부근,승용차,보행자,917752,1854550,126.5794073,36.68536896,,
2015,2015110221,야간,월,1,1,0,0,0,충남,태안군,차량단독,전도전복,전도전복,안전운전 의무 불이행,단일로,기타단일로,승용차,없음,890241,1866367,126.2698374,36.78909417,,
2015,2015110318,야간,화,1,1,0,0,0,충남,서산시,차대사람,길가장자리구역통행중,길가장자리구역통행중,안전운전 의무 불이행,단일로,기타단일로,승용차,보행자,913860,1867254,126.5344165,36.79953222,,
2015,2015103100,야간,토,1,3,1,1,0,충남,논산시,차대차,기타,기타,안전운전 의무 불이행,단일로,기타단일로,승용차,화물차,968124,1792858,127.1457288,36.13222689,,
2015,2015102009,주간,화,1,1,0,0,0,충남,아산시,차대차,기타,기타,안전운전 의무 불이행,교차로,교차로내,승용차,원동기장치자전거,949669,1874219,126.9353311,36.8648979,,
2015,2015110800,야간,일,1,1,0,0,0,충남,공주시,차대차,기타,기타,과속,단일로,기타단일로,승용차,승합차,965995,1846407,127.1197285,36.61491219,,
2015,2015080922,야간,일,1,1,0,0,0,대전,중구,차대차,기타,기타,안전운전 의무 불이행,단일로,기타단일로,승용차,자전거,990153,1812574,127.3903123,36.31045584,,
2015,2015110618,야간,금,1,1,0,0,0,충남,아산시,차대차,기타,기타,안전운전 의무 불이행,단일로,기타단일로,승용차,농기계,949465,1864386,126.933696,36.77624978,,
2015,2015080815,주간,토,1,1,0,0,0,충남,천안시,차량단독,공작물충돌,공작물충돌,안전운전 의무 불이행,단일로,기타단일로,화물차,없음,978383,1879657,127.2573171,36.91501272,,
2015,2015111119,야간,수,1,1,0,0,0,충남,천안시,차대차,측면충돌,측면충돌,안전운전 의무 불이행,단일로,기타단일로,승용차,자전거,966512,1865232,127.1246858,36.78463208,,
2015,2015111015,주간,화,1,1,0,0,0,충남,아산시,차대차,측면충돌,측면충돌,안전운전 의무 불이행,교차로,교차로내,건설기계,이륜차,957926,1874180,127.0279663,36.86495033,,
2015,2015120523,야간,토,1,1,0,0,0,충남,서산시,차대사람,횡단중,횡단중,안전운전 의무 불이행,단일로,기타단일로,승용차,보행자,911098,1865364,126.5036808,36.78224157,,
2015,2015111322,야간,금,1,1,0,0,0,충남,아산시,차대사람,횡단중,횡단중,신호위반,교차로,교차로부근,승용차,보행자,962097,1871155,127.0749111,36.83785837,,
2015,2015111706,주간,화,1,2,0,1,0,충남,아산시,차대차,추돌,진행중 추돌,안전운전 의무 불이행,단일로,기타단일로,승합차,건설기계,963644,1864930,127.092558,36.78180394,,
2015,2015112617,주간,목,2,3,1,0,0,충남,예산군,차대차,기타,기타,안전운전 의무 불이행,단일로,기타단일로,승용차,승용차,943200,1844666,126.8649563,36.59813191,,
2015,2015082523,야간,화,1,1,0,0,0,대전,중구,차대사람,횡단중,횡단중,신호위반,교차로,교차로내,승용차,보행자,990354,1812640,127.3925505,36.3110529,,
2015,2015082320,야간,일,1,1,0,0,0,충남,천안시,차대차,추돌,진행중 추돌,안전운전 의무 불이행,단일로,기타단일로,승용차,자전거,967424,1881025,127.134229,36.92702754,,
2015,2015122514,주간,금,1,1,0,0,0,충남,서산시,차량단독,공작물충돌,공작물충돌,안전운전 의무 불이행,단일로,기타단일로,화물차,없음,903998,1884662,126.4216819,36.95548208,,
2015,2015122607,주간,토,1,1,0,0,0,충남,서산시,차량단독,공작물충돌,공작물충돌,안전운전 의무 불이행,단일로,기타단일로,화물차,없음,900152,1850337,126.3829923,36.64571046,,
2015,2015082705,야간,목,1,1,0,0,0,충남,천안시,차대사람,횡단중,횡단중,안전운전 의무 불이행,단일로,기타단일로,화물차,보행자,967479,1880224,127.134881,36.91981074,,
2015,2015111418,야간,토,1,1,0,0,0,대전,서구,차대차,추돌,진행중 추돌,안전운전 의무 불이행,단일로,기타단일로,승용차,농기계,987924,1812311,127.3654872,36.30805942,,
2015,2015112804,야간,토,1,1,0,0,0,충남,아산시,차대사람,차도통행중,차도통행중,안전운전 의무 불이행,단일로,기타단일로,승용차,보행자,953909,1867829,126.9832859,36.80751292,,
2015,2015123118,야간,목,1,1,0,0,0,충남,서산시,차대사람,횡단중,횡단중,안전운전 의무 불이행,단일로,기타단일로,승용차,보행자,907629,1864576,126.4649051,36.77480715,,
2015,2015121513,주간,화,1,1,0,0,0,충남,천안시,차대사람,횡단중,횡단중,안전운전 의무 불이행,단일로,기타단일로,승합차,보행자,967858,1864602,127.1397973,36.77899953,,
2015,2015101523,야간,목,1,1,0,0,0,대전,대덕구,차대차,추돌,주정차중 추돌,안전운전 의무 불이행,단일로,기타단일로,승용차,승합차,993127,1822389,127.4233536,36.39896781,,
2015,2015083114,주간,월,1,1,0,0,0,충남,천안시,차대차,측면충돌,측면충돌,중앙선 침범,단일로,기타단일로,원동기장치자전거,화물차,968571,1875090,127.1473538,36.87356778,,
2015,2015090221,야간,수,1,1,0,0,0,충남,천안시,차대사람,횡단중,횡단중,안전운전 의무 불이행,단일로,기타단일로,승용차,보행자,969079,1871693,127.1531921,36.84296236,,
2015,2015121818,야간,금,1,1,0,0,0,충남,천안시,차대차,기타,기타,안전운전 의무 불이행,단일로,기타단일로,화물차,자전거,969059,1869698,127.153049,36.82497775,,
2015,2015090518,야간,토,1,1,0,0,0,충남,천안시,차대차,정면충돌,정면충돌,중앙선 침범,단일로,기타단일로,승용차,승합차,972571,1879284,127.192083,36.91149913,,
2015,2015100408,주간,일,1,1,0,0,0,대전,동구,차대차,추돌,진행중 추돌,안전거리 미확보,단일로,기타단일로,원동기장치자전거,승용차,995993,1813307,127.4553614,36.31710617,,
2015,2015102308,주간,금,1,1,0,0,0,대전,대덕구,차대차,측면충돌,측면충돌,안전거리 미확보,단일로,기타단일로,승용차,이륜차,991936,1817847,127.4101189,36.35801077,,
2015,2015102318,야간,금,1,1,0,0,0,대전,대덕구,차대차,측면충돌,측면충돌,안전운전 의무 불이행,교차로,교차로내,화물차,자전거,990588,1816559,127.3951097,36.34638669,,
2015,2015050519,야간,화,1,1,0,0,0,대전,유성구,차대차,측면충돌,측면충돌,안전운전 의무 불이행,단일로,기타단일로,승용차,자전거,985382,1814998,127.3371219,36.33224866,,
2015,2015122113,주간,월,1,1,0,0,0,충남,부여군,차대차,추돌,진행중 추돌,안전운전 의무 불이행,단일로,기타단일로,화물차,승용차,960765,1809142,127.0631315,36.27876701,,
2015,2015100816,주간,목,1,1,0,0,0,대전,동구,차대차,추돌,진행중 추돌,안전운전 의무 불이행,단일로,기타단일로,승용차,화물차,998051,1808023,127.4783011,36.26947462,,
2015,2015120214,주간,수,1,1,0,0,0,대전,서구,차대사람,횡단중,횡단중,보행자 보호의무 위반,단일로,기타단일로,화물차,보행자,987057,1811341,127.3558459,36.29930317,,
2015,2015122907,주간,화,1,1,0,0,0,대전,대덕구,차대차,기타,기타,안전운전 의무 불이행,단일로,기타단일로,화물차,화물차,992638,1826037,127.4178657,36.43185203,,
2015,2015121700,야간,목,1,1,0,0,0,충남,아산시,차량단독,공작물충돌,공작물충돌,안전운전 의무 불이행,단일로,기타단일로,승용차,없음,954513,1865591,126.9901906,36.78736796,,
2015,2015121810,주간,금,1,2,0,0,1,충남,아산시,차대차,정면충돌,정면충돌,중앙선 침범,단일로,기타단일로,건설기계,건설기계,950078,1874120,126.939926,36.8640272,,
2015,2015091604,야간,수,1,1,0,0,0,대전,중구,차대차,측면충돌,측면충돌,과속,단일로,기타단일로,승용차,자전거,991278,1814776,127.4028193,36.3303187,,
2015,2015122000,야간,일,1,1,0,0,0,충남,아산시,차대사람,횡단중,횡단중,안전운전 의무 불이행,단일로,기타단일로,화물차,보행자,956091,1864834,127.0079196,36.78061853,,
2015,2015110722,야간,토,1,1,0,0,0,대전,대덕구,차대사람,횡단중,횡단중,안전운전 의무 불이행,단일로,기타단일로,승용차,보행자,993665,1827870,127.4293085,36.44838435,,
2015,2015111702,야간,화,1,1,0,0,0,대전,대덕구,차대사람,기타,기타,안전운전 의무 불이행,단일로,기타단일로,화물차,보행자,993372,1817968,127.4261268,36.3591126,,
2015,2015110604,야간,금,2,2,0,0,0,대전,서구,차량단독,공작물충돌,공작물충돌,안전운전 의무 불이행,교차로,교차로내,이륜차,없음,991197,1816385,127.4018986,36.34482378,,
2015,2015100205,야간,금,1,1,0,0,0,대전,중구,차대사람,기타,기타,안전운전 의무 불이행,단일로,횡단보도부근,화물차,보행자,991929,1814126,127.4100794,36.32446434,,
2015,2015051622,야간,토,1,1,0,0,0,대전,유성구,차대사람,횡단중,횡단중,과속,단일로,기타단일로,승용차,보행자,982316,1815554,127.3029471,36.33720977,,
2015,2015110719,야간,토,1,1,0,0,0,대전,동구,차대사람,횡단중,횡단중,안전운전 의무 불이행,단일로,기타단일로,화물차,보행자,997627,1814409,127.4735611,36.32704661,,
2015,2015111513,주간,일,1,1,0,0,0,대전,동구,차대사람,차도통행중,차도통행중,안전운전 의무 불이행,단일로,기타단일로,승용차,보행자,1000380,1817132,127.5042351,36.35159848,,
2015,2015101517,주간,목,1,1,0,0,0,충남,천안시,차대사람,횡단중,횡단중,보행자 보호의무 위반,단일로,기타단일로,화물차,보행자,971978,1879198,127.1854293,36.91070645,,
2015,2015101623,야간,금,1,1,0,0,0,충남,천안시,차대차,추돌,주정차중 추돌,안전운전 의무 불이행,단일로,기타단일로,승용차,승합차,968939,1871273,127.151638,36.83916807,,
2015,2015101914,주간,월,1,1,0,0,0,대전,중구,차대사람,기타,기타,기타,교차로,교차로부근,승용차,보행자,991767,1815374,127.4082614,36.33571423,,
2015,2015052501,야간,월,1,2,1,0,0,대전,서구,차대차,측면충돌,측면충돌,신호위반,교차로,교차로내,이륜차,승용차,990595,1817814,127.3951726,36.35770109,,
2015,2015102008,주간,화,1,1,0,0,0,충남,천안시,차대차,기타,기타,안전거리 미확보,교차로,교차로부근,화물차,이륜차,967493,1880079,127.1350444,36.91850414,,
2015,2015102023,야간,화,1,1,0,0,0,충남,천안시,차대차,측면충돌,측면충돌,안전운전 의무 불이행,교차로,교차로내,승용차,승용차,967461,1882484,127.1345817,36.94018255,,
2015,2015052523,야간,월,2,2,0,0,0,대전,유성구,차량단독,전도전복,전도전복,안전운전 의무 불이행,단일로,기타단일로,원동기장치자전거,없음,989361,1819657,127.3813933,36.37430356,,
2015,2015102702,야간,화,1,1,0,0,0,충남,천안시,차대사람,기타,기타,안전운전 의무 불이행,단일로,기타단일로,화물차,보행자,967572,1869357,127.1363897,36.82185398,,
2015,2015102920,야간,목,1,1,0,0,0,충남,천안시,차대사람,기타,기타,안전운전 의무 불이행,단일로,기타단일로,승용차,보행자,963374,1881430,127.0887361,36.9305314,,
2015,2015120917,주간,수,1,1,0,0,0,대전,동구,차대사람,횡단중,횡단중,안전운전 의무 불이행,단일로,기타단일로,승용차,보행자,993007,1816226,127.4220708,36.34340518,,
2015,2015111222,야간,목,1,2,0,1,0,대전,중구,차대차,추돌,진행중 추돌,기타,단일로,기타단일로,승용차,원동기장치자전거,991612,1813719,127.4065521,36.32079235,,
2015,2015110703,야간,토,1,1,0,0,0,충남,천안시,차대사람,횡단중,횡단중,안전운전 의무 불이행,단일로,기타단일로,승용차,보행자,967422,1868588,127.1347407,36.81491666,,
2015,2015110913,주간,월,1,1,0,0,0,충남,천안시,차대차,측면충돌,측면충돌,안전운전 의무 불이행,단일로,기타단일로,화물차,원동기장치자전거,973457,1875244,127.2021706,36.87510603,,
2015,2015112004,야간,금,1,1,0,0,0,대전,중구,차량단독,공작물충돌,공작물충돌,안전운전 의무 불이행,단일로,횡단보도부근,승합차,없음,991972,1812504,127.4105752,36.30984163,,
2015,2015061001,야간,수,2,2,0,0,0,대전,유성구,차대차,추돌,진행중 추돌,안전운전 의무 불이행,단일로,지하차도(도로)내,승용차,원동기장치자전거,983958,1820714,127.3211408,36.38375508,,
2015,2015061011,주간,수,1,1,0,0,0,대전,유성구,차대차,측면충돌,측면충돌,기타,단일로,기타단일로,화물차,이륜차,989627,1827271,127.384257,36.44294903,,
2015,2015111415,주간,토,1,1,0,0,0,충남,천안시,차량단독,기타,기타,안전운전 의무 불이행,교차로,교차로부근,농기계,없음,970749,1878955,127.1716423,36.90847861,,
2015,2015121212,주간,토,1,1,0,0,0,충남,천안시,차대차,측면충돌,측면충돌,안전운전 의무 불이행,교차로,교차로부근,승용차,자전거,975256,1879613,127.2222136,36.91453918,,
2015,2015062423,야간,수,1,2,1,0,0,대전,유성구,차대차,정면충돌,정면충돌,중앙선 침범,단일로,기타단일로,승용차,승합차,985590,1817562,127.339392,36.35536725,,
2015,2015122105,야간,월,1,1,0,0,0,충남,천안시,차대차,추돌,진행중 추돌,안전운전 의무 불이행,단일로,기타단일로,승용차,승용차,964632,1869712,127.1034081,36.82494875,,
2015,2015071819,야간,토,1,1,0,0,0,대전,유성구,차량단독,전도전복,전도전복,안전운전 의무 불이행,단일로,기타단일로,원동기장치자전거,없음,982921,1819269,127.3096071,36.37071276,,
2015,2015081316,주간,목,1,1,0,0,0,대전,유성구,차대차,측면충돌,측면충돌,신호위반,교차로,교차로부근,승용차,자전거,983676,1811838,127.3181794,36.30373252,,
2015,2015090623,야간,일,1,1,0,0,0,대전,서구,차량단독,전도전복,전도전복,안전운전 의무 불이행,교차로,교차로부근,이륜차,없음,990575,1817816,127.3949496,36.35771892,,
2015,2015090817,주간,화,1,1,0,0,0,대전,서구,차대차,측면충돌,측면충돌,신호위반,교차로,교차로내,승용차,자전거,991195,1817313,127.4018658,36.35319005,,
2015,2015091804,야간,금,1,1,0,0,0,대전,유성구,차량단독,기타,기타,안전운전 의무 불이행,교차로,교차로부근,승용차,없음,987781,1822771,127.36373,36.40235852,,
2015,2015092105,야간,월,1,1,0,0,0,대전,유성구,차대사람,횡단중,횡단중,안전운전 의무 불이행,교차로,교차로내,승용차,보행자,983884,1820833,127.3203099,36.38482936,,
2015,2015092503,야간,금,1,1,0,0,0,대전,유성구,차대사람,횡단중,횡단중,과속,단일로,기타단일로,승용차,보행자,984962,1816813,127.3324071,36.34860512,,
2015,2015110103,야간,일,1,1,0,0,0,대전,서구,차량단독,공작물충돌,공작물충돌,안전운전 의무 불이행,단일로,기타단일로,원동기장치자전거,없음,986600,1816800,127.3506622,36.34851213,,
2015,2015111301,야간,금,1,1,0,0,0,대전,서구,차대차,측면충돌,측면충돌,신호위반,교차로,교차로내,승용차,원동기장치자전거,988238,1817316,127.3689092,36.35318549,,
2015,2015112301,야간,월,1,1,0,0,0,대전,서구,차량단독,공작물충돌,공작물충돌,안전운전 의무 불이행,단일로,기타단일로,승용차,없음,989908,1816088,127.3875377,36.34213355,,
2015,2015123122,야간,목,1,1,0,0,0,충남,천안시,차대사람,기타,기타,안전운전 의무 불이행,단일로,기타단일로,화물차,보행자,974663,1879437,127.2155623,36.91293689,,
2016,2016010308,주간,일,1,4,1,2,0,충남,보령시,차대사람,기타,기타,안전운전 의무 불이행,단일로,기타단일로,승용차,보행자,918021,1833558,126.5846553,36.49617251,,
2016,2016010304,야간,일,1,1,0,0,0,충남,예산군,차대사람,횡단중,횡단중,보행자 보호의무 위반,교차로,교차로부근,승용차,보행자,925260,1855679,126.6633247,36.69616571,,
2016,2016010320,야간,일,1,1,0,0,0,세종,세종,차대사람,보도통행중,보도통행중,안전운전 의무 불이행,단일로,기타단일로,승용차,보행자,981862,1845128,127.2971949,36.60381617,,
2016,2016010315,주간,일,1,1,0,0,0,충남,금산군,차량단독,전도전복,전도전복,안전운전 의무 불이행,단일로,기타단일로,이륜차,없음,1003519,1792496,127.5391087,36.12948431,,
2016,2016010217,주간,토,1,3,2,0,0,충남,논산시,차량단독,공작물충돌,공작물충돌,안전운전 의무 불이행,단일로,기타단일로,승용차,없음,974796,1801564,127.2196039,36.21091648,,
2016,2016010317,주간,일,1,1,0,0,0,충남,금산군,차대차,추돌,진행중 추돌,안전운전 의무 불이행,단일로,기타단일로,이륜차,농기계,987879,1793702,127.365274,36.14028791,,
2016,2016011811,주간,월,1,1,0,0,0,충남,청양군,차대사람,횡단중,횡단중,과속,단일로,기타단일로,승용차,보행자,951344,1823523,126.9573368,36.40798284,,
2016,2016011014,주간,일,1,1,0,0,0,충남,부여군,차량단독,전도전복,전도전복,안전운전 의무 불이행,단일로,기타단일로,이륜차,없음,950364,1803321,126.9476936,36.22581073,,