발생년,발생년월일시,주야,요일,사망자수,사상자수,중상자수,경상자수,부상신고자수,발생지시도,발생지시군구,사고유형_대분류,사고유형_중분류,사고유형,법규위반,도로형태_대분류,도로형태,당사자종별_1당_대분류,당사자종별_2당_대분류,발생위치X_UTMK,발생위치Y_UTMK,경도,위도,,
2016,2016011209,주간,화,1,2,1,0,0,충남,예산군,차대차,정면충돌,정면충돌,중앙선 침범,단일로,기타단일로,화물차,화물차,937068,1854100,126.795629,36.68278776,,
2016,2016011314,주간,수,1,1,0,0,0,충남,예산군,차대차,측면충돌,측면충돌,교차로 통행방법 위반,교차로,교차로내,이륜차,승용차,940656,1855313,126.8356914,36.69395287,,
2016,2016010302,야간,일,1,1,0,0,0,충남,서산시,차량단독,전도전복,전도전복,안전운전 의무 불이행,단일로,기타단일로,화물차,없음,906853,1863925,126.4562902,36.76886353,,
2016,2016011800,야간,월,1,1,0,0,0,충남,예산군,차대사람,횡단중,횡단중,안전운전 의무 불이행,단일로,기타단일로,승용차,보행자,933309,1850317,126.7538885,36.64843086,,
2016,2016010512,주간,화,1,1,0,0,0,대전,대덕구,차대사람,횡단중,횡단중,안전운전 의무 불이행,단일로,기타단일로,화물차,보행자,993331,1827371,127.4255857,36.44388347,,
2016,2016012807,주간,목,1,1,0,0,0,충남,부여군,차대사람,횡단중,횡단중,안전운전 의무 불이행,교차로,교차로부근,승용차,보행자,946621,1808216,126.9057127,36.26974009,,
2016,2016021116,주간,목,1,1,0,0,0,충남,금산군,차량단독,전도전복,전도전복,안전운전 의무 불이행,교차로,교차로내,농기계,없음,1006956,1785462,127.5772439,36.0660487,,
2016,2016011207,주간,화,1,1,0,0,0,충남,논산시,차대차,추돌,진행중 추돌,안전운전 의무 불이행,단일로,기타단일로,승용차,자전거,976793,1793020,127.242073,36.13393725,,
2016,2016010817,주간,금,1,2,0,1,0,충남,당진시,차대차,정면충돌,정면충돌,중앙선 침범,단일로,기타단일로,승용차,화물차,923892,1879493,126.6456308,36.91071,,
2016,2016030719,야간,월,1,1,0,0,0,충남,청양군,차대사람,기타,기타,안전운전 의무 불이행,단일로,기타단일로,승용차,보행자,937106,1820401,126.798802,36.37901191,,
2016,2016010921,야간,토,1,1,0,0,0,충남,당진시,차대사람,기타,기타,안전운전 의무 불이행,교차로,교차로내,승용차,보행자,922726,1878365,126.6326581,36.90044789,,
2016,2016013118,야간,일,1,1,0,0,0,충남,서천군,차대차,추돌,진행중 추돌,안전운전 의무 불이행,단일로,기타단일로,승용차,화물차,928995,1779877,126.7120498,36.01313157,,
2016,2016032815,주간,월,1,1,0,0,0,충남,청양군,차대차,측면충돌,측면충돌,기타,교차로,교차로내,이륜차,건설기계,949422,1814882,126.9364637,36.32998533,,
2016,2016020215,주간,화,1,2,1,0,0,충남,공주시,차대차,추돌,진행중 추돌,안전운전 의무 불이행,단일로,기타단일로,화물차,농기계,967603,1817110,127.1389377,36.35085474,,
2016,2016013101,야간,일,1,2,1,0,0,세종,세종,차량단독,전도전복,전도전복,안전운전 의무 불이행,단일로,기타단일로,원동기장치자전거,없음,980153,1833845,127.2783769,36.50206542,,
2016,2016021016,주간,수,1,4,0,3,0,충남,예산군,차대차,측면충돌,측면충돌,신호위반,교차로,교차로내,승용차,승용차,941997,1858615,126.8504515,36.72380087,,
2016,2016011619,야간,토,1,1,0,0,0,충남,논산시,차대사람,차도통행중,차도통행중,안전운전 의무 불이행,단일로,기타단일로,화물차,보행자,956422,1795227,127.0155491,36.15313276,,
2016,2016010604,야간,수,1,1,0,0,0,충남,천안시,차대차,추돌,진행중 추돌,안전운전 의무 불이행,단일로,기타단일로,화물차,화물차,969066,1873305,127.1529806,36.8574933,,
2016,2016022622,야간,금,1,8,1,5,1,충남,서천군,차대차,측면충돌,측면충돌,안전운전 의무 불이행,단일로,기타단일로,승용차,화물차,919080,1797386,126.600236,36.17019659,,
2016,2016040623,야간,수,1,1,0,0,0,충남,청양군,차대사람,횡단중,횡단중,안전운전 의무 불이행,단일로,기타단일로,승용차,보행자,933553,1831714,126.7582232,36.48075431,,
2016,2016020601,야간,토,1,1,0,0,0,세종,세종,차대사람,기타,기타,안전운전 의무 불이행,단일로,기타단일로,승용차,보행자,982443,1844331,127.3037094,36.59664211,,
2016,2016010620,야간,수,1,1,0,0,0,충남,천안시,차대사람,보도통행중,보도통행중,과속,교차로,교차로내,승용차,보행자,968971,1870351,127.1520356,36.83086135,,
2016,2016012318,야간,토,1,2,0,1,0,충남,보령시,차대차,정면충돌,정면충돌,중앙선 침범,단일로,기타단일로,승용차,화물차,916813,1817563,126.5728847,36.35188745,,
2016,2016021508,주간,월,1,3,0,2,0,충남,공주시,차대차,정면충돌,정면충돌,신호위반,교차로,교차로내,건설기계,승용차,966404,1830550,127.1249932,36.47197696,,
2016,2016040911,주간,토,1,1,0,0,0,충남,금산군,차량단독,전도전복,전도전복,안전운전 의무 불이행,단일로,기타단일로,농기계,없음,1002609,1805062,127.5290371,36.242778,,
2016,2016030106,주간,화,1,1,0,0,0,충남,예산군,차대차,정면충돌,정면충돌,중앙선 침범,단일로,기타단일로,자전거,승합차,939754,1860570,126.8251805,36.74128393,,
2016,2016011019,야간,일,1,1,0,0,0,충남,천안시,차대차,측면충돌,측면충돌,안전운전 의무 불이행,단일로,기타단일로,승용차,승용차,976593,1865347,127.237663,36.78597158,,
2016,2016030319,야간,목,1,1,0,0,0,충남,예산군,차대사람,횡단중,횡단중,안전운전 의무 불이행,단일로,기타단일로,승용차,보행자,940243,1859950,126.830706,36.73572605,,
2016,2016011922,야간,화,1,3,2,0,0,충남,당진시,차대차,정면충돌,정면충돌,중앙선 침범,단일로,기타단일로,화물차,승용차,927195,1883183,126.6823508,36.94423112,,
2016,2016031002,야간,목,1,1,0,0,0,충남,예산군,차량단독,공작물충돌,공작물충돌,안전운전 의무 불이행,단일로,기타단일로,승용차,없음,941164,1857366,126.8412198,36.71249079,,
2016,2016050215,주간,월,1,2,0,1,0,충남,금산군,차대차,측면충돌,측면충돌,교차로 통행방법 위반,교차로,교차로부근,이륜차,승용차,998973,1789579,127.4885924,36.10318935,,
2016,2016030117,주간,화,1,1,0,0,0,충남,서천군,차대차,추돌,진행중 추돌,안전운전 의무 불이행,교차로,교차로내,승용차,자전거,926849,1787739,126.6875095,36.0838484,,
2016,2016050715,주간,토,1,2,1,0,0,충남,금산군,차대사람,보도통행중,보도통행중,기타,단일로,기타단일로,건설기계,보행자,997634,1799272,127.4736849,36.19057821,,
2016,2016022819,야간,일,1,2,1,0,0,세종,세종,차량단독,기타,기타,안전운전 의무 불이행,단일로,기타단일로,승용차,없음,980282,1830224,127.2799098,36.46942425,,
2016,2016050714,주간,토,1,2,1,0,0,충남,청양군,차대차,추돌,진행중 추돌,안전운전 의무 불이행,단일로,기타단일로,건설기계,농기계,937192,1820535,126.7997499,36.3802255,,
2016,2016041811,주간,월,1,2,1,0,0,충남,당진시,차대차,추돌,진행중 추돌,안전운전 의무 불이행,단일로,기타단일로,화물차,화물차,935896,1882140,126.7801499,36.93546226,,
2016,2016032721,야간,일,1,1,0,0,0,충남,부여군,차량단독,전도전복,전도전복,안전운전 의무 불이행,교차로,교차로내,승용차,없음,948759,1809823,126.9294093,36.28434322,,
2016,2016031819,야간,금,1,1,0,0,0,충남,예산군,차대사람,차도통행중,차도통행중,안전운전 의무 불이행,교차로,교차로내,화물차,보행자,929083,1860889,126.7056339,36.74342163,,
2016,2016010914,주간,토,1,1,0,0,0,충남,천안시,차대사람,횡단중,횡단중,안전운전 의무 불이행,교차로,교차로내,화물차,보행자,967503,1877722,127.1352578,36.89725757,,
2016,2016011520,야간,금,1,1,0,0,0,충남,서산시,차대사람,차도통행중,차도통행중,안전운전 의무 불이행,단일로,기타단일로,화물차,보행자,912447,1869953,126.5182691,36.82372973,,
2016,2016012719,야간,수,1,1,0,0,0,충남,당진시,차대사람,횡단중,횡단중,안전운전 의무 불이행,단일로,기타단일로,화물차,보행자,923392,1870378,126.640939,36.82851044,,
2016,2016040409,주간,월,1,1,0,0,0,충남,부여군,차대사람,횡단중,횡단중,보행자 보호의무 위반,단일로,횡단보도상,화물차,보행자,947058,1809516,126.9104896,36.28148373,,
2016,2016032219,야간,화,1,1,0,0,0,충남,서천군,차대사람,차도통행중,차도통행중,안전운전 의무 불이행,단일로,기타단일로,승합차,보행자,929868,1789793,126.720856,36.10258777,,
2016,2016052712,주간,금,1,3,1,1,0,충남,금산군,차대사람,길가장자리구역통행중,길가장자리구역통행중,중앙선 침범,단일로,기타단일로,화물차,보행자,998346,1799649,127.4816031,36.19397859,,
2016,2016030709,주간,월,1,1,0,0,0,세종,세종,차대사람,기타,기타,과속,단일로,터널안,화물차,보행자,980015,1830088,127.2769331,36.46819265,,
2016,2016032511,주간,금,1,2,1,0,0,충남,서천군,차대차,정면충돌,정면충돌,중앙선 침범,단일로,기타단일로,승용차,화물차,926413,1787257,126.6827122,36.07947029,,
2016,2016050409,주간,수,1,1,0,0,0,충남,당진시,차대차,추돌,진행중 추돌,안전운전 의무 불이행,단일로,기타단일로,화물차,화물차,921971,1873328,126.624703,36.85498442,,
2016,2016040914,주간,토,1,2,1,0,0,충남,부여군,차량단독,전도전복,전도전복,안전운전 의무 불이행,단일로,기타단일로,승용차,없음,954381,1803914,126.9923551,36.23135473,,
2016,2016051120,야간,수,1,2,0,1,0,충남,당진시,차대차,추돌,진행중 추돌,안전운전 의무 불이행,단일로,기타단일로,화물차,화물차,927359,1875370,126.6849421,36.87382011,,
2016,2016020521,야간,금,1,1,0,0,0,충남,보령시,차대사람,기타,기타,안전운전 의무 불이행,단일로,기타단일로,화물차,보행자,921086,1818722,126.620382,36.36269864,,
2016,2016040302,야간,일,1,1,0,0,0,충남,서천군,차량단독,기타,기타,안전운전 의무 불이행,교차로,교차로내,승용차,없음,924651,1784967,126.6633632,36.05869118,,
2016,2016042217,주간,금,1,1,0,0,0,충남,부여군,차량단독,전도전복,전도전복,안전운전 의무 불이행,단일로,기타단일로,이륜차,없음,953395,1803163,126.9814281,36.22453724,,
2016,2016062416,주간,금,1,1,0,0,0,충남,금산군,차대사람,횡단중,횡단중,보행자 보호의무 위반,교차로,교차로내,승용차,보행자,999142,1790177,127.4904671,36.10858276,,
2016,2016012206,주간,금,1,1,0,0,0,충남,태안군,차대차,기타,기타,신호위반,교차로,교차로내,화물차,승용차,889847,1863099,126.2658947,36.759595,,
2016,2016060703,야간,화,1,2,0,1,0,충남,서천군,차대차,추돌,진행중 추돌,안전운전 의무 불이행,단일로,기타단일로,화물차,화물차,921619,1792736,126.6289283,36.12848718,,
2016,2016042616,주간,화,1,1,0,0,0,충남,부여군,차대차,추돌,진행중 추돌,안전운전 의무 불이행,단일로,기타단일로,화물차,화물차,939600,1814281,126.8270805,36.32400136,,
2016,2016020919,야간,화,1,1,0,0,0,충남,논산시,차대차,추돌,진행중 추돌,안전거리 미확보,단일로,기타단일로,승용차,자전거,961346,1801845,127.0699611,36.21300569,,
2016,2016032119,야간,월,1,1,0,0,0,세종,세종,차대차,측면충돌,측면충돌,중앙선 침범,단일로,횡단보도부근,자전거,승용차,981278,1844449,127.2906816,36.59768371,,
2016,2016021121,야간,목,1,1,0,0,0,충남,논산시,차대사람,횡단중,횡단중,안전운전 의무 불이행,교차로,교차로내,승용차,보행자,964310,1792456,127.1033626,36.12847339,,
2016,2016011805,야간,월,1,1,0,0,0,대전,동구,차량단독,기타,기타,안전운전 의무 불이행,단일로,기타단일로,승용차,없음,996725,1811196,127.4635249,36.29807726,,
2016,2016071622,야간,토,1,2,0,1,0,충남,금산군,차대차,정면충돌,정면충돌,신호위반,교차로,교차로내,원동기장치자전거,승용차,999423,1790824,127.4935887,36.11441617,,
2016,2016032221,야간,화,1,1,0,0,0,세종,세종,차대차,기타,기타,중앙선 침범,교차로,교차로부근,자전거,승용차,982565,1845032,127.3050574,36.60296385,,
2016,2016050800,야간,일,1,3,2,0,0,충남,예산군,차량단독,전도전복,전도전복,안전운전 의무 불이행,단일로,기타단일로,승용차,없음,924236,1860318,126.6514029,36.73789995,,
2016,2016042015,주간,수,1,1,0,0,0,충남,서천군,차대사람,횡단중,횡단중,안전운전 의무 불이행,단일로,기타단일로,화물차,보행자,926753,1787272,126.6864867,36.0796312,,
2016,2016052209,주간,일,1,1,0,0,0,충남,부여군,차대차,측면충돌,측면충돌,안전운전 의무 불이행,교차로,교차로내,화물차,자전거,952407,1802826,126.9704555,36.22145096,,
2016,2016071802,야간,월,1,2,1,0,0,충남,서천군,차대차,측면충돌,측면충돌,안전운전 의무 불이행,단일로,기타단일로,승용차,건설기계,920534,1795472,126.6165952,36.15306299,,
2016,2016012916,주간,금,1,2,0,1,0,충남,태안군,차대차,정면충돌,정면충돌,중앙선 침범,기타/불명,기타/불명,화물차,승합차,902619,1825020,126.4137824,36.41777096,,
2016,2016071920,야간,화,1,1,0,0,0,충남,서산시,차대차,추돌,진행중 추돌,안전거리 미확보,단일로,기타단일로,화물차,화물차,917023,1867540,126.5698366,36.80239265,,
2016,2016042215,주간,금,1,6,5,0,0,충남,서천군,차대차,정면충돌,정면충돌,중앙선 침범,단일로,기타단일로,승용차,승용차,934171,1782439,126.7692708,36.03659202,,
2016,2016012300,야간,토,1,1,0,0,0,충남,당진시,차량단독,공작물충돌,공작물충돌,안전운전 의무 불이행,단일로,기타단일로,승용차,없음,921905,1873309,126.6239646,36.85480771,,
2016,2016032510,주간,금,1,1,0,0,0,충남,공주시,차량단독,전도전복,전도전복,안전운전 의무 불이행,기타/불명,기타/불명,이륜차,없음,961177,1818973,127.0672291,36.36741211,,
2016,2016012302,야간,토,1,1,0,0,0,충남,아산시,차량단독,전도전복,전도전복,안전운전 의무 불이행,교차로,교차로부근,승용차,없음,943844,1874168,126.869987,36.86410975,,
2016,2016013014,주간,토,1,1,0,0,0,충남,서산시,차량단독,공작물충돌,공작물충돌,안전운전 의무 불이행,단일로,기타단일로,화물차,없음,900754,1884080,126.3853271,36.94990019,,
2016,2016052323,야간,월,1,2,1,0,0,충남,예산군,차대차,정면충돌,정면충돌,기타,교차로,교차로내,화물차,승용차,941009,1856724,126.8395339,36.70669401,,
2016,2016011619,야간,토,1,1,0,0,0,충남,천안시,차대사람,횡단중,횡단중,안전운전 의무 불이행,단일로,기타단일로,화물차,보행자,967318,1883227,127.1329437,36.94687525,,
2016,2016031612,주간,수,1,1,0,0,0,충남,홍성군,차대차,측면충돌,측면충돌,교차로 통행방법 위반,교차로,교차로부근,이륜차,화물차,933000,1834397,126.7518177,36.50490149,,
2016,2016022213,주간,월,1,1,0,0,0,충남,보령시,차량단독,기타,기타,안전운전 의무 불이행,단일로,기타단일로,원동기장치자전거,없음,904153,1820073,126.4315009,36.37333424,,
2016,2016060518,야간,일,1,1,0,0,0,충남,부여군,차대차,추돌,진행중 추돌,안전운전 의무 불이행,교차로,교차로부근,승용차,이륜차,937389,1799022,126.8036711,36.18630194,,
2016,2016060910,주간,목,1,1,0,0,0,충남,부여군,차대차,측면충돌,측면충돌,안전운전 의무 불이행,교차로,교차로내,화물차,이륜차,951001,1813088,126.9541688,36.31389399,,
2016,2016012502,야간,월,1,3,0,2,0,대전,대덕구,차대차,추돌,진행중 추돌,안전운전 의무 불이행,단일로,기타단일로,화물차,승합차,992723,1827808,127.4187974,36.44781872,,
2016,2016061113,주간,토,1,1,0,0,0,충남,부여군,차대차,측면충돌,측면충돌,안전운전 의무 불이행,단일로,기타단일로,이륜차,건설기계,949855,1804039,126.9419842,36.23225735,,
2016,2016050417,주간,수,1,1,0,0,0,충남,서천군,차량단독,기타,기타,안전운전 의무 불이행,단일로,기타단일로,화물차,없음,909997,1796121,126.4993987,36.15799196,,
2016,2016022823,야간,일,1,2,0,0,1,충남,논산시,차대차,추돌,진행중 추돌,안전운전 의무 불이행,단일로,교량위,화물차,화물차,973436,1796986,127.204629,36.16960695,,
2016,2016062314,주간,목,1,1,0,0,0,충남,부여군,차량단독,전도전복,전도전복,안전운전 의무 불이행,단일로,기타단일로,특수차,없음,958528,1807582,127.0383067,36.26460965,,
2016,2016032415,주간,목,1,2,0,1,0,충남,홍성군,차대차,정면충돌,정면충돌,중앙선 침범,단일로,기타단일로,이륜차,승용차,926315,1845330,126.6761281,36.60296196,,
2016,2016040314,주간,일,1,1,0,0,0,충남,공주시,차량단독,전도전복,전도전복,안전운전 의무 불이행,단일로,기타단일로,이륜차,없음,963674,1831190,127.0944909,36.47764692,,
2016,2016060913,주간,목,1,2,0,1,0,충남,예산군,차대차,추돌,진행중 추돌,안전운전 의무 불이행,단일로,기타단일로,화물차,이륜차,939747,1860666,126.8250945,36.74214885,,
2016,2016021907,주간,금,1,1,0,0,0,충남,당진시,차대차,측면충돌,측면충돌,안전운전 의무 불이행,교차로,교차로내,승용차,자전거,926532,1875388,126.675662,36.87391836,,
2016,2016020321,야간,수,1,1,0,0,0,충남,서산시,차대사람,횡단중,횡단중,과속,단일로,기타단일로,승용차,보행자,900408,1865674,126.3838576,36.78397197,,
2016,2016032819,야간,월,1,2,0,1,0,충남,홍성군,차대차,측면충돌,측면충돌,신호위반,교차로,교차로내,화물차,화물차,929399,1847074,126.710447,36.61891604,,
2016,2016082018,야간,토,1,1,0,0,0,충남,청양군,차량단독,전도전복,전도전복,안전운전 의무 불이행,단일로,기타단일로,이륜차,없음,943314,1839577,126.8666056,36.55226379,,
2016,2016040721,야간,목,1,2,1,0,0,충남,공주시,차량단독,공작물충돌,공작물충돌,안전운전 의무 불이행,단일로,기타단일로,화물차,없음,973099,1827223,127.199839,36.44219505,,
2016,2016031019,야간,목,1,1,0,0,0,충남,보령시,차량단독,전도전복,전도전복,안전운전 의무 불이행,단일로,기타단일로,화물차,없음,919052,1821291,126.5974473,36.38568363,,
2016,2016071211,주간,화,1,1,0,0,0,충남,부여군,차대차,측면충돌,측면충돌,중앙선 침범,단일로,기타단일로,원동기장치자전거,승합차,949493,1810622,126.9375306,36.29158499,,
2016,2016012715,주간,수,1,1,0,0,0,대전,대덕구,차대사람,횡단중,횡단중,보행자 보호의무 위반,교차로,교차로내,화물차,보행자,993411,1826814,127.4264831,36.43886252,,
2016,2016013007,주간,토,1,1,0,0,0,대전,서구,차대사람,횡단중,횡단중,안전운전 의무 불이행,교차로,교차로내,승합차,보행자,989253,1812878,127.3802829,36.31318692,,
2016,2016071410,주간,목,1,2,1,0,0,충남,부여군,차대차,정면충돌,정면충돌,중앙선 침범,단일로,교량위,승용차,승용차,945260,1807769,126.8905922,36.26563412,,
2016,2016071510,주간,금,1,1,0,0,0,충남,부여군,차대차,기타,기타,안전운전 의무 불이행,교차로,교차로부근,승용차,이륜차,948821,1797869,126.9308811,36.17657941,,
2016,2016020508,주간,금,1,1,0,0,0,충남,천안시,차대차,기타,기타,신호위반,교차로,교차로내,건설기계,자전거,969546,1864842,127.1587041,36.78121881,,
2016,2016100413,주간,화,1,5,0,4,0,충남,홍성군,차대차,추돌,진행중 추돌,안전운전 의무 불이행,단일로,기타단일로,화물차,화물차,915317,1847722,126.5529101,36.62360946,,
2016,2016110111,주간,화,1,1,0,0,0,충남,금산군,차량단독,기타,기타,안전운전 의무 불이행,단일로,기타단일로,원동기장치자전거,없음,999206,1789303,127.491179,36.10070302,,
2016,2016091216,주간,월,1,1,0,0,0,충남,청양군,차량단독,전도전복,전도전복,안전운전 의무 불이행,단일로,기타단일로,이륜차,없음,936880,1828366,126.7956345,36.45079866,,
2016,2016071807,주간,월,1,1,0,0,0,충남,예산군,차대차,측면충돌,측면충돌,신호위반,교차로,교차로내,승용차,승용차,936589,1854849,126.7902061,36.68950757,,
2016,2016072708,주간,수,1,1,0,0,0,충남,부여군,차대차,기타,기타,안전운전 의무 불이행,교차로,교차로부근,건설기계,화물차,955708,1806823,127.0069567,36.25764181,,
2016,2016072810,주간,목,1,1,0,0,0,충남,부여군,차대차,측면충돌,측면충돌,중앙선 침범,단일로,기타단일로,이륜차,화물차,935165,1801306,126.7787497,36.20674562,,
2016,2016031919,야간,토,1,1,0,0,0,충남,보령시,차대사람,횡단중,횡단중,과속,단일로,횡단보도상,화물차,보행자,919763,1817329,126.6057827,36.35002866,,
2016,2016092912,주간,목,1,1,0,0,0,충남,청양군,차대차,측면충돌,측면충돌,기타,교차로,교차로내,화물차,자전거,950917,1817212,126.9529733,36.3510677,,
2016,2016080614,주간,토,1,3,1,0,1,충남,부여군,차대차,측면충돌,측면충돌,중앙선 침범,단일로,기타단일로,화물차,화물차,944350,1801988,126.8808731,36.21346605,,
2016,2016100118,야간,토,1,1,0,0,0,충남,청양군,차대차,추돌,진행중 추돌,과속,교차로,교차로부근,화물차,농기계,942953,1814771,126.8643984,36.32862312,,
2016,2016080920,야간,화,1,1,0,0,0,충남,예산군,차량단독,전도전복,전도전복,안전운전 의무 불이행,단일로,기타단일로,이륜차,없음,933685,1862727,126.7570187,36.76032236,,
2016,2016121616,주간,금,1,1,0,0,0,충남,금산군,차대차,정면충돌,정면충돌,중앙선 침범,단일로,기타단일로,화물차,건설기계,987482,1795270,127.3608363,36.15441947,,
2016,2016100219,야간,일,1,1,0,0,0,충남,청양군,차대사람,기타,기타,안전운전 의무 불이행,단일로,기타단일로,승용차,보행자,936377,1818228,126.7908528,36.35937499,,
2016,2016081004,야간,수,1,4,1,2,0,충남,예산군,차대차,추돌,진행중 추돌,안전운전 의무 불이행,단일로,기타단일로,화물차,농기계,941269,1853105,126.8427224,36.67408735,,
2016,2016031521,야간,화,1,1,0,0,0,충남,논산시,차대사람,기타,기타,안전운전 의무 불이행,교차로,교차로내,승용차,보행자,975572,1804104,127.2281576,36.23383578,,
2016,2016081220,야간,금,1,2,1,0,0,충남,예산군,차대차,기타,기타,기타,단일로,기타단일로,승용차,승용차,932088,1855034,126.7398114,36.6908642,,
2016,2016030223,야간,수,1,1,0,0,0,충남,당진시,차량단독,전도전복,전도전복,안전운전 의무 불이행,단일로,기타단일로,승용차,없음,926820,1882164,126.6782383,36.9350172,,
2016,2016021206,주간,금,1,1,0,0,0,충남,천안시,차대사람,횡단중,횡단중,안전운전 의무 불이행,교차로,교차로부근,승용차,보행자,969040,1868298,127.152893,36.81235677,,
2016,2016103118,야간,월,1,1,0,0,0,충남,청양군,차대사람,기타,기타,안전운전 의무 불이행,교차로,교차로내,화물차,보행자,936821,1827402,126.7950547,36.44210471,,
2016,2016082101,야간,일,1,2,1,0,0,충남,예산군,차량단독,전도전복,전도전복,안전운전 의무 불이행,단일로,기타단일로,승용차,없음,925276,1854674,126.6636019,36.68710797,,
2016,2016082114,주간,일,1,1,0,0,0,충남,예산군,차량단독,전도전복,전도전복,기타,단일로,기타단일로,승용차,없음,921101,1847938,126.6175686,36.62605307,,
2016,2016042704,야간,수,1,1,0,0,0,충남,공주시,차량단독,공작물충돌,공작물충돌,안전운전 의무 불이행,단일로,기타단일로,승용차,없음,978499,1819281,127.2603116,36.37073222,,
2016,2016082521,야간,목,1,1,0,0,0,충남,예산군,차대사람,횡단중,횡단중,안전운전 의무 불이행,단일로,기타단일로,승용차,보행자,938141,1854331,126.8076192,36.68494048,,
2016,2016032209,주간,화,1,1,0,0,0,충남,논산시,차대차,측면충돌,측면충돌,안전운전 의무 불이행,교차로,교차로부근,건설기계,이륜차,960333,1797625,127.0589048,36.17491975,,
2016,2016042803,야간,목,1,1,0,0,0,충남,공주시,차대사람,횡단중,횡단중,보행자 보호의무 위반,단일로,횡단보도상,화물차,보행자,949788,1832830,126.93938,36.49180377,,
2016,2016120906,주간,금,2,4,2,0,0,충남,보령시,차대차,추돌,진행중 추돌,안전운전 의무 불이행,단일로,기타단일로,승용차,화물차,918229,1828659,126.5874953,36.45203032,,
2016,2016111017,주간,목,1,3,1,1,0,충남,청양군,차대차,정면충돌,정면충돌,중앙선 침범,단일로,기타단일로,이륜차,승용차,949880,1822426,126.9410803,36.39801818,,
2016,2016012902,야간,금,1,1,0,0,0,대전,유성구,차대차,기타,기타,중앙선 침범,단일로,기타단일로,승용차,화물차,990182,1826584,127.3904584,36.43676139,,
2016,2016012809,주간,목,1,1,0,0,0,대전,서구,차대차,추돌,진행중 추돌,안전운전 의무 불이행,교차로,교차로내,화물차,원동기장치자전거,988188,1818318,127.3683367,36.36221829,,
2016,2016111610,주간,수,1,2,1,0,0,충남,청양군,차대사람,기타,기타,안전운전 의무 불이행,단일로,기타단일로,화물차,보행자,936850,1831057,126.7950801,36.47505487,,
2016,2016051923,야간,목,1,1,0,0,0,세종,세종,차대차,추돌,진행중 추돌,안전운전 의무 불이행,단일로,기타단일로,승용차,자전거,975996,1828919,127.2321108,36.45756167,,
2016,2016123105,야간,토,1,2,1,0,0,충남,당진시,차대차,추돌,진행중 추돌,안전거리 미확보,단일로,기타단일로,화물차,화물차,933448,1879779,126.75287,36.91401095,,
2016,2016052114,주간,토,1,1,0,0,0,세종,세종,차대사람,기타,기타,안전운전 의무 불이행,단일로,기타단일로,승용차,보행자,991130,1836906,127.400917,36.52982553,,
2016,2016070722,야간,목,1,1,0,0,0,충남,서천군,차대사람,차도통행중,차도통행중,안전운전 의무 불이행,단일로,기타단일로,승용차,보행자,928700,1783202,126.7084766,36.04308502,,
2016,2016012919,야간,금,1,1,0,0,0,충남,천안시,차대차,정면충돌,정면충돌,중앙선 침범,단일로,기타단일로,이륜차,화물차,967414,1881213,127.1341086,36.92872369,,
2016,2016092019,야간,화,1,1,0,0,0,충남,부여군,차대사람,횡단중,횡단중,안전운전 의무 불이행,교차로,교차로내,승용차,보행자,946977,1808914,126.9096286,36.27605222,,
2016,2016112906,주간,화,1,1,0,0,0,충남,청양군,차량단독,공작물충돌,공작물충돌,안전운전 의무 불이행,단일로,기타단일로,화물차,없음,935643,1836878,126.7811229,36.52744779,,
2016,2016092613,주간,월,1,2,1,0,0,충남,부여군,차대차,추돌,진행중 추돌,안전운전 의무 불이행,단일로,기타단일로,화물차,농기계,942448,1808643,126.8592242,36.27334961,,
2016,2016092613,주간,월,1,1,0,0,0,충남,부여군,차대차,추돌,진행중 추돌,안전운전 의무 불이행,단일로,기타단일로,화물차,화물차,956482,1805082,127.0156692,36.24198147,,
2016,2016092617,주간,월,1,6,4,1,0,충남,부여군,차대차,추돌,진행중 추돌,안전운전 의무 불이행,단일로,기타단일로,화물차,승합차,936942,1806203,126.798122,36.25100918,,
2016,2016021813,주간,목,1,1,0,0,0,충남,천안시,차대차,측면충돌,측면충돌,교차로 통행방법 위반,교차로,교차로내,승용차,이륜차,965264,1856480,127.1110975,36.70569128,,
2016,2016071508,주간,금,1,3,2,0,0,충남,서천군,차량단독,공작물충돌,공작물충돌,안전운전 의무 불이행,교차로,교차로내,승합차,없음,928914,1785622,126.7106343,36.06491699,,
2016,2016100217,주간,일,3,5,2,0,0,충남,부여군,차대차,측면충돌,측면충돌,중앙선 침범,단일로,기타단일로,화물차,승용차,927213,1810860,126.689407,36.29230596,,
2016,2016052918,야간,일,1,1,0,0,0,세종,세종,차량단독,전도전복,전도전복,안전운전 의무 불이행,단일로,기타단일로,승용차,없음,987427,1838086,127.3595332,36.54042182,,
2016,2016020619,야간,토,1,1,0,0,0,대전,대덕구,차대사람,횡단중,횡단중,안전운전 의무 불이행,교차로,교차로내,승용차,보행자,993787,1818568,127.4307443,36.36452461,,
2016,2016100720,야간,금,2,2,0,0,0,충남,부여군,차량단독,전도전복,전도전복,안전운전 의무 불이행,단일로,기타단일로,승용차,없음,954985,1806634,126.9989196,36.25590449,,
2016,2016031918,야간,토,1,1,0,0,0,충남,당진시,차대차,측면충돌,측면충돌,중앙선 침범,단일로,기타단일로,화물차,승용차,918683,1888022,126.5862446,36.98715006,,