발생년,발생년월일시,주야,요일,사망자수,사상자수,중상자수,경상자수,부상신고자수,발생지시도,발생지시군구,사고유형_대분류,사고유형_중분류,사고유형,법규위반,도로형태_대분류,도로형태,당사자종별_1당_대분류,당사자종별_2당_대분류,발생위치X_UTMK,발생위치Y_UTMK,경도,위도,,
2016,2016040412,주간,월,1,1,0,0,0,충남,논산시,차대사람,횡단중,횡단중,안전운전 의무 불이행,교차로,교차로내,승용차,보행자,956560,1795739,127.0170549,36.15775483,,
2016,2016101009,주간,월,1,1,0,0,0,충남,부여군,차대차,측면충돌,측면충돌,과속,단일로,기타단일로,승용차,자전거,946127,1808927,126.900164,36.27612233,,
2016,2016101906,주간,수,1,1,0,0,0,충남,예산군,차대차,측면충돌,측면충돌,안전운전 의무 불이행,단일로,기타단일로,화물차,자전거,935902,1852963,126.7826746,36.67246069,,
2016,2016040708,주간,목,1,1,0,0,0,충남,보령시,차량단독,도로이탈,도로이탈 추락,안전운전 의무 불이행,단일로,교량위,승용차,없음,914315,1833176,126.5433231,36.49240457,,
2016,2016051217,주간,목,1,1,0,0,0,충남,공주시,차대차,추돌,진행중 추돌,안전운전 의무 불이행,단일로,기타단일로,승용차,승합차,964293,1828206,127.1015384,36.45076937,,
2016,2016072517,주간,월,2,5,2,1,0,충남,서천군,차대차,측면충돌,측면충돌,안전운전 의무 불이행,교차로,교차로내,승용차,승용차,926414,1787730,126.6826792,36.08373441,,
2016,2016123118,야간,토,1,1,0,0,0,충남,청양군,차대사람,차도통행중,차도통행중,안전운전 의무 불이행,단일로,기타단일로,화물차,보행자,933928,1823472,126.7631121,36.40648254,,
2016,2016101919,야간,수,1,1,0,0,0,충남,부여군,차량단독,기타,기타,안전운전 의무 불이행,단일로,기타단일로,이륜차,없음,943237,1793480,126.8691064,36.13670061,,
2016,2016051910,주간,목,1,1,0,0,0,충남,홍성군,차대차,측면충돌,측면충돌,기타,단일로,기타단일로,이륜차,승용차,923435,1839828,126.6444774,36.55313964,,
2016,2016060714,주간,화,1,2,1,0,0,세종,세종,차대차,측면충돌,측면충돌,교차로 통행방법 위반,교차로,교차로부근,이륜차,건설기계,972380,1851766,127.1909368,36.66342921,,
2016,2016110407,주간,금,1,1,0,0,0,충남,예산군,차대사람,횡단중,횡단중,안전운전 의무 불이행,단일로,기타단일로,화물차,보행자,940711,1846684,126.8369744,36.61617149,,
2016,2016022621,야간,금,1,2,1,0,0,충남,서산시,차량단독,도로이탈,도로이탈 추락,안전운전 의무 불이행,교차로,교차로내,승용차,없음,907920,1867076,126.4678633,36.7973687,,
2016,2016110711,주간,월,1,1,0,0,0,충남,예산군,차량단독,전도전복,전도전복,안전운전 의무 불이행,단일로,기타단일로,건설기계,없음,934854,1859051,126.7704287,36.72726764,,
2016,2016052211,주간,일,1,2,0,0,1,충남,공주시,차량단독,전도전복,전도전복,안전운전 의무 불이행,교차로,교차로내,농기계,없음,962367,1820680,127.0804114,36.38284826,,
2016,2016052220,야간,일,1,1,0,0,0,충남,공주시,차대사람,횡단중,횡단중,보행자 보호의무 위반,교차로,교차로내,화물차,보행자,967240,1828179,127.134425,36.4506312,,
2016,2016061809,주간,토,1,1,0,0,0,세종,세종,차대사람,기타,기타,보행자 보호의무 위반,교차로,교차로부근,건설기계,보행자,976706,1837446,127.2397774,36.53445097,,
2016,2016120709,주간,수,1,2,1,0,0,충남,부여군,차대사람,기타,기타,안전운전 의무 불이행,단일로,교량위,화물차,보행자,945456,1807782,126.8927732,36.26576242,,
2016,2016041920,야간,화,1,1,0,0,0,충남,논산시,차대차,측면충돌,측면충돌,중앙선 침범,단일로,기타단일로,자전거,승용차,963880,1801392,127.0981729,36.2090197,,
2016,2016022104,야간,일,1,1,0,0,0,충남,천안시,차대차,기타,기타,안전운전 의무 불이행,단일로,기타단일로,승용차,승용차,973639,1863163,127.2046316,36.76620597,,
2016,2016021603,야간,화,1,1,0,0,0,대전,대덕구,차대사람,횡단중,횡단중,안전운전 의무 불이행,단일로,횡단보도상,화물차,보행자,992854,1817942,127.42035,36.35887449,,
2016,2016042517,주간,월,1,1,0,0,0,충남,논산시,차량단독,전도전복,전도전복,안전운전 의무 불이행,단일로,기타단일로,이륜차,없음,961338,1797259,127.0700981,36.17166075,,
2016,2016121418,야간,수,1,2,0,1,0,충남,예산군,차대차,기타,기타,안전운전 의무 불이행,단일로,기타단일로,화물차,승용차,944663,1845507,126.8812517,36.60579914,,
2016,2016121511,주간,목,1,1,0,0,0,충남,예산군,차대차,추돌,진행중 추돌,안전운전 의무 불이행,단일로,기타단일로,이륜차,승용차,927816,1859234,126.6915995,36.72840799,,
2016,2016061307,주간,월,1,1,0,0,0,충남,홍성군,차량단독,전도전복,전도전복,안전운전 의무 불이행,단일로,기타단일로,이륜차,없음,930061,1847395,126.7178205,36.62185841,,
2016,2016021706,주간,수,1,1,0,0,0,대전,대덕구,차대사람,횡단중,횡단중,보행자 보호의무 위반,단일로,기타단일로,화물차,보행자,995111,1817732,127.4455081,36.35699538,,
2016,2016060716,주간,화,1,1,0,0,0,충남,공주시,차량단독,도로이탈,도로이탈 기타,안전운전 의무 불이행,단일로,기타단일로,화물차,없음,965959,1845409,127.1193701,36.60591411,,
2016,2016040812,주간,금,1,1,0,0,0,충남,당진시,차량단독,전도전복,전도전복,안전운전 의무 불이행,단일로,기타단일로,이륜차,없음,910832,1895377,126.4971641,37.052729,,
2016,2016022002,야간,토,1,1,0,0,0,대전,대덕구,차대차,기타,기타,안전운전 의무 불이행,단일로,기타단일로,승용차,화물차,991080,1818712,127.400568,36.36580152,,
2016,2016063008,주간,목,1,1,0,0,0,충남,홍성군,차량단독,전도전복,전도전복,안전운전 의무 불이행,단일로,기타단일로,화물차,없음,929045,1838444,126.7072842,36.54109718,,
2016,2016050715,주간,토,1,1,0,0,0,충남,논산시,차대차,측면충돌,측면충돌,중앙선 침범,단일로,기타단일로,이륜차,승용차,975173,1792366,127.2240888,36.12800089,,
2016,2016021318,야간,토,1,1,0,0,0,충남,천안시,차대사람,횡단중,횡단중,안전운전 의무 불이행,단일로,기타단일로,승용차,보행자,968380,1870480,127.1454028,36.83200464,,
2016,2016050817,주간,일,1,1,0,0,0,충남,논산시,차대사람,횡단중,횡단중,안전운전 의무 불이행,교차로,교차로내,건설기계,보행자,957990,1794292,127.0330298,36.14477259,,
2016,2016062520,야간,토,1,1,0,0,0,충남,공주시,차대사람,기타,기타,안전운전 의무 불이행,단일로,기타단일로,화물차,보행자,959727,1829868,127.0505003,36.4655713,,
2016,2016022222,야간,월,1,1,0,0,0,대전,대덕구,차대차,추돌,진행중 추돌,안전운전 의무 불이행,교차로,교차로부근,이륜차,승용차,993523,1819687,127.4277922,36.37461108,,
2016,2016072922,야간,금,1,1,0,0,0,세종,세종,차대사람,횡단중,횡단중,안전운전 의무 불이행,단일로,기타단일로,승용차,보행자,981254,1847386,127.2903417,36.62416018,,
2016,2016021805,야간,목,1,1,0,0,0,대전,중구,차대사람,횡단중,횡단중,안전운전 의무 불이행,교차로,교차로내,승용차,보행자,990998,1814422,127.3997036,36.32712466,,
2016,2016031913,주간,토,1,1,0,0,0,충남,서산시,차대차,정면충돌,정면충돌,중앙선 침범,단일로,기타단일로,승용차,화물차,906209,1872434,126.4480266,36.84549334,,
2016,2016041820,야간,월,1,1,0,0,0,충남,당진시,차대사람,길가장자리구역통행중,길가장자리구역통행중,안전운전 의무 불이행,단일로,기타단일로,화물차,보행자,932270,1876714,126.7399206,36.8862998,,
2016,2016102119,야간,금,1,1,0,0,0,충남,서천군,차대사람,기타,기타,안전운전 의무 불이행,단일로,기타단일로,승용차,보행자,936489,1791413,126.7942773,36.11764795,,
2016,2016051714,주간,화,1,1,0,0,0,충남,논산시,차대차,측면충돌,측면충돌,안전거리 미확보,단일로,기타단일로,승용차,승용차,961355,1798922,127.0702053,36.18665407,,
2016,2016102419,야간,월,1,1,0,0,0,충남,서천군,차대사람,차도통행중,차도통행중,안전운전 의무 불이행,교차로,교차로내,승용차,보행자,928275,1787734,126.7033472,36.08390965,,
2016,2016052008,주간,금,1,1,0,0,0,충남,논산시,차량단독,전도전복,전도전복,안전운전 의무 불이행,단일로,기타단일로,이륜차,없음,962905,1791482,127.0877946,36.11963956,,
2016,2016082210,주간,월,1,1,0,0,0,세종,세종,차대차,기타,기타,중앙선 침범,교차로,교차로부근,원동기장치자전거,건설기계,975044,1851162,127.2207658,36.65805787,,
2016,2016051915,주간,목,1,1,0,0,0,충남,보령시,차량단독,전도전복,전도전복,안전운전 의무 불이행,단일로,기타단일로,승용차,없음,925407,1811276,126.6692566,36.29591798,,
2016,2016021822,야간,목,1,2,0,1,0,대전,유성구,차대사람,횡단중,횡단중,과속,단일로,기타단일로,승용차,보행자,987027,1818016,127.3554006,36.35948069,,
2016,2016031803,야간,금,1,1,0,0,0,충남,천안시,차대사람,횡단중,횡단중,안전운전 의무 불이행,단일로,기타단일로,승용차,보행자,967018,1866355,127.130308,36.79477319,,
2016,2016082600,야간,금,1,1,0,0,0,세종,세종,차대차,추돌,진행중 추돌,안전운전 의무 불이행,단일로,기타단일로,승용차,특수차,978014,1833501,127.2545016,36.49891746,,
2016,2016080120,야간,월,1,4,1,2,0,충남,홍성군,차대차,측면충돌,측면충돌,중앙선 침범,단일로,기타단일로,승용차,승합차,921348,1833380,126.6218173,36.4948472,,
2016,2016082906,주간,월,1,3,1,1,0,세종,세종,차대차,측면충돌,측면충돌,교차로 통행방법 위반,교차로,교차로내,화물차,건설기계,981658,1836904,127.2951098,36.52967266,,
2016,2016090307,주간,토,1,1,0,0,0,세종,세종,차대차,기타,기타,안전운전 의무 불이행,단일로,기타단일로,화물차,자전거,988297,1837056,127.3692686,36.53114731,,
2016,2016042613,주간,화,1,1,0,0,0,충남,당진시,차대사람,보도통행중,보도통행중,보행자 보호의무 위반,단일로,횡단보도상,승용차,보행자,922977,1877982,126.635514,36.89701623,,
2016,2016052814,주간,토,1,1,0,0,0,충남,보령시,차량단독,전도전복,전도전복,안전운전 의무 불이행,단일로,기타단일로,이륜차,없음,912474,1815498,126.524765,36.33288834,,
2016,2016081311,주간,토,1,1,0,0,0,충남,홍성군,차대차,측면충돌,측면충돌,교차로 통행방법 위반,교차로,교차로내,승용차,이륜차,925051,1842057,126.6623156,36.57336031,,
2016,2016112116,주간,월,1,1,0,0,0,충남,서천군,차량단독,전도전복,전도전복,안전운전 의무 불이행,단일로,기타단일로,농기계,없음,924737,1795592,126.6633029,36.15448031,,
2016,2016112310,주간,수,1,1,0,0,0,충남,서천군,차대차,측면충돌,측면충돌,기타,교차로,교차로내,자전거,승용차,927000,1779581,126.6899403,36.01031564,,
2016,2016081806,주간,목,1,1,0,0,0,충남,홍성군,차량단독,전도전복,전도전복,안전운전 의무 불이행,단일로,기타단일로,농기계,없음,925164,1833110,126.6644465,36.49271934,,
2016,2016081915,주간,금,1,1,0,0,0,충남,홍성군,차량단독,전도전복,전도전복,안전운전 의무 불이행,단일로,기타단일로,승용차,없음,921814,1837194,126.6266337,36.52926524,,
2016,2016060113,주간,수,1,1,0,0,0,충남,보령시,차량단독,전도전복,전도전복,안전운전 의무 불이행,단일로,기타단일로,농기계,없음,923727,1824274,126.6492742,36.41295588,,
2016,2016032819,야간,월,1,1,0,0,0,충남,태안군,차대차,정면충돌,정면충돌,중앙선 침범,단일로,기타단일로,원동기장치자전거,승용차,893391,1852661,126.3070477,36.66592348,,
2016,2016082209,주간,월,1,1,0,0,0,충남,홍성군,차대차,정면충돌,정면충돌,중앙선 침범,단일로,기타단일로,승용차,화물차,912739,1843322,126.5245811,36.58371644,,
2016,2016081222,야간,금,1,1,0,0,0,충남,공주시,차대사람,차도통행중,차도통행중,안전운전 의무 불이행,단일로,기타단일로,승용차,보행자,974167,1826260,127.2117877,36.43354281,,
2016,2016092619,야간,월,1,2,1,0,0,세종,세종,차대차,추돌,진행중 추돌,안전운전 의무 불이행,단일로,기타단일로,승용차,자전거,980140,1844137,127.2779666,36.59484802,,
2016,2016030215,주간,수,1,2,0,1,0,대전,중구,차대차,측면충돌,측면충돌,신호위반,교차로,교차로내,원동기장치자전거,승합차,995294,1812152,127.4475814,36.30669014,,
2016,2016122618,야간,월,1,1,0,0,0,충남,서천군,차대사람,횡단중,횡단중,안전운전 의무 불이행,단일로,기타단일로,승합차,보행자,920609,1791987,126.6177806,36.12165303,,
2016,2016082318,야간,화,1,1,0,0,0,충남,공주시,차량단독,기타,기타,안전운전 의무 불이행,단일로,기타단일로,이륜차,없음,971935,1823243,127.1869953,36.40628132,,
2016,2016090315,주간,토,1,3,2,0,0,충남,공주시,차량단독,공작물충돌,공작물충돌,안전운전 의무 불이행,교차로,교차로내,화물차,없음,958897,1814931,127.0420274,36.33087819,,
2016,2016101412,주간,금,1,3,2,0,0,세종,세종,차대차,측면충돌,측면충돌,기타,단일로,기타단일로,원동기장치자전거,원동기장치자전거,981146,1845570,127.2891783,36.6077869,,
2016,2016101523,야간,토,1,1,0,0,0,세종,세종,차대사람,기타,기타,안전운전 의무 불이행,기타/불명,기타/불명,승용차,보행자,981241,1844097,127.2902766,36.59450971,,
2016,2016090809,주간,목,1,1,0,0,0,충남,공주시,차대사람,횡단중,횡단중,안전운전 의무 불이행,단일로,기타단일로,승용차,보행자,957040,1827102,127.0206642,36.44051925,,
2016,2016040810,주간,금,1,1,0,0,0,충남,태안군,차대사람,횡단중,횡단중,보행자 보호의무 위반,단일로,횡단보도상,화물차,보행자,892035,1862811,126.2904439,36.75725103,,
2016,2016063018,야간,목,1,1,0,0,0,충남,논산시,차대차,정면충돌,정면충돌,신호위반,교차로,교차로내,승용차,원동기장치자전거,963903,1798664,127.0985544,36.18442647,,
2016,2016091815,주간,일,1,2,0,1,0,충남,홍성군,차대차,측면충돌,측면충돌,안전거리 미확보,단일로,기타단일로,이륜차,승용차,927284,1845439,126.6869512,36.6040189,,
2016,2016040409,주간,월,1,1,0,0,0,충남,천안시,차량단독,공작물충돌,공작물충돌,안전운전 의무 불이행,단일로,기타단일로,특수차,없음,988909,1867978,127.3756574,36.80991363,,
2016,2016091520,야간,목,1,1,0,0,0,충남,공주시,차대사람,횡단중,횡단중,안전운전 의무 불이행,단일로,기타단일로,화물차,보행자,951303,1834709,126.9561759,36.50882082,,
2016,2016040608,주간,수,1,1,0,0,0,충남,천안시,차대차,측면충돌,측면충돌,안전거리 미확보,단일로,기타단일로,승합차,이륜차,982531,1861518,127.3043012,36.75158234,,
2016,2016092622,야간,월,1,1,0,0,0,충남,홍성군,차대사람,횡단중,횡단중,보행자 보호의무 위반,단일로,기타단일로,승용차,보행자,924449,1842942,126.655501,36.58129031,,
2016,2016092721,야간,화,1,1,0,0,0,충남,홍성군,차대사람,횡단중,횡단중,안전운전 의무 불이행,단일로,기타단일로,승용차,보행자,926709,1841731,126.6808759,36.57055046,,
2016,2016033113,주간,목,1,1,0,0,0,충남,논산시,차대차,추돌,진행중 추돌,안전거리 미확보,단일로,기타단일로,화물차,화물차,968554,1793679,127.1504782,36.13964633,,
2016,2016093011,주간,금,1,1,0,0,0,충남,홍성군,차대사람,횡단중,횡단중,안전운전 의무 불이행,단일로,기타단일로,화물차,보행자,925473,1845181,126.6667291,36.60155341,,
2016,2016061713,주간,금,1,1,0,0,0,충남,논산시,차량단독,전도전복,전도전복,안전운전 의무 불이행,단일로,기타단일로,원동기장치자전거,없음,964908,1796971,127.1098067,36.16920024,,
2016,2016111302,야간,일,1,1,0,0,0,세종,세종,차대사람,횡단중,횡단중,안전운전 의무 불이행,교차로,교차로부근,화물차,보행자,981356,1843817,127.291569,36.59198777,,
2016,2016100201,야간,일,1,1,0,0,0,충남,공주시,차량단독,공작물충돌,공작물충돌,안전운전 의무 불이행,단일로,기타단일로,화물차,없음,977863,1821314,127.2531638,36.38904586,,
2016,2016060110,주간,수,1,1,0,0,0,충남,당진시,차량단독,전도전복,전도전복,안전운전 의무 불이행,단일로,기타단일로,이륜차,없음,935710,1867413,126.7793094,36.80270169,,
2016,2016100605,야간,목,1,1,0,0,0,충남,공주시,차량단독,공작물충돌,공작물충돌,안전운전 의무 불이행,단일로,기타단일로,화물차,없음,965872,1838390,127.1187086,36.54263558,,
2016,2016031300,야간,일,1,1,0,0,0,대전,대덕구,차대사람,횡단중,횡단중,과속,단일로,기타단일로,승용차,보행자,992884,1816351,127.4206989,36.34453121,,
2016,2016100809,주간,토,1,2,1,0,0,충남,공주시,차대차,추돌,진행중 추돌,안전운전 의무 불이행,단일로,기타단일로,건설기계,화물차,968224,1823579,127.145594,36.40919477,,
2016,2016041820,야간,월,1,1,0,0,0,충남,태안군,차대사람,횡단중,횡단중,안전운전 의무 불이행,단일로,기타단일로,승용차,보행자,897068,1837847,126.3501689,36.53280672,,
2016,2016031911,주간,토,1,1,0,0,0,충남,아산시,차량단독,전도전복,전도전복,안전운전 의무 불이행,단일로,기타단일로,승용차,없음,943213,1861313,126.8638675,36.74819491,,
2016,2016032121,야간,월,1,1,0,0,0,충남,아산시,차대사람,횡단중,횡단중,안전운전 의무 불이행,단일로,교량위,승용차,보행자,958223,1864163,127.0318486,36.77466625,,
2016,2016042212,주간,금,1,6,3,2,0,충남,서산시,차대차,정면충돌,정면충돌,신호위반,교차로,교차로내,승용차,승합차,907230,1871980,126.459532,36.84150214,,
2016,2016080109,주간,월,1,1,0,0,0,충남,논산시,차량단독,전도전복,전도전복,안전운전 의무 불이행,단일로,기타단일로,농기계,없음,955196,1799786,127.0016601,36.19417778,,
2016,2016102300,야간,일,1,1,0,0,0,충남,공주시,차대사람,횡단중,횡단중,안전운전 의무 불이행,기타/불명,기타/불명,승용차,보행자,966744,1828769,127.1288648,36.45593302,,
2016,2016121021,야간,토,1,1,0,0,0,세종,세종,차대차,추돌,진행중 추돌,안전운전 의무 불이행,교차로,교차로부근,이륜차,화물차,970213,1859136,127.1664018,36.72980244,,
2016,2016042422,야간,일,1,5,2,2,0,충남,서산시,차대차,정면충돌,정면충돌,중앙선 침범,단일로,기타단일로,승용차,승용차,905034,1864009,126.4359011,36.76944011,,
2016,2016061320,야간,월,1,1,0,0,0,충남,당진시,차대차,측면충돌,측면충돌,중앙선 침범,교차로,교차로내,농기계,승용차,913471,1893318,126.5270768,37.03441827,,
2016,2016032618,야간,토,1,1,0,0,0,대전,동구,차대사람,횡단중,횡단중,안전운전 의무 불이행,교차로,교차로부근,승용차,보행자,993480,1815831,127.4273451,36.33984741,,
2016,2016122119,야간,수,1,1,0,0,0,세종,세종,차대사람,기타,기타,안전운전 의무 불이행,기타/불명,기타/불명,승용차,보행자,974481,1851592,127.2144521,36.66191932,,
2016,2016122118,야간,수,1,1,0,0,0,세종,세종,차대사람,기타,기타,안전운전 의무 불이행,기타/불명,기타/불명,승합차,보행자,967801,1857085,127.1394756,36.71123456,,
2016,2016042719,야간,수,1,1,0,0,0,충남,태안군,차량단독,전도전복,전도전복,안전운전 의무 불이행,단일로,기타단일로,화물차,없음,895197,1857956,126.3265279,36.71384804,,
2016,2016042322,야간,토,1,1,0,0,0,충남,천안시,차대사람,횡단중,횡단중,과속,교차로,교차로부근,승용차,보행자,970064,1866822,127.1644314,36.79908422,,
2016,2016042815,주간,목,1,1,0,0,0,충남,서산시,차대차,정면충돌,정면충돌,과속,단일로,기타단일로,승용차,이륜차,905963,1864299,126.4462732,36.77214659,,
2016,2016122922,야간,목,1,1,0,0,0,세종,세종,차량단독,전도전복,전도전복,안전운전 의무 불이행,단일로,기타단일로,승용차,없음,980073,1829363,127.2775991,36.46165786,,
2016,2016041517,주간,금,1,6,1,4,0,충남,천안시,차대차,측면충돌,측면충돌,안전운전 의무 불이행,단일로,기타단일로,화물차,승용차,965784,1853710,127.1170431,36.68073945,,
2016,2016082211,주간,월,1,1,0,0,0,충남,논산시,차대사람,횡단중,횡단중,안전운전 의무 불이행,단일로,터널안,승용차,보행자,961202,1798044,127.0685471,36.17873242,,
2016,2016050115,주간,일,1,1,0,0,0,충남,서산시,차대차,정면충돌,정면충돌,안전운전 의무 불이행,단일로,기타단일로,승용차,농기계,911531,1861395,126.5089932,36.74650778,,
2016,2016082620,야간,금,1,1,0,0,0,충남,논산시,차대사람,횡단중,횡단중,안전운전 의무 불이행,교차로,교차로내,화물차,보행자,956347,1796501,127.0146446,36.16461498,,
2016,2016042922,야간,금,1,1,0,0,0,충남,천안시,차량단독,공작물충돌,공작물충돌,안전운전 의무 불이행,단일로,기타단일로,승용차,없음,972909,1867007,127.1963155,36.80083762,,
2016,2016112110,주간,월,1,1,0,0,0,충남,공주시,차대사람,보도통행중,보도통행중,기타,단일로,기타단일로,화물차,보행자,968765,1830462,127.1513504,36.47126354,,
2016,2016112620,야간,토,1,1,0,0,0,충남,홍성군,차대사람,횡단중,횡단중,안전운전 의무 불이행,교차로,교차로내,화물차,보행자,907967,1838665,126.4718029,36.54129152,,
2016,2016040106,주간,금,1,1,0,0,0,충남,아산시,차대차,측면충돌,측면충돌,신호위반,교차로,교차로내,화물차,원동기장치자전거,956545,1865855,127.0129491,36.7898432,,
2016,2016120118,야간,목,1,2,0,1,0,충남,홍성군,차대차,추돌,진행중 추돌,안전운전 의무 불이행,단일로,기타단일로,화물차,농기계,925274,1847978,126.6642322,36.62675014,,
2016,2016040215,주간,토,1,1,0,0,0,충남,아산시,차량단독,기타,기타,안전운전 의무 불이행,단일로,기타단일로,이륜차,없음,943530,1867648,126.8669489,36.80531891,,
2016,2016032311,주간,수,1,1,0,0,0,대전,서구,차대사람,횡단중,횡단중,보행자 보호의무 위반,교차로,교차로내,승합차,보행자,987797,1817890,127.3639851,36.35835483,,
2016,2016032411,주간,목,1,1,0,0,0,충남,천안시,차대사람,횡단중,횡단중,안전운전 의무 불이행,단일로,기타단일로,화물차,보행자,967566,1878426,127.1359348,36.90360588,,
2016,2016041401,야간,목,1,1,0,0,0,대전,서구,차대차,기타,기타,안전운전 의무 불이행,단일로,기타단일로,이륜차,화물차,988421,1813553,127.3710047,36.31926271,,
2016,2016080912,주간,화,1,2,0,1,0,충남,보령시,차대사람,기타,기타,중앙선 침범,단일로,기타단일로,승용차,보행자,915144,1828377,126.5531041,36.44922024,,
2016,2016121317,주간,화,1,1,0,0,0,충남,공주시,차대사람,횡단중,횡단중,안전운전 의무 불이행,교차로,교차로내,승용차,보행자,966154,1828423,127.1222957,36.45279315,,
2016,2016050604,야간,금,1,2,1,0,0,충남,천안시,차량단독,공작물충돌,공작물충돌,안전운전 의무 불이행,단일로,기타단일로,원동기장치자전거,없음,974849,1861062,127.2182584,36.74729899,,
2016,2016081212,주간,금,1,3,0,2,0,충남,보령시,차대차,정면충돌,정면충돌,안전운전 의무 불이행,단일로,기타단일로,화물차,건설기계,910695,1829194,126.5033707,36.45618048,,
2016,2016050705,야간,토,1,1,0,0,0,충남,천안시,차대사람,횡단중,횡단중,안전운전 의무 불이행,단일로,기타단일로,승용차,보행자,969504,1869669,127.15804,36.82473078,,
2016,2016051018,야간,화,1,2,1,0,0,충남,서산시,차량단독,공작물충돌,공작물충돌,안전운전 의무 불이행,단일로,기타단일로,승용차,없음,910151,1860123,126.4936866,36.73491297,,
2016,2016071221,야간,화,1,1,0,0,0,충남,당진시,차대사람,기타,기타,안전운전 의무 불이행,단일로,기타단일로,승용차,보행자,938260,1879392,126.8069186,36.91085002,,
2016,2016051107,주간,수,1,2,1,0,0,충남,서산시,차대차,측면충돌,측면충돌,과속,교차로,교차로내,화물차,승용차,915716,1861006,126.5559095,36.74338265,,
2016,2016122819,야간,수,1,1,0,0,0,충남,홍성군,차대사람,횡단중,횡단중,과속,교차로,교차로내,승용차,보행자,931885,1838090,126.7390417,36.53811279,,
2016,2016122819,야간,수,1,1,0,0,0,충남,공주시,차대사람,횡단중,횡단중,안전운전 의무 불이행,교차로,교차로부근,승용차,보행자,977975,1821374,127.2544109,36.38958935,,
2016,2016041223,야간,화,1,1,0,0,0,대전,대덕구,차대사람,횡단중,횡단중,보행자 보호의무 위반,교차로,교차로부근,승용차,보행자,992524,1827970,127.4165752,36.44927766,,
2016,2016032401,야간,목,1,1,0,0,0,대전,유성구,차량단독,공작물충돌,공작물충돌,안전운전 의무 불이행,단일로,기타단일로,승용차,없음,988391,1820851,127.3705616,36.38505666,,
2016,2016092814,주간,수,1,1,0,0,0,충남,논산시,차량단독,공작물충돌,공작물충돌,안전운전 의무 불이행,단일로,기타단일로,화물차,없음,964085,1787053,127.1011085,36.07975397,,
2016,2016093008,주간,금,1,1,0,0,0,충남,논산시,차대사람,횡단중,횡단중,안전운전 의무 불이행,단일로,기타단일로,승합차,보행자,974425,1800109,127.215524,36.19778915,,
2016,2016072013,주간,수,1,1,0,0,0,충남,당진시,차대차,측면충돌,측면충돌,교차로 통행방법 위반,교차로,교차로내,화물차,이륜차,927505,1886623,126.6855018,36.97526174,,
2016,2016032522,야간,금,1,2,1,0,0,대전,유성구,차대차,정면충돌,정면충돌,신호위반,교차로,교차로내,이륜차,승용차,989790,1825668,127.3860968,36.4284993,,
2016,2016032701,야간,일,1,2,1,0,0,대전,유성구,차대사람,횡단중,횡단중,안전운전 의무 불이행,단일로,기타단일로,승용차,보행자,986532,1818092,127.349882,36.36015905,,
2016,2016052006,주간,금,1,1,0,0,0,충남,태안군,차량단독,전도전복,전도전복,안전운전 의무 불이행,교차로,교차로부근,화물차,없음,893685,1861844,126.3090603,36.74872206,,
2016,2016052018,야간,금,1,14,2,11,0,충남,서산시,차대차,정면충돌,정면충돌,중앙선 침범,기타/불명,기타/불명,승합차,승합차,911263,1865803,126.5054786,36.78621392,,
2016,2016082700,야간,토,1,1,0,0,0,충남,보령시,차대차,측면충돌,측면충돌,안전운전 의무 불이행,단일로,기타단일로,승용차,자전거,918467,1817261,126.591348,36.34930673,,
2016,2016041811,주간,월,1,1,0,0,0,대전,대덕구,차대차,측면충돌,측면충돌,안전운전 의무 불이행,단일로,기타단일로,화물차,자전거,993701,1827474,127.4297134,36.44481455,,
2016,2016050711,주간,토,1,11,3,7,0,충남,논산시,차대차,추돌,진행중 추돌,안전운전 의무 불이행,기타/불명,기타/불명,승용차,승용차,962246,1789614,127.0805636,36.10276862,,
2016,2016041504,야간,금,1,1,0,0,0,충남,아산시,차대차,기타,기타,신호위반,교차로,교차로내,승용차,원동기장치자전거,961072,1881073,127.0629065,36.927221,,
2016,2016083010,주간,화,1,1,0,0,0,충남,보령시,차대사람,횡단중,횡단중,보행자 보호의무 위반,교차로,교차로부근,화물차,보행자,918902,1817219,126.5961997,36.3489649,,
2016,2016041612,주간,토,1,1,0,0,0,충남,아산시,차대차,추돌,진행중 추돌,안전운전 의무 불이행,단일로,기타단일로,승용차,화물차,956077,1866998,127.0076379,36.80012507,,
2016,2016101906,주간,수,2,2,0,0,0,충남,논산시,차대차,측면충돌,측면충돌,교차로 통행방법 위반,교차로,교차로내,화물차,이륜차,963862,1792733,127.0983712,36.13095411,,
2016,2016090404,야간,일,1,1,0,0,0,충남,보령시,차대사람,기타,기타,안전운전 의무 불이행,단일로,기타단일로,승용차,보행자,913064,1805108,126.532495,36.23928403,,
2016,2016110100,야간,화,1,1,0,0,0,충남,논산시,차대사람,횡단중,횡단중,안전운전 의무 불이행,단일로,기타단일로,승용차,보행자,958796,1804052,127.0414761,36.2327972,,
2016,2016052816,주간,토,1,2,1,0,0,충남,천안시,차대차,측면충돌,측면충돌,안전운전 의무 불이행,교차로,교차로내,승용차,이륜차,970640,1861824,127.1710805,36.75404719,,
2016,2016091202,야간,월,1,2,1,0,0,충남,보령시,차량단독,전도전복,전도전복,과속,교차로,교차로부근,승용차,없음,920115,1816797,126.6097598,36.34526232,,
2016,2016042114,주간,목,1,1,0,0,0,대전,대덕구,차량단독,전도전복,전도전복,안전운전 의무 불이행,단일로,기타단일로,자전거,없음,996169,1817586,127.4573011,36.35568393,,