발생년,발생년월일시,주야,요일,사망자수,사상자수,중상자수,경상자수,부상신고자수,발생지시도,발생지시군구,사고유형_대분류,사고유형_중분류,사고유형,법규위반,도로형태_대분류,도로형태,당사자종별_1당_대분류,당사자종별_2당_대분류,발생위치X_UTMK,발생위치Y_UTMK,경도,위도,,
2016,2016082301,야간,화,1,3,1,1,0,대전,유성구,차대차,정면충돌,정면충돌,신호위반,교차로,교차로내,승용차,승용차,990446,1819658,127.3934892,36.37432397,,
2016,2016100721,야간,금,1,4,2,1,0,충남,천안시,차대차,정면충돌,정면충돌,중앙선 침범,기타/불명,기타/불명,승용차,승용차,975087,1878876,127.2203406,36.90789108,,
2016,2016101017,주간,월,1,1,0,0,0,충남,천안시,차대사람,차도통행중,차도통행중,안전운전 의무 불이행,단일로,기타단일로,승합차,보행자,966344,1879364,127.1221766,36.91201854,,
2016,2016100102,야간,토,1,1,0,0,0,대전,중구,차대차,측면충돌,측면충돌,안전운전 의무 불이행,교차로,교차로부근,승용차,자전거,991897,1816665,127.4096965,36.34735424,,
2016,2016101318,야간,목,1,1,0,0,0,충남,천안시,차대사람,횡단중,횡단중,안전운전 의무 불이행,단일로,기타단일로,승용차,보행자,965293,1872756,127.1106808,36.85241327,,
2016,2016120411,주간,일,1,1,0,0,0,대전,동구,차대차,측면충돌,측면충돌,안전운전 의무 불이행,단일로,횡단보도상,승용차,자전거,994837,1816270,127.4424638,36.34381342,,
2016,2016101512,주간,토,1,1,0,0,0,충남,천안시,차량단독,전도전복,전도전복,안전운전 의무 불이행,단일로,기타단일로,이륜차,없음,965610,1873573,127.1141996,36.85978967,,
2016,2016112002,야간,일,1,1,0,0,0,대전,대덕구,차량단독,전도전복,전도전복,안전운전 의무 불이행,교차로,교차로부근,승용차,없음,993955,1817977,127.4326216,36.35919758,,
2016,2016101621,야간,일,1,1,0,0,0,충남,천안시,차대차,기타,기타,안전운전 의무 불이행,기타/불명,기타/불명,화물차,승합차,968611,1874950,127.1478084,36.87230708,,
2016,2016112218,야간,화,1,1,0,0,0,대전,대덕구,차대사람,기타,기타,안전운전 의무 불이행,단일로,기타단일로,승용차,보행자,992867,1819781,127.420478,36.37545388,,
2016,2016111619,야간,수,1,1,0,0,0,충남,아산시,차대차,측면충돌,측면충돌,안전운전 의무 불이행,단일로,기타단일로,승용차,이륜차,954494,1853881,126.9906755,36.68180754,,
2016,2016101512,주간,토,1,1,0,0,0,대전,서구,차대사람,횡단중,횡단중,안전운전 의무 불이행,단일로,기타단일로,승용차,보행자,990396,1815981,127.3929771,36.34117389,,
2016,2016112106,주간,월,1,1,0,0,0,충남,아산시,차대차,측면충돌,측면충돌,신호위반,교차로,교차로내,자전거,승용차,951971,1865369,126.9617155,36.78524126,,
2016,2016103021,야간,일,1,1,0,0,0,충남,천안시,차대차,측면충돌,측면충돌,안전운전 의무 불이행,단일로,기타단일로,승용차,승용차,973209,1880565,127.1991997,36.92306496,,
2016,2016102123,야간,금,1,1,0,0,0,대전,서구,차대차,측면충돌,측면충돌,신호위반,교차로,교차로내,승용차,이륜차,990589,1816842,127.3951174,36.34893806,,
2016,2016103123,야간,월,1,1,0,0,0,충남,천안시,차대차,추돌,진행중 추돌,안전운전 의무 불이행,단일로,기타단일로,승용차,화물차,970559,1875625,127.1696389,36.87845461,,
2016,2016120817,주간,목,1,1,0,0,0,대전,대덕구,차대사람,기타,기타,안전운전 의무 불이행,단일로,기타단일로,자전거,보행자,993790,1819179,127.4307729,36.37003303,,
2016,2016122709,주간,화,1,1,0,0,0,대전,동구,차대차,측면충돌,측면충돌,기타,단일로,횡단보도상,자전거,승용차,993140,1815528,127.4235591,36.33711337,,
2016,2016092803,야간,수,1,1,0,0,0,대전,유성구,차대차,추돌,진행중 추돌,안전운전 의무 불이행,단일로,기타단일로,화물차,화물차,984503,1818421,127.3272597,36.36309455,,
2016,2016110706,주간,월,1,1,0,0,0,충남,천안시,차대사람,횡단중,횡단중,안전운전 의무 불이행,단일로,기타단일로,승용차,보행자,976536,1879302,127.2365929,36.91176842,,
2016,2016123023,야간,금,1,1,0,0,0,대전,동구,차대사람,횡단중,횡단중,안전운전 의무 불이행,단일로,기타단일로,승용차,보행자,994161,1814353,127.4349449,36.32652697,,
2016,2016121713,주간,토,1,1,0,0,0,대전,대덕구,차대차,기타,기타,신호위반,교차로,교차로내,자전거,승용차,993355,1820800,127.4259098,36.38464403,,
2016,2016120415,주간,일,1,1,0,0,0,충남,아산시,차대사람,횡단중,횡단중,안전운전 의무 불이행,단일로,기타단일로,건설기계,보행자,952038,1869098,126.9622314,36.8188591,,
2016,2016110317,주간,목,1,1,0,0,0,대전,중구,차대사람,횡단중,횡단중,안전운전 의무 불이행,단일로,기타단일로,승용차,보행자,991734,1814274,127.4079053,36.32579697,,
2016,2016120822,야간,목,1,1,0,0,0,충남,아산시,차대사람,횡단중,횡단중,보행자 보호의무 위반,교차로,교차로내,승용차,보행자,951863,1865326,126.9605079,36.78484816,,
2016,2016120916,주간,금,1,1,0,0,0,충남,아산시,차대차,측면충돌,측면충돌,안전운전 의무 불이행,단일로,기타단일로,원동기장치자전거,승용차,959639,1865826,127.0476277,36.78971871,,
2016,2016121018,야간,토,1,1,0,0,0,충남,아산시,차대차,추돌,진행중 추돌,안전운전 의무 불이행,단일로,기타단일로,화물차,자전거,956279,1864617,127.0100389,36.77867109,,
2016,2016111418,야간,월,1,2,1,0,0,대전,중구,차대차,측면충돌,측면충돌,교차로 통행방법 위반,교차로,교차로내,화물차,화물차,989305,1810336,127.380897,36.29027018,,
2016,2016121613,주간,금,1,1,0,0,0,충남,아산시,차대사람,기타,기타,안전운전 의무 불이행,단일로,기타단일로,화물차,보행자,945266,1874612,126.8859075,36.86819551,,
2016,2016121718,야간,토,1,1,0,0,0,충남,아산시,차대사람,차도통행중,차도통행중,안전운전 의무 불이행,단일로,기타단일로,승용차,보행자,945033,1870776,126.8835712,36.83360376,,
2016,2016112806,주간,월,1,1,0,0,0,충남,천안시,차대사람,횡단중,횡단중,보행자 보호의무 위반,단일로,횡단보도상,승용차,보행자,968567,1875097,127.1473087,36.87363074,,
2016,2016122515,주간,일,1,1,0,0,0,충남,아산시,차량단독,전도전복,전도전복,안전운전 의무 불이행,기타/불명,기타/불명,승용차,없음,960735,1870975,127.0596457,36.83618019,,
2016,2016122903,야간,목,2,4,0,2,0,충남,아산시,차대차,기타,기타,안전운전 의무 불이행,단일로,기타단일로,승용차,승용차,952937,1868555,126.9723446,36.81400948,,
2016,2016113006,주간,수,1,1,0,0,0,대전,중구,차대사람,횡단중,횡단중,신호위반,교차로,교차로부근,승용차,보행자,994864,1812418,127.4427901,36.30908606,,
2016,2016123105,야간,토,1,1,0,0,0,충남,아산시,차대사람,횡단중,횡단중,안전운전 의무 불이행,단일로,횡단보도상,승용차,보행자,955360,1866449,126.999633,36.79514263,,
2016,2016112920,야간,화,1,1,0,0,0,대전,서구,차대사람,기타,기타,안전운전 의무 불이행,단일로,기타단일로,승용차,보행자,987243,1817320,127.3578196,36.35320887,,
2016,2016120323,야간,토,1,4,1,2,0,대전,서구,차대차,추돌,진행중 추돌,신호위반,교차로,교차로내,승용차,승용차,987462,1817944,127.3602504,36.35883735,,
2016,2016120906,주간,금,1,1,0,0,0,대전,중구,차대사람,횡단중,횡단중,안전운전 의무 불이행,단일로,기타단일로,승용차,보행자,994455,1813016,127.43823,36.31447504,,
2016,2016110704,야간,월,1,1,0,0,0,대전,유성구,차대사람,기타,기타,안전운전 의무 불이행,교차로,교차로부근,승용차,보행자,985878,1817749,127.3425985,36.3570574,,
2016,2016122322,야간,금,1,1,0,0,0,충남,천안시,차대차,정면충돌,정면충돌,중앙선 침범,단일로,기타단일로,승용차,승합차,967114,1871271,127.1311715,36.83909192,,
2016,2016111903,야간,토,2,3,1,0,0,대전,유성구,차대차,정면충돌,정면충돌,중앙선 침범,단일로,기타단일로,승용차,승용차,989594,1825201,127.3839165,36.42428706,,
2016,2016112808,주간,월,1,1,0,0,0,대전,유성구,차대사람,횡단중,횡단중,보행자 보호의무 위반,교차로,교차로부근,승용차,보행자,991056,1822402,127.400258,36.39906795,,
2016,2016113022,야간,수,1,1,0,0,0,대전,유성구,차대사람,횡단중,횡단중,안전운전 의무 불이행,단일로,횡단보도부근,승용차,보행자,984286,1816611,127.3248774,36.34677321,,
2016,2016120819,야간,목,1,1,0,0,0,대전,유성구,차대사람,횡단중,횡단중,보행자 보호의무 위반,단일로,횡단보도상,승합차,보행자,990169,1825458,127.3903276,36.42661005,,
2016,2016122405,야간,토,1,1,0,0,0,대전,유성구,차대사람,횡단중,횡단중,신호위반,교차로,교차로부근,승용차,보행자,986326,1816797,127.3476086,36.34848123,,
2017,2017010102,야간,일,1,2,0,1,0,충남,홍성군,차대차,추돌,추돌,안전운전 의무 불이행,단일로,기타단일로,승용차,승용차,916497,1842880,126.5666315,36.58006864,,
2017,2017010102,야간,일,1,1,0,0,0,충남,아산시,차량단독,공작물충돌,공작물충돌,안전운전 의무 불이행,단일로,기타단일로,승용차,없음,961608,1864573,127.0697591,36.77850542,,
2017,2017010120,야간,일,1,7,4,2,0,충남,공주시,차대차,기타,기타,안전운전 의무 불이행,단일로,기타단일로,승용차,승용차,962530,1823895,127.0820735,36.41183818,,
2017,2017010207,주간,월,1,1,0,0,0,충남,예산군,차대사람,횡단중,횡단중,안전운전 의무 불이행,교차로,교차로부근,승용차,보행자,925103,1855465,126.6615883,36.69422437,,
2017,2017010607,주간,금,1,1,0,0,0,세종,세종,차대사람,횡단중,횡단중,중앙선 침범,기타,기타,승합차,보행자,984158,1840361,127.322965,36.56088249,,
2017,2017120214,주간,토,1,2,1,0,0,충남,태안군,차대차,정면충돌,정면충돌,중앙선 침범,단일로,기타단일로,승용차,승용차,887356,1859848,126.2384725,36.73000224,,
2017,2017010615,주간,금,1,1,0,0,0,충남,서천군,차대차,측면충돌,측면충돌,안전운전 의무 불이행,교차로,교차로내,화물차,자전거,927594,1779654,126.6965245,36.01101807,,
2017,2017011518,야간,일,1,1,0,0,0,충남,청양군,차대사람,기타,기타,안전운전 의무 불이행,단일로,기타단일로,승용차,보행자,933259,1822979,126.7556939,36.40199208,,
2017,2017010805,야간,일,1,3,0,2,0,충남,부여군,차대차,기타,기타,안전운전 의무 불이행,단일로,기타단일로,승용차,승용차,960779,1808853,127.0633007,36.27615946,,
2017,2017011116,주간,수,1,4,1,2,0,충남,서천군,차대사람,길가장자리구역통행중,길가장자리구역통행중,안전운전 의무 불이행,단일로,기타단일로,승합차,보행자,929286,1789463,126.7144203,36.09957062,,
2017,2017011011,주간,화,1,2,0,1,0,세종,세종,차대차,기타,기타,안전운전 의무 불이행,단일로,지하차도(도로)내,승용차,승용차,976827,1834194,127.2412267,36.50513691,,
2017,2017010821,야간,일,1,1,0,0,0,충남,예산군,차량단독,공작물충돌,공작물충돌,안전운전 의무 불이행,단일로,기타단일로,승용차,없음,920590,1848736,126.6117715,36.63320371,,
2017,2017012005,야간,금,1,5,1,3,0,충남,서산시,차대차,측면충돌,측면충돌,안전운전 의무 불이행,단일로,기타단일로,화물차,화물차,917611,1868766,126.5762945,36.81349462,,
2017,2017120705,야간,목,1,1,0,0,0,충남,태안군,차대사람,횡단중,횡단중,기타,교차로,교차로횡단보도내,승용차,보행자,892994,1861897,126.3013138,36.74912203,,
2017,2017011014,주간,화,1,1,0,0,0,충남,논산시,차대차,정면충돌,정면충돌,안전운전 의무 불이행,단일로,기타단일로,자전거,화물차,961688,1799990,127.0738565,36.19629576,,
2017,2017010306,주간,화,1,1,0,0,0,충남,천안시,차대차,측면충돌,측면충돌,안전운전 의무 불이행,교차로,교차로내,원동기장치자전거,승용차,972938,1875546,127.1963364,36.87781367,,
2017,2017011419,야간,토,1,1,0,0,0,충남,홍성군,차대사람,차도통행중,차도통행중,안전운전 의무 불이행,단일로,기타단일로,승용차,보행자,914914,1845341,126.5486683,36.60210907,,
2017,2017010719,야간,토,1,1,0,0,0,충남,보령시,차대차,측면충돌,측면충돌,기타,교차로,교차로내,이륜차,승용차,919528,1813954,126.6035149,36.31958658,,
2017,2017011307,주간,금,1,2,0,1,0,충남,논산시,차대사람,횡단중,횡단중,과속,교차로,교차로부근,승용차,보행자,962807,1799724,127.0863154,36.19394133,,
2017,2017010707,주간,토,1,1,0,0,0,충남,태안군,차대차,추돌,추돌,안전운전 의무 불이행,단일로,기타단일로,승용차,건설기계,884057,1863168,126.2010304,36.75952642,,
2017,2017012414,주간,화,1,1,0,0,0,충남,공주시,차대차,측면충돌,측면충돌,안전운전 의무 불이행,단일로,기타단일로,화물차,자전거,966329,1829315,127.1242098,36.46084075,,
2017,2017020319,야간,금,1,1,0,0,0,충남,예산군,차대차,추돌,추돌,안전운전 의무 불이행,단일로,기타단일로,승용차,승용차,932688,1854963,126.7465334,36.69026689,,
2017,2017031218,야간,일,1,1,0,0,0,충남,청양군,차대차,측면충돌,측면충돌,안전운전 의무 불이행,교차로,교차로내,승용차,이륜차,937140,1830046,126.7983992,36.46596023,,
2017,2017010522,야간,목,1,2,1,0,0,대전,대덕구,차량단독,전도전복,전도전복,안전운전 의무 불이행,단일로,기타단일로,승용차,없음,991092,1827149,127.400605,36.4418684,,
2017,2017013016,주간,월,1,7,5,1,0,충남,공주시,차대차,측면충돌,측면충돌,신호위반,교차로,교차로내,승용차,승용차,959482,1829470,127.0477867,36.46197301,,
2017,2017021701,야간,금,1,1,0,0,0,충남,예산군,차량단독,전도,전도,안전운전 의무 불이행,단일로,기타단일로,승용차,없음,936613,1842509,126.7914939,36.57827279,,
2017,2017011611,주간,월,1,1,0,0,0,충남,당진시,차대차,정면충돌,정면충돌,교차로 통행방법 위반,교차로,교차로내,승용차,이륜차,940852,1867665,126.8369279,36.80530856,,
2017,2017012723,야간,금,1,1,0,0,0,충남,천안시,차대차,기타,기타,안전운전 의무 불이행,단일로,기타단일로,승용차,승용차,972471,1863243,127.1915417,36.76689393,,
2017,2017011021,야간,화,1,1,0,0,0,충남,천안시,차대차,추돌,추돌,안전운전 의무 불이행,단일로,기타단일로,승용차,자전거,969571,1870014,127.1587775,36.82784296,,
2017,2017022706,주간,월,1,1,0,0,0,충남,서천군,차대사람,차도통행중,차도통행중,안전운전 의무 불이행,단일로,기타단일로,승용차,보행자,939167,1789245,126.8242003,36.09827469,,
2017,2017041507,주간,토,1,3,0,2,0,충남,금산군,차량단독,공작물충돌,공작물충돌,안전운전 의무 불이행,단일로,기타단일로,승용차,없음,1006353,1800680,127.5706707,36.20325427,,
2017,2017021223,야간,일,1,1,0,0,0,세종,세종,차대사람,길가장자리구역통행중,길가장자리구역통행중,안전운전 의무 불이행,단일로,고가도로위,승용차,보행자,982033,1844204,127.2991285,36.59548957,,
2017,2017021618,야간,목,2,3,0,1,0,충남,공주시,차대사람,횡단중,횡단중,신호위반,교차로,교차로횡단보도내,승용차,보행자,958155,1828225,127.0330441,36.45069236,,
2017,2017013104,야간,화,1,1,0,0,0,충남,논산시,차량단독,공작물충돌,공작물충돌,안전운전 의무 불이행,단일로,기타단일로,승용차,없음,974313,1794803,127.2144519,36.14994957,,
2017,2017011312,주간,금,1,1,0,0,0,충남,서산시,차대사람,횡단중,횡단중,안전운전 의무 불이행,단일로,기타단일로,승용차,보행자,900814,1860719,126.3890514,36.7393547,,
2017,2017042706,주간,목,1,1,0,0,0,충남,청양군,차대차,측면충돌,측면충돌,기타,교차로,교차로내,이륜차,승합차,953622,1822886,126.9827806,36.40235305,,
2017,2017021117,주간,토,1,1,0,0,0,충남,홍성군,차량단독,전도전복,전도전복,안전운전 의무 불이행,단일로,기타단일로,이륜차,없음,917065,1845380,126.5727101,36.60265285,,
2017,2017032120,야간,화,1,1,0,0,0,충남,서천군,차량단독,전도전복,전도전복,안전운전 의무 불이행,단일로,기타단일로,원동기장치자전거,없음,930529,1787760,126.7283781,36.08430784,,
2017,2017022415,주간,금,1,3,2,0,0,충남,공주시,차대차,정면충돌,정면충돌,중앙선 침범,단일로,교량위,화물차,화물차,963127,1828149,127.0885297,36.45021137,,
2017,2017020217,주간,목,1,1,0,0,0,충남,논산시,차대차,정면충돌,정면충돌,안전운전 의무 불이행,단일로,기타단일로,승용차,화물차,968622,1808044,127.150659,36.26915573,,
2017,2017011104,야간,수,1,1,0,0,0,대전,서구,차대사람,횡단중,횡단중,보행자 보호의무 위반,교차로,교차로내,승용차,보행자,989857,1815097,127.3869823,36.33319873,,
2017,2017032621,야간,일,1,1,0,0,0,충남,서천군,차량단독,전도전복,전도전복,안전운전 의무 불이행,단일로,기타단일로,이륜차,없음,920294,1792535,126.6142251,36.12656725,,
2017,2017050318,야간,수,1,1,0,0,0,충남,청양군,차량단독,기타,기타,안전운전 의무 불이행,교차로,교차로내,화물차,없음,947423,1813946,126.9142551,36.32144022,,
2017,2017022213,주간,수,1,1,0,0,0,세종,세종,차량단독,기타,기타,안전운전 의무 불이행,단일로,기타단일로,화물차,없음,990940,1836958,127.398794,36.53029253,,
2017,2017051808,주간,목,1,1,0,0,0,충남,금산군,차대차,측면충돌,측면충돌,안전운전 의무 불이행,단일로,기타단일로,승용차,농기계,988889,1791023,127.376538,36.11614687,,
2017,2017021320,야간,월,1,4,2,1,0,대전,대덕구,차대차,기타,기타,안전운전 의무 불이행,단일로,기타단일로,화물차,화물차,993068,1824184,127.4226796,36.41514989,,
2017,2017022021,야간,월,1,4,3,0,0,충남,홍성군,차대차,측면충돌,측면충돌,중앙선 침범,단일로,기타단일로,승용차,승용차,925306,1848190,126.6645695,36.62866363,,
2017,2017040203,야간,일,1,1,0,0,0,충남,예산군,차대사람,차도통행중,차도통행중,안전운전 의무 불이행,단일로,기타단일로,승용차,보행자,937628,1854513,126.8018628,36.68654755,,
2017,2017043018,야간,일,1,1,0,0,0,충남,부여군,차량단독,전도전복,전도전복,안전운전 의무 불이행,교차로,교차로부근,사륜오토바이(ATV),없음,931444,1809203,126.7366671,36.27767871,,
2017,2017050817,주간,월,1,2,1,0,0,충남,부여군,차대차,정면충돌,정면충돌,교차로 통행방법 위반,교차로,교차로내,승용차,이륜차,940958,1791703,126.8439112,36.12054458,,
2017,2017022714,주간,월,1,1,0,0,0,충남,홍성군,차대차,정면충돌,정면충돌,교차로 통행방법 위반,교차로,교차로내,승용차,이륜차,925060,1845505,126.6620814,36.6044389,,
2017,2017030421,야간,토,1,2,0,1,0,충남,예산군,차대차,추돌,추돌,안전거리 미확보,단일로,기타단일로,승용차,승합차,937027,1854699,126.7951209,36.68818457,,
2017,2017021815,주간,토,1,1,0,0,0,충남,계룡시,차대차,정면충돌,정면충돌,안전운전 의무 불이행,교차로,교차로내,승용차,이륜차,978264,1808564,127.2579908,36.27410914,,
2017,2017031719,야간,금,1,1,0,0,0,충남,공주시,차대차,측면충돌,측면충돌,기타,교차로,교차로내,이륜차,승합차,968504,1833424,127.1483164,36.49795755,,
2017,2017011613,주간,월,1,1,0,0,0,대전,동구,차대사람,횡단중,횡단중,보행자 보호의무 위반,단일로,기타단일로,화물차,보행자,993026,1816644,127.4222788,36.34717376,,
2017,2017062721,야간,화,1,1,0,0,0,충남,금산군,차대사람,횡단중,횡단중,안전운전 의무 불이행,기타,기타,승용차,보행자,999135,1789991,127.490384,36.10690311,,
2017,2017043020,야간,일,1,1,0,0,0,충남,서천군,차대사람,횡단중,횡단중,과속,단일로,기타단일로,승용차,보행자,920379,1792033,126.6152204,36.12204886,,
2017,2017072605,야간,수,1,2,0,1,0,충남,서천군,차대차,추돌,추돌,안전운전 의무 불이행,단일로,기타단일로,승용차,화물차,921375,1793024,126.6261882,36.13106366,,
2017,2017022714,주간,월,1,5,4,0,0,충남,논산시,차대차,정면충돌,정면충돌,중앙선 침범,단일로,기타단일로,승용차,승용차,957659,1796436,127.0292395,36.16408813,,
2017,2017020717,주간,화,1,1,0,0,0,충남,당진시,차량단독,공작물충돌,공작물충돌,안전운전 의무 불이행,단일로,기타단일로,승용차,없음,933600,1871714,126.7552825,36.84132496,,
2017,2017031308,주간,월,1,3,0,2,0,세종,세종,차대차,측면충돌,측면충돌,기타,단일로,교량위,화물차,승용차,978821,1830020,127.2636079,36.46755397,,
2017,2017080523,야간,토,1,6,2,3,0,충남,당진시,차대차,추돌,추돌,과속,단일로,기타단일로,승용차,승용차,922598,1873691,126.6316986,36.85830794,,
2017,2017030120,야간,수,1,1,0,0,0,충남,논산시,차대차,추돌,추돌,교차로 통행방법 위반,교차로,교차로내,승용차,자전거,963876,1792009,127.09856,36.12442738,,
2017,2017071217,주간,수,1,1,0,0,0,충남,금산군,차대사람,횡단중,횡단중,안전운전 의무 불이행,교차로,교차로내,화물차,보행자,998954,1788453,127.4883806,36.09303935,,
2017,2017021812,주간,토,1,3,1,1,0,충남,보령시,차대차,측면충돌,측면충돌,기타,교차로,교차로내,승용차,특수차,917783,1819167,126.5835245,36.36642969,,
2017,2017030412,주간,토,1,3,0,2,0,충남,논산시,차대차,추돌,추돌,안전운전 의무 불이행,교차로,교차로부근,화물차,승용차,975578,1805395,127.2281841,36.24547492,,
2017,2017011423,야간,토,1,2,1,0,0,충남,아산시,차대차,측면충돌,측면충돌,안전운전 의무 불이행,불명,불명,승용차,승용차,954557,1878058,126.9899379,36.89975148,,
2017,2017031006,주간,금,2,3,1,0,0,충남,공주시,차대차,추돌,추돌,안전운전 의무 불이행,단일로,터널안,화물차,화물차,950494,1842091,126.9466678,36.57532584,,
2017,2017030520,야간,일,1,1,0,0,0,충남,논산시,차대사람,횡단중,횡단중,안전운전 의무 불이행,교차로,교차로부근,승용차,보행자,974625,1804575,127.217604,36.23805767,,
2017,2017080107,주간,화,1,1,0,0,0,충남,청양군,차량단독,전도전복,전도전복,안전운전 의무 불이행,단일로,기타단일로,농기계,없음,950116,1823242,126.9436595,36.40538663,,
2017,2017052215,주간,월,1,2,0,1,0,충남,서천군,차대차,측면충돌,측면충돌,기타,교차로,교차로내,화물차,승용차,927326,1796974,126.6919542,36.1671364,,
2017,2017052414,주간,수,1,1,0,0,0,충남,서천군,차대차,측면충돌,측면충돌,기타,교차로,교차로내,화물차,원동기장치자전거,935673,1786526,126.7856095,36.07353741,,
2017,2017050318,야간,수,1,1,0,0,0,충남,예산군,차량단독,공작물충돌,공작물충돌,안전운전 의무 불이행,단일로,기타단일로,사륜오토바이(ATV),없음,941771,1848690,126.8486755,36.63431978,,
2017,2017050521,야간,금,1,1,0,0,0,충남,예산군,차대사람,횡단중,횡단중,안전운전 의무 불이행,단일로,기타단일로,승용차,보행자,935417,1854480,126.7771194,36.68610242,,
2017,2017072521,야간,화,1,1,0,0,0,충남,금산군,차대차,기타,기타,안전운전 의무 불이행,단일로,기타단일로,승용차,자전거,999780,1792079,127.4975551,36.1257311,,
2017,2017021418,야간,화,1,1,0,0,0,충남,당진시,차대사람,횡단중,횡단중,안전운전 의무 불이행,단일로,기타단일로,승용차,보행자,934056,1884447,126.759288,36.95612998,,
2017,2017022501,야간,토,1,1,0,0,0,충남,보령시,차대차,기타,기타,안전운전 의무 불이행,교차로,교차로부근,승용차,화물차,919528,1813944,126.6035137,36.31949552,,
2017,2017051122,야간,목,1,1,0,0,0,충남,예산군,차대차,정면충돌,정면충돌,안전운전 의무 불이행,단일로,기타단일로,화물차,화물차,933298,1853031,126.7535293,36.67289457,,
2017,2017021719,야간,금,1,2,1,0,0,충남,당진시,차대차,측면충돌,측면충돌,중앙선 침범,단일로,기타단일로,화물차,승용차,917933,1890077,126.5775942,37.00560715,,
2017,2017051315,주간,토,1,1,0,0,0,충남,예산군,차량단독,전도,전도,안전운전 의무 불이행,단일로,기타단일로,사륜오토바이(ATV),없음,929755,1861756,126.7130808,36.75128674,,
2017,2017031408,주간,화,1,1,0,0,0,충남,논산시,차대사람,차도통행중,차도통행중,안전운전 의무 불이행,교차로,교차로부근,승용차,보행자,956223,1796209,127.0132822,36.16197689,,
2017,2017081107,주간,금,1,1,0,0,0,충남,금산군,차대차,측면충돌,측면충돌,안전운전 의무 불이행,단일로,기타단일로,이륜차,화물차,1001472,1789254,127.5163531,36.10026045,,
2017,2017090117,주간,금,1,1,0,0,0,충남,청양군,차대차,추돌,추돌,과속,단일로,기타단일로,화물차,자전거,950726,1825343,126.9503289,36.42435844,,
2017,2017070908,주간,일,1,1,0,0,0,충남,부여군,차대차,측면충돌,측면충돌,기타,교차로,교차로내,이륜차,화물차,940622,1792186,126.8401413,36.12487839,,
2017,2017011723,야간,화,1,1,0,0,0,충남,아산시,차대차,추돌,추돌,신호위반,단일로,기타단일로,승용차,화물차,956184,1861933,127.0091285,36.75447191,,
2017,2017081615,주간,수,1,1,0,0,0,충남,금산군,차대차,추돌,추돌,안전운전 의무 불이행,단일로,기타단일로,승합차,이륜차,999299,1790384,127.4922113,36.11044915,,
2017,2017092415,주간,일,1,1,0,0,0,충남,당진시,차량단독,공작물충돌,공작물충돌,안전운전 의무 불이행,단일로,기타단일로,승용차,없음,939197,1882971,126.8171488,36.94317166,,
2017,2017011918,야간,목,1,1,0,0,0,충남,아산시,차대차,추돌,추돌,안전운전 의무 불이행,불명,불명,화물차,화물차,957414,1865056,127.0227333,36.78268014,,
2017,2017020407,주간,토,1,1,0,0,0,충남,태안군,차대차,정면충돌,정면충돌,과속,교차로,교차로내,건설기계,승용차,891815,1859944,126.288386,36.73138626,,
2017,2017070312,주간,월,1,1,0,0,0,충남,서천군,차량단독,공작물충돌,공작물충돌,안전운전 의무 불이행,단일로,기타단일로,이륜차,없음,928540,1784474,126.7065855,36.05454037,,
2017,2017060313,주간,토,1,1,0,0,0,충남,예산군,차량단독,전도전복,전도전복,안전운전 의무 불이행,단일로,기타단일로,화물차,없음,928860,1856615,126.7035342,36.7048792,,
2017,2017081010,주간,목,1,2,0,1,0,충남,금산군,차대차,측면충돌,측면충돌,교차로 통행방법 위반,교차로,교차로내,화물차,승용차,1002891,1789285,127.5321176,36.10053675,,
2017,2017042916,주간,토,1,2,1,0,0,충남,공주시,차대차,후진중충돌,후진중충돌,안전운전 의무 불이행,단일로,기타단일로,화물차,이륜차,960687,1818465,127.0617927,36.36281251,,
2017,2017022620,야간,일,1,1,0,0,0,충남,당진시,차대사람,횡단중,횡단중,안전운전 의무 불이행,단일로,기타단일로,승용차,보행자,936564,1882769,126.7875978,36.94117718,,
2017,2017060907,주간,금,1,1,0,0,0,충남,예산군,차대사람,횡단중,횡단중,안전운전 의무 불이행,단일로,기타단일로,화물차,보행자,944188,1847179,126.8758193,36.62084366,,
2017,2017012318,야간,월,1,1,0,0,0,충남,아산시,차대사람,횡단중,횡단중,안전운전 의무 불이행,교차로,교차로부근,승용차,보행자,958247,1878447,127.0313325,36.90342861,,
2017,2017012206,주간,일,1,1,0,0,0,대전,유성구,차대차,추돌,추돌,안전운전 의무 불이행,단일로,기타단일로,승용차,이륜차,985653,1816964,127.3401052,36.349977,,
2017,2017080511,주간,토,1,1,0,0,0,충남,부여군,차량단독,전도전복,전도전복,기타,단일로,기타단일로,승용차,없음,954031,1809322,126.9881425,36.28009233,,
2017,2017041308,주간,목,1,2,0,0,1,충남,청양군,차대차,추돌,추돌,안전운전 의무 불이행,단일로,기타단일로,승용차,화물차,949056,1818707,126.9321356,36.36444832,,
2017,2017071615,주간,일,1,4,0,3,0,충남,서천군,차대차,측면충돌,측면충돌,중앙선 침범,단일로,기타단일로,화물차,승합차,935088,1786521,126.7791136,36.07345344,,
2017,2017012406,주간,화,1,1,0,0,0,충남,아산시,차대사람,횡단중,횡단중,안전운전 의무 불이행,단일로,기타단일로,승용차,보행자,961089,1881005,127.0631009,36.92660873,,
2017,2017041501,야간,토,1,1,0,0,0,충남,공주시,차량단독,도로이탈,도로이탈 추락,안전운전 의무 불이행,단일로,기타단일로,화물차,없음,964562,1834061,127.1042718,36.50356222,,