발생년,발생년월일시,주야,요일,사망자수,사상자수,중상자수,경상자수,부상신고자수,발생지시도,발생지시군구,사고유형_대분류,사고유형_중분류,사고유형,법규위반,도로형태_대분류,도로형태,당사자종별_1당_대분류,당사자종별_2당_대분류,발생위치X_UTMK,발생위치Y_UTMK,경도,위도,,
2017,2017040509,주간,수,1,3,0,0,2,충남,논산시,차대차,정면충돌,정면충돌,중앙선 침범,단일로,기타단일로,승용차,화물차,956103,1795059,127.0120123,36.15160377,,
2017,2017112117,주간,화,1,11,2,8,0,충남,서산시,차대차,기타,기타,안전운전 의무 불이행,단일로,기타단일로,화물차,승용차,917181,1868049,126.5715522,36.80699438,,
2017,2017061523,야간,목,1,1,0,0,0,충남,예산군,차대사람,기타,기타,안전운전 의무 불이행,단일로,기타단일로,승용차,보행자,931036,1854607,126.7280751,36.68693943,,
2017,2017100416,주간,수,1,4,0,3,0,충남,금산군,차대차,측면충돌,측면충돌,안전운전 의무 불이행,단일로,기타단일로,승용차,승용차,996964,1799203,127.4662333,36.18995426,,
2017,2017041710,주간,월,1,5,2,2,0,충남,논산시,차대차,추돌,추돌,안전운전 의무 불이행,단일로,기타단일로,승용차,승용차,979841,1804474,127.2756545,36.23727003,,
2017,2017012415,주간,화,1,2,1,0,0,충남,아산시,차량단독,전도전복,전도전복,안전운전 의무 불이행,불명,불명,승용차,없음,955881,1867946,127.0053859,36.8086616,,
2017,2017081205,야간,토,1,1,0,0,0,충남,부여군,차대차,측면충돌,측면충돌,중앙선 침범,단일로,교량위,농기계,화물차,945387,1808913,126.8919261,36.27595451,,
2017,2017013114,주간,화,1,2,1,0,0,대전,서구,차대사람,횡단중,횡단중,신호위반,단일로,기타단일로,화물차,보행자,989442,1813007,127.3823865,36.31435201,,
2017,2017111603,야간,목,1,1,0,0,0,충남,청양군,차량단독,공작물충돌,공작물충돌,안전운전 의무 불이행,교차로,교차로내,승용차,없음,937084,1829676,126.7978043,36.46262116,,
2017,2017121114,주간,월,1,11,5,5,0,충남,서천군,차대차,추돌,추돌,안전운전 의무 불이행,단일로,기타단일로,승용차,특수차,919486,1796592,126.6048313,36.16307284,,
2017,2017051623,야간,화,1,1,0,0,0,충남,공주시,차대사람,기타,기타,안전운전 의무 불이행,교차로,교차로내,승용차,보행자,966711,1830501,127.1284221,36.47154594,,
2017,2017082013,주간,일,1,2,1,0,0,충남,부여군,차대차,정면충돌,정면충돌,안전운전 의무 불이행,단일로,기타단일로,승합차,화물차,935277,1805590,126.7796415,36.2453729,,
2017,2017032720,야간,월,1,1,0,0,0,충남,보령시,차대사람,기타,기타,안전운전 의무 불이행,단일로,기타단일로,승용차,보행자,920687,1818330,126.6159728,36.35912948,,
2017,2017120721,야간,목,1,1,0,0,0,충남,청양군,차량단독,공작물충돌,공작물충돌,안전운전 의무 불이행,교차로,교차로부근,화물차,없음,936903,1829117,126.7958299,36.45757012,,
2017,2017062819,야간,수,1,5,1,3,0,충남,예산군,차대차,측면충돌,측면충돌,신호위반,교차로,교차로내,승용차,화물차,934902,1837831,126.7727659,36.53598835,,
2017,2017082816,주간,월,1,1,0,0,0,충남,부여군,차량단독,도로이탈,도로이탈 기타,안전운전 의무 불이행,단일로,기타단일로,건설기계,없음,951250,1799959,126.957761,36.19554665,,
2017,2017102215,주간,일,1,1,0,0,0,충남,금산군,차량단독,기타,기타,안전운전 의무 불이행,단일로,기타단일로,자전거,없음,999162,1778263,127.4907019,36.0011678,,
2017,2017070201,야간,일,1,2,1,0,0,충남,예산군,차대차,추돌,추돌,과속,단일로,기타단일로,승용차,이륜차,939224,1854250,126.8197467,36.68428019,,
2017,2017041406,주간,금,1,2,1,0,0,충남,논산시,차대차,측면충돌,측면충돌,안전운전 의무 불이행,단일로,기타단일로,화물차,화물차,958716,1794355,127.0410962,36.14537175,,
2017,2017122702,야간,수,1,1,0,0,0,충남,청양군,차량단독,전도전복,전도전복,안전운전 의무 불이행,교차로,교차로부근,화물차,없음,937036,1827559,126.7974408,36.44353415,,
2017,2017102710,주간,금,1,2,1,0,0,충남,금산군,차대차,기타,기타,안전운전 의무 불이행,단일로,기타단일로,승용차,승용차,993970,1797351,127.4329479,36.17324322,,
2017,2017052916,주간,월,1,1,0,0,0,충남,공주시,차대사람,횡단중,횡단중,안전운전 의무 불이행,기타,기타,승용차,보행자,966200,1829248,127.122773,36.4602322,,
2017,2017012703,야간,금,1,1,0,0,0,충남,아산시,차대사람,기타,기타,중앙선 침범,단일로,기타단일로,승용차,보행자,951961,1865374,126.9616031,36.78528583,,
2017,2017051013,주간,수,1,1,0,0,0,충남,홍성군,차량단독,전도전복,전도전복,안전운전 의무 불이행,단일로,기타단일로,농기계,없음,926201,1831017,126.6762235,36.47393297,,
2017,2017070815,주간,토,2,6,1,3,0,충남,예산군,차대차,측면충돌,측면충돌,신호위반,교차로,교차로내,승용차,화물차,944659,1848967,126.8809577,36.636989,,
2017,2017031811,주간,토,2,6,4,0,0,충남,당진시,차대차,정면충돌,정면충돌,과속,교차로,교차로부근,승용차,화물차,936489,1884293,126.7866275,36.95490917,,
2017,2017022403,야간,금,1,1,0,0,0,충남,태안군,차량단독,전도전복,전도전복,안전거리 미확보,단일로,기타단일로,승용차,없음,896854,1836025,126.3480224,36.51636137,,
2017,2017042705,야간,목,1,1,0,0,0,충남,논산시,차대차,측면충돌,측면충돌,신호위반,교차로,교차로내,이륜차,화물차,962365,1801404,127.0813187,36.20907011,,
2017,2017051104,야간,목,1,2,1,0,0,충남,공주시,차대차,기타,기타,안전운전 의무 불이행,단일로,기타단일로,승용차,화물차,960784,1809972,127.0633036,36.28624595,,
2017,2017080307,주간,목,1,1,0,0,0,충남,예산군,차대사람,기타,기타,과속,단일로,터널안,승용차,보행자,942661,1854249,126.8582142,36.68448473,,
2017,2017050413,주간,목,1,1,0,0,0,충남,논산시,차량단독,도로이탈,도로이탈 추락,안전운전 의무 불이행,단일로,기타단일로,농기계,없음,968482,1811553,127.1489587,36.30078601,,
2017,2017041816,주간,화,1,1,0,0,0,충남,보령시,차대차,측면충돌,측면충돌,안전운전 의무 불이행,교차로,교차로내,건설기계,자전거,918620,1817510,126.5930268,36.35156424,,
2017,2017021205,야간,일,1,2,1,0,0,대전,동구,차대차,정면충돌,정면충돌,안전운전 의무 불이행,교차로,교차로부근,승용차,승용차,996689,1810330,127.4631276,36.29026972,,
2017,2017050910,주간,화,1,1,0,0,0,충남,논산시,차대차,기타,기타,안전운전 의무 불이행,단일로,기타단일로,자전거,승용차,961400,1801809,127.0705636,36.2126833,,
2017,2017020503,야간,일,1,1,0,0,0,충남,천안시,차대사람,기타,기타,안전운전 의무 불이행,단일로,기타단일로,승용차,보행자,966881,1884455,127.1279819,36.95792955,,
2017,2017020507,주간,일,1,1,0,0,0,충남,아산시,차대사람,횡단중,횡단중,안전운전 의무 불이행,교차로,교차로횡단보도내,승용차,보행자,960090,1864474,127.0527532,36.77755025,,
2017,2017022810,주간,화,1,4,3,0,0,충남,천안시,차대차,정면충돌,정면충돌,중앙선 침범,단일로,기타단일로,승용차,승합차,971435,1863799,127.1799128,36.77187541,,
2017,2017102407,주간,화,1,1,0,0,0,충남,부여군,차대차,측면충돌,측면충돌,신호위반,교차로,교차로내,건설기계,화물차,931084,1799749,126.7334915,36.19242733,,
2017,2017051520,야간,월,1,1,0,0,0,충남,논산시,차대사람,횡단중,횡단중,안전운전 의무 불이행,단일로,기타단일로,승용차,보행자,964732,1801532,127.1076447,36.2103133,,
2017,2017021202,야간,일,1,1,0,0,0,대전,대덕구,차량단독,도로이탈,도로이탈 기타,안전운전 의무 불이행,단일로,기타단일로,승용차,없음,992686,1818469,127.4184725,36.36362434,,
2017,2017092612,주간,화,1,2,1,0,0,충남,서천군,차대차,측면충돌,측면충돌,안전운전 의무 불이행,교차로,교차로부근,승용차,승용차,925174,1788973,126.6687898,36.09484517,,
2017,2017103115,주간,화,1,1,0,0,0,충남,부여군,차대사람,기타,기타,안전운전 의무 불이행,단일로,기타단일로,건설기계,보행자,944885,1806130,126.8865332,36.25083714,,
2017,2017070613,주간,목,1,1,0,0,0,충남,공주시,차대차,기타,기타,기타,교차로,교차로내,승용차,승용차,949721,1831734,126.9387033,36.48192006,,
2017,2017110209,주간,목,1,1,0,0,0,충남,부여군,차량단독,도로이탈,도로이탈 추락,안전운전 의무 불이행,단일로,기타단일로,건설기계,없음,942449,1788536,126.86071,36.09208296,,
2017,2017071016,주간,월,1,3,0,2,0,충남,공주시,차대차,추돌,추돌,기타,단일로,터널안,승용차,승용차,976358,1817845,127.2364881,36.35773598,,
2017,2017100113,주간,일,1,1,0,0,0,충남,서천군,차량단독,기타,기타,안전운전 의무 불이행,교차로,교차로내,승용차,없음,928733,1779179,126.7092055,36.00681991,,
2017,2017020905,야간,목,1,1,0,0,0,충남,천안시,차대차,측면충돌,측면충돌,신호위반,교차로,교차로내,건설기계,승합차,965397,1867149,127.1121026,36.80187287,,
2017,2017061417,주간,수,1,3,1,1,0,충남,천안시,차량단독,공작물충돌,공작물충돌,안전운전 의무 불이행,단일로,기타단일로,화물차,없음,971424,1863153,127.1798137,36.76605162,,
2017,2017061516,주간,목,1,10,2,7,0,대전,유성구,차대차,추돌,추돌,안전운전 의무 불이행,단일로,기타단일로,화물차,화물차,984343,1821655,127.3254111,36.39224754,,
2017,2017052008,주간,토,1,1,0,0,0,세종,세종,차대차,측면충돌,측면충돌,안전운전 의무 불이행,교차로,교차로내,화물차,자전거,982544,1845065,127.3048219,36.60326096,,
2017,2017052500,야간,목,1,2,1,0,0,충남,논산시,차량단독,도로이탈,도로이탈 추락,안전운전 의무 불이행,단일로,교량위,화물차,없음,965329,1801661,127.1142805,36.21149788,,
2017,2017061523,야간,목,1,1,0,0,0,충남,홍성군,차량단독,전도전복,전도전복,안전운전 의무 불이행,단일로,기타단일로,자전거,없음,929778,1851819,126.7142509,36.66171608,,
2017,2017050602,야간,토,1,2,0,1,0,충남,보령시,차대차,추돌,추돌,안전운전 의무 불이행,단일로,기타단일로,승용차,특수차,918335,1825992,126.5889592,36.42799866,,
2017,2017052711,주간,토,1,1,0,0,0,충남,논산시,차대차,측면충돌,측면충돌,기타,교차로,교차로내,승용차,이륜차,965573,1800110,127.1170631,36.19752366,,
2017,2017050615,주간,토,1,2,0,1,0,충남,보령시,차대차,기타,기타,신호위반,교차로,교차로내,승용차,건설기계,920184,1817850,126.6104207,36.35476013,,
2017,2017062614,주간,월,1,2,1,0,0,충남,금산군,차대차,기타,기타,안전운전 의무 불이행,단일로,기타단일로,승용차,승용차,999462,1795479,127.4940189,36.15638447,,
2017,2017062310,주간,금,1,1,0,0,0,충남,홍성군,차대사람,횡단중,횡단중,안전운전 의무 불이행,단일로,기타단일로,화물차,보행자,933108,1846778,126.7519484,36.61651544,,
2017,2017031512,주간,수,1,1,0,0,0,충남,서산시,차대차,측면충돌,측면충돌,신호위반,교차로,교차로내,이륜차,건설기계,913529,1853936,126.532215,36.6794598,,
2017,2017031115,주간,토,1,1,0,0,0,충남,천안시,차대차,정면충돌,정면충돌,신호위반,교차로,교차로내,이륜차,건설기계,966650,1859666,127.1264769,36.73446077,,
2017,2017120717,주간,목,1,1,0,0,0,충남,부여군,차대차,추돌,추돌,안전운전 의무 불이행,단일로,기타단일로,승용차,이륜차,936949,1815009,126.7974886,36.3303942,,
2017,2017031520,야간,수,1,1,0,0,0,충남,서산시,차대사람,횡단중,횡단중,안전운전 의무 불이행,단일로,기타단일로,화물차,보행자,909423,1865857,126.4848532,36.78652645,,
2017,2017070518,야간,수,1,2,0,1,0,충남,천안시,차대차,추돌,추돌,안전운전 의무 불이행,단일로,기타단일로,화물차,화물차,982211,1859069,127.3007712,36.72949741,,
2017,2017021416,주간,화,1,1,0,0,0,충남,천안시,차대차,추돌,추돌,안전운전 의무 불이행,단일로,기타단일로,건설기계,원동기장치자전거,968512,1875395,127.1466792,36.87631522,,
2017,2017031804,야간,토,1,1,0,0,0,충남,서산시,차대사람,횡단중,횡단중,안전운전 의무 불이행,단일로,기타단일로,승용차,보행자,917184,1855587,126.5729383,36.69466686,,
2017,2017021602,야간,목,1,1,0,0,0,대전,서구,차대사람,차도통행중,차도통행중,안전운전 의무 불이행,단일로,기타단일로,화물차,보행자,988061,1817846,127.3669283,36.35796146,,
2017,2017021512,주간,수,1,1,0,0,0,충남,아산시,차대사람,횡단중,횡단중,안전운전 의무 불이행,단일로,기타단일로,화물차,보행자,945951,1875435,126.8935339,36.87565359,,
2017,2017100817,주간,일,1,1,0,0,0,충남,예산군,차대차,기타,기타,안전운전 의무 불이행,단일로,기타단일로,이륜차,승용차,940335,1862301,126.8315582,36.75692426,,
2017,2017051620,야간,화,1,1,0,0,0,충남,보령시,차대사람,횡단중,횡단중,안전운전 의무 불이행,단일로,기타단일로,화물차,보행자,918228,1817652,126.5886436,36.35281103,,
2017,2017061003,야간,토,1,2,1,0,0,충남,논산시,차량단독,공작물충돌,공작물충돌,안전운전 의무 불이행,단일로,기타단일로,승용차,없음,975126,1799474,127.2233415,36.19208256,,
2017,2017061015,주간,토,1,1,0,0,0,충남,논산시,차대사람,기타,기타,과속,단일로,기타단일로,승용차,보행자,963703,1802504,127.0961524,36.21903819,,
2017,2017071210,주간,수,1,1,0,0,0,충남,홍성군,철길건널목,철길건널목,철길건널목,기타,철길건널목,철길건널목,자전거,기타,921523,1833748,126.6237337,36.49817877,,
2017,2017021609,주간,목,1,1,0,0,0,대전,중구,차대사람,횡단중,횡단중,보행자 보호의무 위반,교차로,교차로내,승합차,보행자,989801,1813617,127.3863777,36.3198553,,
2017,2017071719,야간,월,2,2,0,0,0,충남,공주시,차량단독,전도전복,전도전복,안전운전 의무 불이행,단일로,기타단일로,승용차,없음,957509,1833031,127.0255715,36.49398966,,
2017,2017102013,주간,금,1,1,0,0,0,충남,예산군,차대차,정면충돌,정면충돌,중앙선 침범,단일로,기타단일로,이륜차,화물차,941183,1859633,126.841258,36.73292728,,
2017,2017071707,주간,월,1,1,0,0,0,충남,홍성군,차대차,측면충돌,측면충돌,신호위반,교차로,교차로내,화물차,승용차,912972,1846573,126.5268173,36.61304138,,
2017,2017032313,주간,목,1,1,0,0,0,충남,서산시,차대차,측면충돌,측면충돌,안전운전 의무 불이행,단일로,기타단일로,이륜차,승용차,905816,1870482,126.4438613,36.8278606,,
2017,2017021801,야간,토,1,3,2,0,0,충남,아산시,차대차,추돌,추돌,기타,단일로,기타단일로,승용차,승용차,962880,1864600,127.0840121,36.77879951,,
2017,2017102519,야간,수,1,1,0,0,0,충남,예산군,차대사람,기타,기타,안전운전 의무 불이행,단일로,기타단일로,승용차,보행자,931041,1854602,126.7281315,36.68689472,,
2017,2017052610,주간,금,1,3,0,2,0,충남,보령시,차대차,정면충돌,정면충돌,중앙선 침범,단일로,기타단일로,승용차,승용차,920917,1816108,126.6187664,36.33911767,,
2017,2017022104,야간,화,1,1,0,0,0,충남,아산시,차대차,추돌,추돌,안전운전 의무 불이행,단일로,기타단일로,승용차,승합차,960188,1868182,127.0536575,36.81098002,,
2017,2017052811,주간,일,1,1,0,0,0,충남,보령시,차대사람,기타,기타,안전운전 의무 불이행,단일로,기타단일로,승용차,보행자,926520,1810871,126.6816891,36.29235256,,
2017,2017073001,야간,일,1,2,0,1,0,충남,공주시,차대차,기타,기타,안전운전 의무 불이행,단일로,기타단일로,화물차,승용차,961390,1817988,127.0696523,36.35854077,,
2017,2017032709,주간,월,1,2,0,1,0,충남,태안군,차대차,정면충돌,정면충돌,중앙선 침범,단일로,기타단일로,화물차,승용차,892254,1853807,126.2941627,36.67612775,,
2017,2017122211,주간,금,1,1,0,0,0,충남,서천군,차대차,측면충돌,측면충돌,기타,교차로,교차로내,화물차,자전거,932710,1784725,126.7528596,36.05710062,,
2017,2017080217,주간,수,1,4,0,0,3,대전,대덕구,차대차,기타,기타,안전운전 의무 불이행,단일로,기타단일로,화물차,화물차,992865,1821814,127.4204371,36.39378208,,
2017,2017122317,주간,토,1,1,0,0,0,충남,서천군,차대사람,차도통행중,차도통행중,안전운전 의무 불이행,교차로,교차로내,승용차,보행자,926534,1787588,126.6840252,36.08246338,,
2017,2017032803,야간,화,1,1,0,0,0,충남,서산시,차대차,정면충돌,정면충돌,안전운전 의무 불이행,단일로,기타단일로,화물차,승용차,908172,1864109,126.4710452,36.77065071,,
2017,2017050111,주간,월,1,1,0,0,0,충남,당진시,차대사람,차도통행중,차도통행중,안전운전 의무 불이행,단일로,기타단일로,화물차,보행자,933191,1868515,126.7509768,36.81246061,,
2017,2017080501,야간,토,1,1,0,0,0,대전,대덕구,차대차,추돌,추돌,안전운전 의무 불이행,단일로,기타단일로,화물차,화물차,993320,1820919,127.4255185,36.38571661,,
2017,2017060315,주간,토,1,2,0,1,0,충남,보령시,차대차,정면충돌,정면충돌,중앙선 침범,단일로,기타단일로,이륜차,승용차,914730,1800158,126.5515722,36.19481136,,
2017,2017062913,주간,목,1,1,0,0,0,충남,논산시,차대차,추돌,추돌,과속,단일로,기타단일로,특수차,이륜차,959733,1797362,127.0522465,36.17252393,,
2017,2017070309,주간,월,1,3,0,2,0,충남,논산시,차대차,정면충돌,정면충돌,신호위반,교차로,교차로내,화물차,승합차,962673,1799941,127.0848147,36.19589251,,
2017,2017080713,주간,월,1,1,0,0,0,충남,홍성군,차대차,추돌,추돌,안전운전 의무 불이행,단일로,기타단일로,화물차,농기계,918331,1844328,126.5869752,36.59327952,,
2017,2017030905,야간,목,1,1,0,0,0,대전,동구,차대사람,횡단중,횡단중,안전운전 의무 불이행,교차로,교차로부근,화물차,보행자,994582,1815108,127.4396302,36.33333609,,
2017,2017033015,주간,목,1,1,0,0,0,충남,태안군,차량단독,도로이탈,도로이탈 추락,안전운전 의무 불이행,단일로,기타단일로,원동기장치자전거,없음,889236,1869185,126.2581659,36.81437468,,
2017,2017060815,주간,목,1,1,0,0,0,충남,보령시,차대사람,기타,기타,안전운전 의무 불이행,단일로,기타단일로,화물차,보행자,916413,1809721,126.569268,36.28116286,,
2017,2017081816,주간,금,1,1,0,0,0,대전,동구,차량단독,공작물충돌,공작물충돌,안전운전 의무 불이행,단일로,기타단일로,특수차,없음,1000106,1817113,127.5011814,36.35142726,,
2017,2017082123,야간,월,1,2,0,1,0,세종,세종,차대차,추돌,추돌,안전운전 의무 불이행,단일로,기타단일로,화물차,화물차,978966,1827169,127.2653038,36.44185488,,
2017,2017090711,주간,목,1,1,0,0,0,충남,공주시,차량단독,도로이탈,도로이탈 추락,안전운전 의무 불이행,단일로,기타단일로,화물차,없음,963221,1824670,127.0897438,36.4188516,,
2017,2017062815,주간,수,1,3,2,0,0,세종,세종,차대차,추돌,추돌,안전운전 의무 불이행,단일로,기타단일로,화물차,화물차,980823,1826787,127.2860334,36.43845,,
2017,2017090819,야간,금,1,1,0,0,0,충남,공주시,차대사람,차도통행중,차도통행중,신호위반,교차로,교차로내,이륜차,보행자,967525,1831148,127.1374808,36.47740662,,
2017,2017031204,야간,일,1,1,0,0,0,대전,동구,차량단독,전도전복,전도전복,안전운전 의무 불이행,단일로,기타단일로,원동기장치자전거,없음,994175,1816044,127.4350882,36.34177215,,
2017,2017091016,주간,일,1,4,3,0,0,충남,공주시,차대차,추돌,추돌,안전운전 의무 불이행,단일로,기타단일로,승용차,승용차,968153,1821827,127.144874,36.39339785,,
2017,2017120707,주간,목,1,1,0,0,0,충남,예산군,차량단독,공작물충돌,공작물충돌,안전운전 의무 불이행,단일로,교량위,승용차,없음,942501,1854428,126.85641,36.68608863,,
2017,2017090215,주간,토,2,20,8,10,0,충남,천안시,차대차,추돌,추돌,안전운전 의무 불이행,단일로,기타단일로,승합차,승용차,965923,1855127,127.1185357,36.69352188,,
2017,2017070500,야간,수,1,2,0,1,0,세종,세종,차대차,정면충돌,정면충돌,중앙선 침범,단일로,기타단일로,승용차,승합차,986302,1829143,127.3471232,36.45978381,,
2017,2017022600,야간,일,1,1,0,0,0,대전,중구,차대차,추돌,추돌,안전운전 의무 불이행,단일로,기타단일로,원동기장치자전거,승합차,990265,1813794,127.3915447,36.32145583,,
2017,2017121310,주간,수,1,1,0,0,0,충남,예산군,차대사람,기타,기타,안전운전 의무 불이행,교차로,교차로부근,특수차,보행자,938058,1854334,126.80669,36.68496212,,
2017,2017051617,주간,화,1,1,0,0,0,충남,당진시,차대차,정면충돌,정면충돌,중앙선 침범,단일로,기타단일로,이륜차,승용차,927051,1869747,126.6820267,36.82311211,,
2017,2017122318,야간,토,1,1,0,0,0,충남,예산군,차대사람,기타,기타,안전운전 의무 불이행,단일로,기타단일로,승용차,보행자,936282,1853323,126.7868992,36.67573317,,
2017,2017091816,주간,월,1,2,1,0,0,충남,청양군,차대차,추돌,추돌,안전운전 의무 불이행,단일로,기타단일로,화물차,건설기계,958933,1827894,127.0417432,36.44774205,,
2017,2017030500,야간,일,1,1,0,0,0,충남,아산시,차량단독,전도전복,전도전복,안전운전 의무 불이행,단일로,기타단일로,승용차,없음,955253,1861719,126.9987114,36.75249933,,
2017,2017051919,야간,금,1,1,0,0,0,충남,당진시,차대차,정면충돌,정면충돌,중앙선 침범,단일로,기타단일로,이륜차,화물차,913847,1890274,126.5316522,37.00701696,,
2017,2017041121,야간,화,1,1,0,0,0,충남,서산시,차대차,측면충돌,측면충돌,안전운전 의무 불이행,단일로,기타단일로,화물차,화물차,914403,1866840,126.5405491,36.79584991,,
2017,2017091313,주간,수,2,5,1,2,0,충남,홍성군,차대차,추돌,추돌,안전운전 의무 불이행,단일로,기타단일로,승용차,특수차,928640,1846072,126.7020527,36.60982733,,
2017,2017032123,야간,화,1,2,1,0,0,대전,서구,차대차,측면충돌,측면충돌,안전운전 의무 불이행,단일로,기타단일로,화물차,이륜차,984963,1811311,127.3325244,36.29900231,,
2017,2017030623,야간,월,1,1,0,0,0,충남,천안시,차대차,기타,기타,안전운전 의무 불이행,단일로,기타단일로,승용차,특수차,974445,1877436,127.2131826,36.89489306,,
2017,2017041620,야간,일,1,1,0,0,0,충남,서산시,차대사람,횡단중,횡단중,안전운전 의무 불이행,교차로,교차로횡단보도내,승용차,보행자,917478,1855033,126.5762887,36.68969884,,
2017,2017053014,주간,화,1,4,2,1,0,충남,당진시,차대차,추돌,추돌,안전거리 미확보,단일로,기타단일로,화물차,승용차,932959,1886783,126.7467595,36.97710848,,
2017,2017031211,주간,일,1,1,0,0,0,충남,아산시,차량단독,전도,전도,안전운전 의무 불이행,교차로,교차로내,특수차,없음,956383,1879297,127.0103613,36.91100634,,
2017,2017101319,야간,금,1,3,1,1,0,충남,공주시,차량단독,공작물충돌,공작물충돌,안전운전 의무 불이행,단일로,기타단일로,승용차,없음,960108,1830341,127.0547283,36.46985132,,
2017,2017101915,주간,목,1,1,0,0,0,충남,공주시,차대차,추돌,추돌,안전운전 의무 불이행,단일로,기타단일로,화물차,화물차,961402,1818100,127.0697805,36.35955095,,
2017,2017031921,야간,일,1,1,0,0,0,대전,대덕구,차대사람,횡단중,횡단중,안전운전 의무 불이행,교차로,교차로부근,승용차,보행자,993360,1817940,127.4259899,36.35886009,,
2017,2017042113,주간,금,1,2,0,1,0,충남,천안시,차대차,추돌,추돌,안전운전 의무 불이행,단일로,기타단일로,화물차,승용차,967487,1858810,127.1358865,36.72677418,,
2017,2017072321,야간,일,2,2,0,0,0,충남,보령시,차대사람,길가장자리구역통행중,길가장자리구역통행중,안전운전 의무 불이행,단일로,기타단일로,승용차,보행자,915228,1832610,126.5535776,36.48738395,,
2017,2017042411,주간,월,1,1,0,0,0,충남,천안시,차대차,정면충돌,정면충돌,안전운전 의무 불이행,교차로,교차로내,건설기계,농기계,966710,1861717,127.1270583,36.75295278,,
2017,2017031623,야간,목,1,1,0,0,0,대전,서구,차대사람,기타,기타,안전운전 의무 불이행,단일로,기타단일로,승용차,보행자,990107,1817293,127.38974,36.35299917,,
2017,2017032503,야간,토,1,1,0,0,0,대전,대덕구,차대차,추돌,추돌,안전운전 의무 불이행,단일로,기타단일로,승용차,특수차,991399,1827442,127.4040317,36.44450547,,
2017,2017102805,야간,토,1,1,0,0,0,충남,홍성군,차대사람,차도통행중,차도통행중,안전운전 의무 불이행,교차로,교차로내,승합차,보행자,925252,1846487,126.6641313,36.61330848,,
2017,2017082519,야간,금,1,2,0,1,0,충남,논산시,차대차,추돌,추돌,과속,단일로,고가도로위,화물차,이륜차,960598,1797582,127.0618537,36.1745429,,
2017,2017082606,주간,토,1,1,0,0,0,충남,논산시,차대사람,차도통행중,차도통행중,안전운전 의무 불이행,단일로,기타단일로,승용차,보행자,971569,1814602,127.1832294,36.32836976,,
2017,2017043019,야간,일,1,1,0,0,0,충남,서산시,차대사람,횡단중,횡단중,기타,단일로,기타단일로,승용차,보행자,913563,1852712,126.5327336,36.6684302,,
2017,2017061619,야간,금,1,1,0,0,0,충남,당진시,차대사람,횡단중,횡단중,안전운전 의무 불이행,단일로,기타단일로,화물차,보행자,918767,1880564,126.5879903,36.91993572,,
2017,2017080411,주간,금,1,1,0,0,0,충남,보령시,차량단독,기타,기타,안전운전 의무 불이행,단일로,기타단일로,이륜차,없음,915246,1817225,126.5554595,36.34870389,,
2017,2017111410,주간,화,1,1,0,0,0,충남,공주시,차대차,추돌,추돌,안전운전 의무 불이행,단일로,기타단일로,승합차,이륜차,966369,1847108,127.1238801,36.62124485,,
2017,2017050506,주간,금,1,1,0,0,0,충남,서산시,차량단독,공작물충돌,공작물충돌,안전운전 의무 불이행,단일로,기타단일로,승용차,없음,899497,1849731,126.3757455,36.64017951,,
2017,2017050418,야간,목,1,1,0,0,0,충남,천안시,차량단독,전도전복,전도전복,안전운전 의무 불이행,단일로,기타단일로,승용차,없음,969208,1868182,127.1547811,36.81131657,,
2017,2017051011,주간,수,1,1,0,0,0,충남,서산시,차량단독,전도,전도,안전거리 미확보,단일로,기타단일로,승용차,없음,900283,1865666,126.382458,36.78388672,,
2017,2017051114,주간,목,1,2,1,0,0,충남,서산시,차대사람,횡단중,횡단중,안전운전 의무 불이행,교차로,교차로부근,승용차,보행자,904907,1874445,126.4331735,36.86348854,,
2017,2017041317,주간,목,1,1,0,0,0,대전,서구,차량단독,기타,기타,안전운전 의무 불이행,교차로,교차로내,이륜차,없음,986816,1811997,127.3531507,36.30521405,,
2017,2017032916,주간,수,1,3,1,1,0,충남,아산시,차대차,기타,기타,안전운전 의무 불이행,교차로,교차로내,화물차,승합차,953912,1865446,126.9834638,36.78603182,,
2017,2017082719,야간,일,1,2,0,0,1,세종,세종,차대사람,차도통행중,차도통행중,안전운전 의무 불이행,단일로,기타단일로,승용차,보행자,973317,1832883,127.2020762,36.4932267,,
2017,2017032622,야간,일,1,1,0,0,0,충남,천안시,차대사람,횡단중,횡단중,과속,교차로,교차로부근,승용차,보행자,967650,1877330,127.1369244,36.89372898,,
2017,2017082919,야간,화,1,1,0,0,0,세종,세종,차대차,추돌,추돌,안전운전 의무 불이행,단일로,기타단일로,승용차,자전거,981474,1835831,127.2930802,36.51999592,,
2017,2017121519,야간,금,1,2,1,0,0,충남,공주시,차량단독,기타,기타,안전운전 의무 불이행,교차로,교차로부근,화물차,없음,969652,1841794,127.1608054,36.57345,,
2017,2017042506,주간,화,1,1,0,0,0,대전,서구,차대차,기타,기타,중앙선 침범,단일로,기타단일로,자전거,승합차,986851,1811996,127.3535405,36.30520551,,
2017,2017100120,야간,일,3,4,1,0,0,충남,논산시,차대차,정면충돌,정면충돌,중앙선 침범,단일로,교량위,승용차,승용차,957440,1795973,127.0268253,36.15990349,,