발생년,발생년월일시,주야,요일,사망자수,사상자수,중상자수,경상자수,부상신고자수,발생지시도,발생지시군구,사고유형_대분류,사고유형_중분류,사고유형,법규위반,도로형태_대분류,도로형태,당사자종별_1당_대분류,당사자종별_2당_대분류,발생위치X_UTMK,발생위치Y_UTMK,경도,위도,,
2017,2017100200,야간,월,1,1,0,0,0,충남,논산시,차대사람,횡단중,횡단중,안전운전 의무 불이행,단일로,기타단일로,화물차,보행자,964675,1792690,127.1074084,36.13059639,,
2017,2017100211,주간,월,1,1,0,0,0,충남,논산시,차대사람,횡단중,횡단중,보행자 보호의무 위반,교차로,교차로횡단보도내,화물차,보행자,963830,1789813,127.098152,36.10462753,,
2017,2017090218,야간,토,1,1,0,0,0,충남,보령시,차량단독,전도전복,전도전복,안전운전 의무 불이행,단일로,기타단일로,이륜차,없음,917806,1821011,126.5835859,36.38305388,,
2017,2017090515,주간,화,1,1,0,0,0,충남,보령시,차대사람,횡단중,횡단중,안전운전 의무 불이행,단일로,기타단일로,승용차,보행자,924606,1821689,126.6593283,36.38972319,,
2017,2017050207,주간,화,1,1,0,0,0,대전,동구,차대사람,횡단중,횡단중,안전운전 의무 불이행,단일로,기타단일로,승용차,보행자,999795,1817121,127.4977153,36.35149937,,
2017,2017040715,주간,금,1,1,0,0,0,충남,아산시,차량단독,전도전복,전도전복,안전운전 의무 불이행,단일로,기타단일로,이륜차,없음,961666,1865222,127.0703786,36.7843627,,
2017,2017091007,주간,일,1,1,0,0,0,세종,세종,차대사람,기타,기타,안전운전 의무 불이행,단일로,기타단일로,화물차,보행자,989651,1836901,127.3843958,36.52976558,,
2017,2017033000,야간,목,1,1,0,0,0,대전,유성구,차대차,정면충돌,정면충돌,신호위반,교차로,교차로내,이륜차,승용차,986057,1818303,127.3445837,36.36205452,,
2017,2017052620,야간,금,1,1,0,0,0,충남,서산시,차대차,추돌,추돌,안전운전 의무 불이행,단일로,기타단일로,화물차,농기계,914229,1855232,126.5399032,36.69120488,,
2017,2017040805,야간,토,1,2,0,1,0,충남,아산시,차대차,추돌,추돌,안전운전 의무 불이행,단일로,기타단일로,화물차,화물차,964892,1866592,127.1064674,36.79683318,,
2017,2017072614,주간,수,1,1,0,0,0,충남,당진시,차량단독,공작물충돌,공작물충돌,안전운전 의무 불이행,단일로,기타단일로,승용차,없음,924758,1870893,126.6562044,36.83326218,,
2017,2017050603,야간,토,1,2,0,1,0,대전,동구,차대차,추돌,추돌,안전운전 의무 불이행,단일로,기타단일로,승용차,화물차,994646,1816970,127.4403305,36.35012317,,
2017,2017102118,야간,토,1,1,0,0,0,충남,논산시,차량단독,전도전복,전도전복,안전운전 의무 불이행,단일로,기타단일로,이륜차,없음,956224,1797161,127.0132402,36.17055957,,
2017,2017052922,야간,월,1,1,0,0,0,충남,천안시,차대사람,횡단중,횡단중,안전운전 의무 불이행,교차로,교차로내,승용차,보행자,969567,1867283,127.1588419,36.80322409,,
2017,2017060121,야간,목,1,2,1,0,0,충남,천안시,차대차,측면충돌,측면충돌,중앙선 침범,단일로,기타단일로,승용차,승용차,979810,1861860,127.27381,36.75461134,,
2017,2017060308,주간,토,1,1,0,0,0,충남,천안시,차대사람,횡단중,횡단중,안전운전 의무 불이행,단일로,기타단일로,승용차,보행자,967964,1866740,127.1408952,36.79827628,,
2017,2017103018,야간,월,1,1,0,0,0,충남,논산시,차대사람,횡단중,횡단중,안전운전 의무 불이행,단일로,기타단일로,승용차,보행자,972491,1802184,127.1939392,36.21644326,,
2017,2017051215,주간,금,1,6,0,5,0,대전,서구,차대차,측면충돌,측면충돌,안전운전 의무 불이행,단일로,기타단일로,승용차,승용차,986680,1811685,127.3516412,36.30239935,,
2017,2017041515,주간,토,1,1,0,0,0,충남,아산시,차대차,기타,기타,중앙선 침범,단일로,기타단일로,원동기장치자전거,승합차,944792,1871774,126.8807961,36.84258584,,
2017,2017051421,야간,일,1,1,0,0,0,대전,동구,차대사람,횡단중,횡단중,안전운전 의무 불이행,단일로,기타단일로,승합차,보행자,997284,1808448,127.4697603,36.27330437,,
2017,2017111010,주간,금,1,1,0,0,0,충남,논산시,차대차,측면충돌,측면충돌,신호위반,교차로,교차로내,이륜차,화물차,973059,1801769,127.2002729,36.21271782,,
2017,2017051815,주간,목,1,1,0,0,0,대전,동구,차량단독,전도,전도,안전운전 의무 불이행,기타,기타,승용차,없음,997913,1815248,127.4767453,36.33461123,,
2017,2017081323,야간,일,1,1,0,0,0,충남,당진시,차량단독,전도전복,전도전복,안전운전 의무 불이행,단일로,기타단일로,원동기장치자전거,없음,927300,1887568,126.6831077,36.98376372,,
2017,2017041620,야간,일,1,1,0,0,0,충남,천안시,차대사람,기타,기타,안전운전 의무 불이행,교차로,교차로부근,승용차,보행자,967510,1879645,127.1352539,36.91459248,,
2017,2017052000,야간,토,1,1,0,0,0,대전,동구,차대사람,횡단중,횡단중,안전운전 의무 불이행,단일로,기타단일로,승합차,보행자,993881,1815090,127.4318195,36.33316961,,
2017,2017081621,야간,수,1,1,0,0,0,충남,당진시,차량단독,공작물충돌,공작물충돌,안전운전 의무 불이행,교차로,교차로부근,승용차,없음,914952,1890731,126.5440191,37.01123665,,
2017,2017061210,주간,월,1,1,0,0,0,충남,천안시,차량단독,전도전복,전도전복,안전운전 의무 불이행,단일로,기타단일로,이륜차,없음,978999,1862974,127.2646937,36.76463612,,
2017,2017102318,야간,월,1,1,0,0,0,충남,보령시,차대사람,길가장자리구역통행중,길가장자리구역통행중,안전운전 의무 불이행,단일로,기타단일로,화물차,보행자,924064,1816517,126.6537904,36.343058,,
2017,2017102520,야간,수,1,1,0,0,0,충남,보령시,차대차,기타,기타,안전운전 의무 불이행,단일로,기타단일로,자전거,건설기계,919455,1804018,126.603724,36.23001226,,
2017,2017061515,주간,목,1,1,0,0,0,충남,천안시,차대사람,횡단중,횡단중,안전운전 의무 불이행,교차로,교차로내,승합차,보행자,968739,1866967,127.149573,36.8003485,,
2017,2017100823,야간,일,1,1,0,0,0,세종,세종,차대차,측면충돌,측면충돌,안전운전 의무 불이행,단일로,기타단일로,승용차,승용차,975922,1833569,127.2311402,36.49948013,,
2017,2017120912,주간,토,1,1,0,0,0,충남,논산시,차대사람,기타,기타,안전운전 의무 불이행,단일로,기타단일로,화물차,보행자,963845,1792330,127.0982008,36.12732022,,
2017,2017121014,주간,일,1,1,0,0,0,충남,논산시,차대차,측면충돌,측면충돌,교차로 통행방법 위반,교차로,교차로내,승용차,이륜차,956020,1795866,127.0110445,36.15887542,,
2017,2017090321,야간,일,1,1,0,0,0,충남,당진시,차대사람,차도통행중,차도통행중,안전운전 의무 불이행,단일로,기타단일로,승용차,보행자,937753,1875919,126.8015129,36.87951135,,
2017,2017111306,주간,월,2,3,1,0,0,충남,보령시,차대차,추돌,추돌,안전운전 의무 불이행,단일로,기타단일로,승용차,화물차,915998,1801958,126.5654812,36.21114825,,
2017,2017050117,주간,월,1,1,0,0,0,충남,아산시,차량단독,전도,전도,안전운전 의무 불이행,교차로,교차로내,이륜차,없음,961074,1882002,127.0628812,36.93559534,,
2017,2017102018,야간,금,1,1,0,0,0,세종,세종,차량단독,도로이탈,도로이탈 기타,안전운전 의무 불이행,교차로,교차로부근,승용차,없음,981103,1841535,127.2887967,36.57141055,,
2017,2017112019,야간,월,1,1,0,0,0,충남,보령시,차대사람,횡단중,횡단중,안전운전 의무 불이행,단일로,기타단일로,승용차,보행자,919361,1815022,126.601542,36.32919901,,
2017,2017063006,주간,금,1,1,0,0,0,충남,서산시,차대차,측면충돌,측면충돌,안전운전 의무 불이행,단일로,기타단일로,화물차,이륜차,917238,1855415,126.5735613,36.69312121,,
2017,2017050401,야간,목,1,1,0,0,0,대전,중구,차대사람,횡단중,횡단중,안전운전 의무 불이행,단일로,기타단일로,승용차,보행자,991882,1813816,127.409559,36.32166916,,
2017,2017063021,야간,금,1,1,0,0,0,충남,서산시,차대사람,차도통행중,차도통행중,안전운전 의무 불이행,단일로,기타단일로,승용차,보행자,900057,1865697,126.3799216,36.7841423,,
2017,2017052523,야간,목,1,1,0,0,0,대전,대덕구,차대차,추돌,추돌,과속,단일로,기타단일로,승용차,화물차,992842,1825289,127.4201485,36.42511013,,
2017,2017120220,야간,토,1,1,0,0,0,충남,보령시,차량단독,기타,기타,안전운전 의무 불이행,교차로,교차로내,승용차,없음,913226,1803566,126.5344686,36.22539853,,
2017,2017091619,야간,토,1,2,1,0,0,충남,당진시,차대차,정면충돌,정면충돌,중앙선 침범,단일로,기타단일로,승용차,승용차,934089,1883616,126.7597311,36.94864187,,
2017,2017091619,야간,토,1,1,0,0,0,충남,당진시,차대사람,차도통행중,차도통행중,안전운전 의무 불이행,단일로,기타단일로,승용차,보행자,911281,1878432,126.5042053,36.90004464,,
2017,2017110209,주간,목,1,1,0,0,0,세종,세종,차량단독,전도,전도,안전운전 의무 불이행,단일로,기타단일로,이륜차,없음,981133,1847851,127.288977,36.62834974,,
2017,2017120820,야간,금,1,1,0,0,0,충남,보령시,차량단독,전도전복,전도전복,안전운전 의무 불이행,교차로,교차로내,농기계,없음,914720,1828077,126.5484063,36.44647841,,
2017,2017051011,주간,수,1,1,0,0,0,대전,중구,차대사람,횡단중,횡단중,안전운전 의무 불이행,단일로,기타단일로,승용차,보행자,991500,1813781,127.4053036,36.32135032,,
2017,2017061608,주간,금,1,1,0,0,0,대전,서구,차대차,측면충돌,측면충돌,신호위반,교차로,교차로내,승용차,원동기장치자전거,985159,1811298,127.3347076,36.29888815,,
2017,2017092803,야간,목,1,2,0,1,0,충남,당진시,차량단독,공작물충돌,공작물충돌,안전운전 의무 불이행,단일로,기타단일로,이륜차,없음,922958,1878496,126.6352485,36.90164764,,
2017,2017071711,주간,월,1,1,0,0,0,충남,서산시,차대사람,횡단중,횡단중,안전운전 의무 불이행,교차로,교차로횡단보도내,화물차,보행자,907141,1865352,126.4593429,36.78175375,,
2017,2017051806,주간,목,1,1,0,0,0,대전,중구,차량단독,전도전복,전도전복,안전운전 의무 불이행,단일로,기타단일로,승용차,없음,991173,1813564,127.4016631,36.31939103,,
2017,2017100915,주간,월,1,1,0,0,0,충남,당진시,차대차,추돌,추돌,안전거리 미확보,교차로,교차로부근,이륜차,승용차,938137,1880423,126.8054537,36.92013528,,
2017,2017112402,야간,금,1,1,0,0,0,세종,세종,차대차,추돌,추돌,안전운전 의무 불이행,단일로,기타단일로,화물차,승용차,974718,1838487,127.2175351,36.54378508,,
2017,2017072018,야간,목,1,2,1,0,0,충남,천안시,차대차,정면충돌,정면충돌,중앙선 침범,단일로,기타단일로,승용차,승용차,983771,1861960,127.318183,36.7555889,,
2017,2017072504,야간,화,1,1,0,0,0,충남,서산시,차량단독,공작물충돌,공작물충돌,안전운전 의무 불이행,교차로,교차로부근,승용차,없음,905803,1880022,126.4425309,36.91384417,,
2017,2017051519,야간,월,1,1,0,0,0,대전,유성구,차대사람,횡단중,횡단중,안전운전 의무 불이행,교차로,교차로부근,승용차,보행자,985828,1819845,127.3420031,36.37595285,,
2017,2017052006,주간,토,1,4,2,1,0,충남,천안시,차대차,정면충돌,정면충돌,기타,교차로,교차로내,승용차,승용차,973838,1876567,127.2064,36.88704284,,
2017,2017120222,야간,토,1,1,0,0,0,세종,세종,차대사람,기타,기타,안전운전 의무 불이행,단일로,기타단일로,승용차,보행자,980192,1838734,127.2786869,36.54614098,,
2017,2017073123,야간,월,1,5,3,1,0,충남,천안시,차대차,추돌,추돌,과속,단일로,고가도로위,승합차,승용차,968039,1865125,127.1418037,36.78372029,,
2017,2017102709,주간,금,1,1,0,0,0,충남,당진시,차대사람,기타,기타,기타,단일로,기타단일로,승용차,보행자,935208,1876502,126.7729071,36.88459516,,
2017,2017070822,야간,토,1,1,0,0,0,대전,동구,차대사람,횡단중,횡단중,과속,단일로,기타단일로,승용차,보행자,993946,1817289,127.4325288,36.35299583,,
2017,2017062520,야간,일,1,1,0,0,0,대전,대덕구,차대사람,횡단중,횡단중,안전운전 의무 불이행,교차로,교차로횡단보도내,승용차,보행자,991761,1817790,127.4081689,36.35749541,,
2017,2017081116,주간,금,1,1,0,0,0,충남,태안군,차대사람,횡단중,횡단중,안전운전 의무 불이행,교차로,교차로내,화물차,보행자,900853,1827791,126.3937328,36.44256688,,
2017,2017062711,주간,화,1,4,0,3,0,대전,대덕구,차대차,추돌,추돌,안전운전 의무 불이행,단일로,기타단일로,화물차,화물차,992165,1821185,127.4126377,36.38810597,,
2017,2017111103,야간,토,2,3,1,0,0,충남,당진시,차대차,정면충돌,정면충돌,중앙선 침범,단일로,기타단일로,승용차,화물차,929114,1878248,126.7043629,36.89989504,,
2017,2017122511,주간,월,1,1,0,0,0,세종,세종,차대차,측면충돌,측면충돌,안전운전 의무 불이행,교차로,교차로내,화물차,자전거,986931,1838791,127.3539799,36.5467708,,
2017,2017060714,주간,수,1,1,0,0,0,대전,중구,차대사람,횡단중,횡단중,안전운전 의무 불이행,교차로,교차로부근,승용차,보행자,992792,1813445,127.4197006,36.31833167,,
2017,2017071715,주간,월,1,1,0,0,0,대전,동구,차대차,측면충돌,측면충돌,안전운전 의무 불이행,단일로,기타단일로,이륜차,승용차,995001,1814397,127.4443034,36.32692838,,
2017,2017111606,주간,목,1,1,0,0,0,충남,당진시,차대사람,횡단중,횡단중,안전운전 의무 불이행,교차로,교차로횡단보도내,화물차,보행자,919490,1886214,126.5955059,36.9709198,,
2017,2017060305,야간,토,1,3,0,2,0,충남,천안시,차대차,측면충돌,측면충돌,신호위반,교차로,교차로내,승용차,승용차,968416,1867704,127.1459218,36.80698151,,
2017,2017081718,야간,목,1,2,1,0,0,충남,천안시,차대사람,횡단중,횡단중,안전운전 의무 불이행,단일로,기타단일로,화물차,보행자,980919,1860520,127.2862676,36.74255455,,
2017,2017060717,주간,수,1,1,0,0,0,충남,아산시,차대차,추돌,추돌,안전운전 의무 불이행,교차로,교차로부근,원동기장치자전거,화물차,962137,1864431,127.0756942,36.77724665,,
2017,2017082109,주간,월,1,1,0,0,0,충남,서산시,차대사람,횡단중,횡단중,안전운전 의무 불이행,교차로,교차로내,화물차,보행자,907553,1865174,126.463981,36.78018968,,
2017,2017060702,야간,수,1,1,0,0,0,충남,천안시,차대차,기타,기타,안전운전 의무 불이행,단일로,기타단일로,승용차,이륜차,966800,1867556,127.1278121,36.80559204,,
2017,2017112209,주간,수,1,2,1,0,0,충남,당진시,차대차,추돌,추돌,안전운전 의무 불이행,단일로,기타단일로,승용차,화물차,936628,1883998,126.7882134,36.95225946,,
2017,2017061410,주간,수,1,1,0,0,0,대전,서구,차대사람,길가장자리구역통행중,길가장자리구역통행중,안전운전 의무 불이행,단일로,기타단일로,승용차,보행자,988977,1816362,127.377159,36.34459355,,
2017,2017073119,야간,월,1,1,0,0,0,대전,서구,차대차,측면충돌,측면충돌,기타,교차로,교차로횡단보도내,자전거,승용차,989788,1814126,127.3862262,36.32444402,,
2017,2017082512,주간,금,1,1,0,0,0,충남,태안군,차량단독,도로이탈,도로이탈 추락,안전운전 의무 불이행,단일로,기타단일로,승용차,없음,898600,1828428,126.3685152,36.44807289,,
2017,2017112518,야간,토,1,1,0,0,0,충남,당진시,차대사람,길가장자리구역통행중,길가장자리구역통행중,안전운전 의무 불이행,단일로,기타단일로,화물차,보행자,933706,1874573,126.7562216,36.86710311,,
2017,2017112600,야간,일,1,1,0,0,0,충남,당진시,차량단독,공작물충돌,공작물충돌,안전운전 의무 불이행,단일로,기타단일로,승용차,없음,928157,1886952,126.6927952,36.97827723,,
2017,2017082518,야간,금,1,2,1,0,0,충남,천안시,차대차,정면충돌,정면충돌,중앙선 침범,교차로,교차로부근,화물차,화물차,974074,1863234,127.2095032,36.76685801,,
2017,2017061322,야간,화,1,1,0,0,0,충남,아산시,차대사람,횡단중,횡단중,안전운전 의무 불이행,단일로,기타단일로,승용차,보행자,955357,1863629,126.9997646,36.76972183,,
2017,2017120101,야간,금,1,1,0,0,0,충남,당진시,차량단독,공작물충돌,공작물충돌,안전운전 의무 불이행,단일로,기타단일로,사륜오토바이(ATV),없음,925717,1868400,126.6672016,36.81086675,,
2017,2017083116,주간,목,1,1,0,0,0,충남,태안군,차대차,측면충돌,측면충돌,안전거리 미확보,단일로,기타단일로,이륜차,승합차,894990,1843352,126.3262101,36.58219838,,
2017,2017061906,주간,월,1,1,0,0,0,충남,아산시,차량단독,전도,전도,안전운전 의무 불이행,단일로,기타단일로,사륜오토바이(ATV),없음,950621,1867960,126.946418,36.80852793,,
2017,2017061502,야간,목,1,1,0,0,0,충남,천안시,차대사람,차도통행중,차도통행중,안전운전 의무 불이행,단일로,기타단일로,승용차,보행자,967321,1866738,127.1336878,36.79823628,,
2017,2017121001,야간,일,1,1,0,0,0,충남,당진시,차대사람,기타,기타,안전운전 의무 불이행,단일로,기타단일로,화물차,보행자,922937,1877602,126.6351037,36.89358781,,
2017,2017121123,야간,월,1,1,0,0,0,충남,당진시,차대차,추돌,추돌,안전운전 의무 불이행,단일로,기타단일로,화물차,승용차,936253,1883156,126.7840728,36.94464452,,
2017,2017080503,야간,토,1,1,0,0,0,대전,동구,차대사람,횡단중,횡단중,안전운전 의무 불이행,단일로,기타단일로,승용차,보행자,995039,1816594,127.4447128,36.34673908,,
2017,2017121914,주간,화,1,1,0,0,0,충남,당진시,차량단독,공작물충돌,공작물충돌,안전운전 의무 불이행,단일로,기타단일로,이륜차,없음,933711,1874562,126.7562787,36.86700431,,
2017,2017060601,야간,화,2,2,0,0,0,대전,중구,차대사람,차도통행중,차도통행중,과속,단일로,교량위,승합차,보행자,994270,1813751,127.4361637,36.32110032,,
2017,2017062715,주간,화,1,1,0,0,0,충남,아산시,차대사람,횡단중,횡단중,신호위반,교차로,교차로내,화물차,보행자,944802,1876074,126.8805955,36.8813471,,
2017,2017091622,야간,토,1,1,0,0,0,충남,태안군,차량단독,공작물충돌,공작물충돌,안전운전 의무 불이행,단일로,기타단일로,승용차,없음,893238,1852839,126.3053145,36.66751066,,
2017,2017092205,야간,금,1,3,0,2,0,충남,천안시,차대사람,기타,기타,안전운전 의무 불이행,단일로,기타단일로,승용차,보행자,966969,1868416,127.1296693,36.81335045,,
2017,2017070523,야간,수,1,1,0,0,0,충남,아산시,차대사람,횡단중,횡단중,안전운전 의무 불이행,단일로,기타단일로,승용차,보행자,957237,1863915,127.0208138,36.77238667,,
2017,2017070122,야간,토,1,1,0,0,0,충남,천안시,차대사람,기타,기타,안전운전 의무 불이행,단일로,기타단일로,승용차,보행자,967125,1877226,127.1310368,36.89277333,,
2017,2017100118,야간,일,1,1,0,0,0,충남,천안시,차량단독,공작물충돌,공작물충돌,안전운전 의무 불이행,단일로,기타단일로,화물차,없음,972342,1867038,127.1899585,36.80110068,,
2017,2017082619,야간,토,1,1,0,0,0,대전,동구,차대차,기타,기타,안전운전 의무 불이행,교차로,교차로부근,승용차,승용차,995735,1813377,127.4524869,36.31773614,,
2017,2017090822,야간,금,1,1,0,0,0,대전,서구,차대사람,기타,기타,안전운전 의무 불이행,교차로,교차로부근,승용차,보행자,990966,1815505,127.3993345,36.33688807,,
2017,2017071516,주간,토,1,2,0,1,0,충남,아산시,차대차,정면충돌,정면충돌,중앙선 침범,단일로,기타단일로,화물차,화물차,961798,1876952,127.071266,36.89010272,,
2017,2017100600,야간,금,1,1,0,0,0,충남,서산시,차량단독,공작물충돌,공작물충돌,중앙선 침범,단일로,기타단일로,승용차,없음,906272,1864128,126.4497562,36.77063594,,
2017,2017101518,야간,일,1,1,0,0,0,충남,천안시,차량단독,전도전복,전도전복,안전운전 의무 불이행,단일로,기타단일로,화물차,없음,981448,1861360,127.2921727,36.75013744,,
2017,2017101217,주간,목,1,1,0,0,0,충남,태안군,차량단독,기타,기타,안전운전 의무 불이행,단일로,기타단일로,농기계,없음,898008,1844877,126.3597366,36.596271,,
2017,2017101914,주간,목,1,1,0,0,0,충남,태안군,차량단독,전도전복,전도전복,안전운전 의무 불이행,단일로,기타단일로,농기계,없음,891078,1860078,126.2801146,36.73250967,,
2017,2017102006,주간,금,1,1,0,0,0,충남,서산시,차대차,측면충돌,측면충돌,중앙선 침범,단일로,기타단일로,자전거,승용차,906021,1864879,126.4468515,36.77738003,,
2017,2017102101,야간,토,1,1,0,0,0,충남,태안군,차량단독,전도전복,전도전복,안전운전 의무 불이행,교차로,교차로부근,승용차,없음,896151,1834651,126.3403572,36.50390099,,
2017,2017072902,야간,토,1,1,0,0,0,대전,서구,차대사람,횡단중,횡단중,과속,단일로,기타단일로,승용차,보행자,990754,1817807,127.3969448,36.35763952,,
2017,2017103006,주간,월,1,1,0,0,0,충남,서산시,차대사람,횡단중,횡단중,안전운전 의무 불이행,교차로,교차로부근,승용차,보행자,904867,1888462,126.4309656,36.98981575,,
2017,2017072323,야간,일,1,2,0,1,0,충남,천안시,차량단독,공작물충돌,공작물충돌,안전운전 의무 불이행,단일로,기타단일로,승용차,없음,964335,1866731,127.1002175,36.79806538,,
2017,2017090613,주간,수,1,1,0,0,0,대전,대덕구,차대사람,횡단중,횡단중,안전운전 의무 불이행,교차로,교차로횡단보도내,특수차,보행자,993404,1826818,127.4264049,36.43889853,,
2017,2017092213,주간,금,1,1,0,0,0,대전,동구,차대차,정면충돌,정면충돌,중앙선 침범,단일로,기타단일로,승용차,이륜차,1002490,1824454,127.5277747,36.41760582,,
2017,2017092319,야간,토,1,1,0,0,0,대전,동구,차대사람,횡단중,횡단중,신호위반,단일로,기타단일로,승용차,보행자,995770,1811985,127.4528844,36.30518676,,
2017,2017080500,야간,토,1,2,1,0,0,충남,아산시,차대차,추돌,추돌,안전운전 의무 불이행,단일로,기타단일로,승용차,승용차,959828,1869140,127.049571,36.81960063,,
2017,2017110615,주간,월,1,1,0,0,0,충남,서산시,차대차,측면충돌,측면충돌,안전운전 의무 불이행,교차로,교차로내,승용차,이륜차,908265,1864013,126.4720987,36.76979444,,
2017,2017110709,주간,화,1,1,0,0,0,충남,서산시,차대차,추돌,추돌,안전운전 의무 불이행,단일로,기타단일로,이륜차,화물차,910499,1870155,126.4964054,36.82536808,,
2017,2017080703,야간,월,1,2,0,1,0,충남,아산시,차대차,정면충돌,정면충돌,안전운전 의무 불이행,단일로,기타단일로,승용차,화물차,958601,1881432,127.0351427,36.93035178,,
2017,2017091415,주간,목,1,1,0,0,0,대전,대덕구,차대사람,기타,기타,안전운전 의무 불이행,교차로,교차로부근,화물차,보행자,993304,1827297,127.4252851,36.44321615,,
2017,2017101303,야간,금,1,2,1,0,0,대전,서구,차대차,측면충돌,측면충돌,신호위반,교차로,교차로내,이륜차,승용차,990769,1815298,127.3971418,36.33502001,,
2017,2017080919,야간,수,1,1,0,0,0,충남,아산시,차대차,측면충돌,측면충돌,안전운전 의무 불이행,단일로,기타단일로,이륜차,승용차,944427,1868552,126.8769381,36.81352083,,
2017,2017111217,주간,일,1,1,0,0,0,충남,서산시,차대차,추돌,추돌,안전거리 미확보,단일로,기타단일로,이륜차,농기계,903467,1887364,126.4153697,36.97977959,,
2017,2017081100,야간,금,1,1,0,0,0,대전,서구,차대사람,횡단중,횡단중,안전운전 의무 불이행,교차로,교차로부근,승용차,보행자,989191,1817618,127.3795264,36.35591932,,
2017,2017101619,야간,월,1,2,1,0,0,대전,서구,차대사람,횡단중,횡단중,보행자 보호의무 위반,교차로,교차로횡단보도내,승용차,보행자,989393,1814959,127.3818141,36.3319496,,
2017,2017111500,야간,수,1,1,0,0,0,충남,천안시,차량단독,도로이탈,도로이탈 추락,안전운전 의무 불이행,단일로,기타단일로,화물차,없음,980098,1856504,127.277176,36.70633432,,
2017,2017100816,주간,일,1,1,0,0,0,대전,동구,차대사람,기타,기타,안전운전 의무 불이행,교차로,교차로내,화물차,보행자,995336,1817190,127.4480191,36.35211015,,
2017,2017102323,야간,월,1,1,0,0,0,대전,서구,차량단독,공작물충돌,공작물충돌,안전운전 의무 불이행,단일로,기타단일로,이륜차,없음,989498,1814094,127.3829957,36.32415241,,
2017,2017080708,주간,월,1,1,0,0,0,충남,아산시,차대차,추돌,추돌,안전운전 의무 불이행,교차로,교차로내,원동기장치자전거,농기계,954858,1880620,126.9931635,36.92286034,,
2017,2017111918,야간,일,1,1,0,0,0,충남,천안시,차량단독,전도전복,전도전복,기타,단일로,기타단일로,화물차,없음,965418,1857516,127.1127748,36.71503609,,
2017,2017112118,야간,화,1,1,0,0,0,충남,천안시,차대사람,횡단중,횡단중,안전운전 의무 불이행,단일로,기타단일로,승용차,보행자,980308,1858697,127.2794707,36.72610814,,
2017,2017082215,주간,화,1,1,0,0,0,대전,서구,차대사람,횡단중,횡단중,안전운전 의무 불이행,단일로,기타단일로,승용차,보행자,990601,1816705,127.3952528,36.34770307,,
2017,2017102203,야간,일,1,1,0,0,0,대전,동구,차량단독,기타,기타,안전운전 의무 불이행,단일로,기타단일로,승용차,없음,997770,1819062,127.475141,36.3689957,,
2017,2017120408,주간,월,1,1,0,0,0,충남,서산시,차대차,측면충돌,측면충돌,안전운전 의무 불이행,단일로,기타단일로,자전거,승용차,913726,1858149,126.5339445,36.71745201,,
2017,2017082704,야간,일,1,1,0,0,0,충남,아산시,차대차,추돌,추돌,안전운전 의무 불이행,기타,기타,승용차,화물차,952665,1869604,126.9692298,36.82345193,,
2017,2017082914,주간,화,1,2,1,0,0,충남,아산시,차대차,정면충돌,정면충돌,중앙선 침범,단일로,기타단일로,화물차,승용차,956557,1863494,127.0132182,36.76856066,,
2017,2017081815,주간,금,1,1,0,0,0,충남,천안시,차대사람,길가장자리구역통행중,길가장자리구역통행중,안전운전 의무 불이행,단일로,기타단일로,화물차,보행자,974244,1875024,127.2110086,36.87314464,,
2017,2017120808,주간,금,1,1,0,0,0,충남,천안시,차대차,측면충돌,측면충돌,안전운전 의무 불이행,기타,기타,승용차,화물차,971329,1862348,127.1787796,36.75879196,,
2017,2017101105,야간,수,1,1,0,0,0,대전,대덕구,차대차,기타,기타,안전운전 의무 불이행,단일로,기타단일로,화물차,자전거,991599,1827628,127.4062568,36.44618678,,
2017,2017083022,야간,수,1,1,0,0,0,충남,아산시,차대차,측면충돌,측면충돌,안전운전 의무 불이행,단일로,기타단일로,승용차,건설기계,960613,1882143,127.0576972,36.93684719,,
2017,2017122210,주간,금,1,2,1,0,0,충남,서산시,차량단독,공작물충돌,공작물충돌,안전운전 의무 불이행,단일로,기타단일로,화물차,없음,902081,1858922,126.4034694,36.72329053,,
2017,2017101701,야간,화,1,1,0,0,0,대전,대덕구,차대사람,횡단중,횡단중,안전운전 의무 불이행,단일로,기타단일로,승합차,보행자,992630,1819713,127.4178365,36.37483904,,
2017,2017121504,야간,금,1,1,0,0,0,충남,천안시,차대사람,횡단중,횡단중,안전운전 의무 불이행,교차로,교차로부근,화물차,보행자,970858,1870600,127.1731869,36.83316602,,
2017,2017122519,야간,월,1,1,0,0,0,충남,서산시,차대사람,횡단중,횡단중,보행자 보호의무 위반,교차로,교차로부근,승용차,보행자,913978,1856521,126.536949,36.70280074,,
2017,2017122708,주간,수,1,2,1,0,0,충남,서산시,차대차,정면충돌,정면충돌,중앙선 침범,단일로,기타단일로,승용차,승용차,906916,1863038,126.4571043,36.76087494,,
2017,2017082523,야간,금,1,2,1,0,0,대전,유성구,차대차,추돌,추돌,안전운전 의무 불이행,단일로,기타단일로,화물차,특수차,983117,1822080,127.311731,36.39605828,,
2017,2017102015,주간,금,1,1,0,0,0,대전,대덕구,차대차,측면충돌,측면충돌,기타,교차로,교차로내,이륜차,승합차,992661,1816564,127.4182118,36.34644982,,
2017,2017091221,야간,화,1,1,0,0,0,충남,아산시,차대차,기타,기타,신호위반,교차로,교차로내,자전거,승용차,961718,1868781,127.0707802,36.81644282,,