발생년,발생년월일시,주야,요일,사망자수,사상자수,중상자수,경상자수,부상신고자수,발생지시도,발생지시군구,사고유형_대분류,사고유형_중분류,사고유형,법규위반,도로형태_대분류,도로형태,당사자종별_1당_대분류,당사자종별_2당_대분류,발생위치X_UTMK,발생위치Y_UTMK,경도,위도,,
2018,2018033115,주간,토,1,1,0,0,0,충남,보령시,차대차,추돌,추돌,안전운전 의무 불이행,단일로,고가도로위,화물차,화물차,920344,1819206,126.6120649,36.36699681,,
2018,2018060117,주간,금,1,1,0,0,0,충남,태안군,차대차,정면충돌,정면충돌,중앙선 침범,교차로,교차로부근,이륜차,승용차,895872,1868880,126.3325929,36.81237939,,
2018,2018021011,주간,토,1,1,0,0,0,대전,서구,차대사람,횡단중,횡단중,안전운전 의무 불이행,단일로,기타단일로,화물차,보행자,985730,1806393,127.3411567,36.25467579,,
2018,2018080411,주간,토,1,1,0,0,0,충남,서천군,차량단독,공작물충돌,공작물충돌,안전운전 의무 불이행,교차로,교차로내,화물차,없음,923768,1794361,126.6526509,36.14330743,,
2018,2018052122,야간,월,1,2,0,1,0,대전,동구,차대차,추돌,추돌,안전운전 의무 불이행,기타,기타,화물차,승용차,1001039,1816994,127.5115795,36.35035387,,
2018,2018042911,주간,일,1,1,0,0,0,충남,예산군,차대차,추돌,추돌,안전운전 의무 불이행,단일로,기타단일로,이륜차,승용차,927876,1859282,126.6922669,36.72884523,,
2018,2018040419,야간,수,1,1,0,0,0,충남,보령시,차대사람,횡단중,횡단중,안전운전 의무 불이행,단일로,기타단일로,화물차,보행자,919076,1829245,126.5968849,36.45738448,,
2018,2018122617,주간,수,1,1,0,0,0,충남,청양군,차대차,측면충돌,측면충돌,교차로 통행방법 위반,교차로,교차로부근,승용차,사륜오토바이(ATV),935914,1823574,126.7852516,36.40753664,,
2018,2018050521,야간,토,1,1,0,0,0,충남,예산군,차량단독,도로이탈,도로이탈 추락,안전운전 의무 불이행,단일로,기타단일로,승용차,없음,923606,1856606,126.6447183,36.70439003,,
2018,2018020108,주간,목,1,1,0,0,0,충남,아산시,차량단독,기타,기타,안전운전 의무 불이행,단일로,기타단일로,이륜차,없음,958208,1866212,127.0315681,36.79313621,,
2018,2018032507,주간,일,1,1,0,0,0,충남,논산시,차대사람,기타,기타,안전운전 의무 불이행,단일로,기타단일로,화물차,보행자,967716,1811783,127.1404177,36.30283418,,
2018,2018053100,야간,목,1,1,0,0,0,대전,대덕구,차대차,추돌,추돌,안전운전 의무 불이행,단일로,기타단일로,화물차,화물차,992829,1823254,127.4200223,36.40676389,,
2018,2018032612,주간,월,1,1,0,0,0,충남,논산시,차대사람,횡단중,횡단중,안전운전 의무 불이행,교차로,교차로내,화물차,보행자,956067,1795163,127.0116063,36.15253974,,
2018,2018021319,야간,화,1,1,0,0,0,충남,천안시,차대사람,횡단중,횡단중,보행자 보호의무 위반,단일로,기타단일로,승합차,보행자,968686,1868239,127.1489266,36.81181326,,
2018,2018020303,야간,토,1,1,0,0,0,대전,중구,차대사람,횡단중,횡단중,과속,단일로,기타단일로,승용차,보행자,994467,1812704,127.4383659,36.31166229,,
2018,2018050914,주간,수,1,4,1,2,0,충남,홍성군,차량단독,공작물충돌,공작물충돌,안전운전 의무 불이행,단일로,기타단일로,승용차,없음,931878,1838089,126.7389636,36.53810327,,
2018,2018030602,야간,화,1,1,0,0,0,충남,서산시,차대차,기타,기타,안전운전 의무 불이행,단일로,기타단일로,이륜차,승용차,911714,1869720,126.5100781,36.82156148,,
2018,2018040113,주간,일,1,2,1,0,0,충남,논산시,차량단독,공작물충돌,공작물충돌,안전운전 의무 불이행,단일로,기타단일로,화물차,없음,966732,1792078,127.1302947,36.12515161,,
2018,2018062606,주간,화,1,1,0,0,0,충남,태안군,차량단독,도로이탈,도로이탈 기타,안전운전 의무 불이행,단일로,기타단일로,승용차,없음,886244,1863818,126.22543,36.76564953,,
2018,2018021317,주간,화,1,3,2,0,0,대전,동구,차량단독,도로이탈,도로이탈 추락,과속,단일로,기타단일로,승용차,없음,998222,1806981,127.4802072,36.26008076,,
2018,2018090413,주간,화,1,1,0,0,0,충남,부여군,차대사람,횡단중,횡단중,안전운전 의무 불이행,단일로,기타단일로,화물차,보행자,929474,1810726,126.7145966,36.29126604,,
2018,2018090707,주간,금,1,1,0,0,0,충남,부여군,차량단독,공작물충돌,공작물충돌,안전운전 의무 불이행,단일로,기타단일로,화물차,없음,945377,1808915,126.8918146,36.27597197,,
2018,2018031023,야간,토,1,1,0,0,0,충남,서산시,차대사람,기타,기타,안전운전 의무 불이행,단일로,기타단일로,화물차,보행자,905162,1866903,126.4369749,36.79553714,,
2018,2018020902,야간,금,1,1,0,0,0,대전,중구,차대사람,횡단중,횡단중,안전운전 의무 불이행,교차로,교차로부근,화물차,보행자,990760,1812015,127.3970804,36.30542221,,
2018,2018030717,주간,수,2,4,1,1,0,세종,세종,차대차,정면충돌,정면충돌,중앙선 침범,단일로,기타단일로,승용차,승용차,973247,1834058,127.201254,36.50381745,,
2018,2018031704,야간,토,1,1,0,0,0,충남,당진시,차대차,추돌,추돌,안전운전 의무 불이행,단일로,기타단일로,승용차,특수차,933192,1869728,126.7508815,36.82339458,,
2018,2018031712,주간,토,1,3,1,1,0,충남,당진시,차대차,측면충돌,측면충돌,안전운전 의무 불이행,단일로,기타단일로,승용차,화물차,918877,1888522,126.5883706,36.99167347,,
2018,2018091623,야간,일,1,1,0,0,0,충남,부여군,차량단독,공작물충돌,공작물충돌,안전운전 의무 불이행,교차로,교차로내,화물차,없음,943749,1794790,126.874703,36.14854035,,
2018,2018030906,주간,금,1,1,0,0,0,세종,세종,차량단독,공작물충돌,공작물충돌,안전운전 의무 불이행,단일로,기타단일로,화물차,없음,974578,1826718,127.2163581,36.43768275,,
2018,2018041218,야간,목,1,1,0,0,0,충남,계룡시,차대사람,횡단중,횡단중,안전운전 의무 불이행,교차로,교차로내,승용차,보행자,976301,1811423,127.2360481,36.29983799,,
2018,2018030917,주간,금,1,1,0,0,0,세종,세종,차대차,측면충돌,측면충돌,신호위반,교차로,교차로내,승용차,이륜차,981290,1847036,127.2907528,36.62100566,,
2018,2018092319,야간,일,1,1,0,0,0,충남,부여군,차대사람,차도통행중,차도통행중,안전운전 의무 불이행,단일로,기타단일로,화물차,보행자,953314,1815213,126.9798065,36.3331659,,
2018,2018020217,주간,금,1,1,0,0,0,충남,천안시,차대사람,횡단중,횡단중,안전운전 의무 불이행,교차로,교차로부근,승합차,보행자,967336,1870896,127.1336773,36.83571918,,
2018,2018032022,야간,화,1,1,0,0,0,충남,당진시,차대사람,횡단중,횡단중,과속,교차로,교차로내,승용차,보행자,934348,1867717,126.7640163,36.80534845,,
2018,2018101810,주간,목,1,2,1,0,0,충남,서천군,차량단독,도로이탈,도로이탈 추락,안전운전 의무 불이행,단일로,기타단일로,원동기장치자전거,없음,916466,1794935,126.5714345,36.14788007,,
2018,2018100218,야간,화,1,1,0,0,0,충남,부여군,차량단독,도로이탈,도로이탈 추락,안전운전 의무 불이행,단일로,기타단일로,사륜오토바이(ATV),없음,934500,1806866,126.7708873,36.25682345,,
2018,2018102118,야간,일,1,2,0,1,0,충남,서천군,차대차,추돌,추돌,안전운전 의무 불이행,단일로,기타단일로,승용차,농기계,933375,1788632,126.7599128,36.09236832,,
2018,2018072305,야간,월,1,4,3,0,0,대전,서구,차량단독,공작물충돌,공작물충돌,과속,기타,기타,승용차,없음,984547,1810516,127.3279069,36.29182845,,
2018,2018100809,주간,월,1,1,0,0,0,충남,부여군,차량단독,전도,전도,안전운전 의무 불이행,단일로,기타단일로,농기계,없음,941173,1798625,126.8457821,36.18296034,,
2018,2018022306,주간,금,1,2,0,1,0,대전,동구,차대차,측면충돌,측면충돌,신호위반,교차로,교차로내,화물차,화물차,996783,1809607,127.4641774,36.28375182,,
2018,2018110815,주간,목,1,6,4,1,0,충남,서천군,차량단독,도로이탈,도로이탈 추락,안전운전 의무 불이행,단일로,기타단일로,승합차,없음,923151,1792738,126.645952,36.1286278,,
2018,2018051214,주간,토,1,1,0,0,0,충남,보령시,차대차,추돌,추돌,안전운전 의무 불이행,단일로,기타단일로,화물차,특수차,918259,1816896,126.5890685,36.34599887,,
2018,2018032207,주간,목,1,3,2,0,0,충남,서산시,차대차,측면충돌,측면충돌,중앙선 침범,단일로,기타단일로,화물차,승용차,905708,1879473,126.4415329,36.90888652,,
2018,2018022011,주간,화,1,1,0,0,0,대전,대덕구,차대사람,길가장자리구역통행중,길가장자리구역통행중,안전운전 의무 불이행,단일로,기타단일로,화물차,보행자,993045,1826524,127.422402,36.43624551,,
2018,2018062510,주간,월,1,1,0,0,0,충남,홍성군,차대차,추돌,추돌,안전운전 의무 불이행,단일로,기타단일로,승용차,이륜차,924482,1845620,126.6556069,36.6054326,,
2018,2018111421,야간,수,1,1,0,0,0,충남,서천군,차량단독,도로이탈,도로이탈 추락,안전운전 의무 불이행,단일로,기타단일로,원동기장치자전거,없음,913357,1796785,126.5366751,36.16428383,,
2018,2018110419,야간,일,1,2,0,1,0,충남,부여군,차대차,정면충돌,정면충돌,중앙선 침범,기타,기타,이륜차,승용차,946013,1808919,126.8988953,36.27604383,,
2018,2018043012,주간,월,1,2,1,0,0,충남,논산시,차대사람,기타,기타,안전운전 의무 불이행,단일로,기타단일로,승용차,보행자,962742,1800978,127.0855329,36.20524415,,
2018,2018052311,주간,수,1,1,0,0,0,충남,공주시,차량단독,기타,기타,안전운전 의무 불이행,단일로,기타단일로,승용차,없음,967661,1816979,127.139594,36.34967841,,
2018,2018111507,주간,목,1,1,0,0,0,충남,부여군,차량단독,공작물충돌,공작물충돌,안전운전 의무 불이행,교차로,교차로내,승용차,없음,948781,1809804,126.9296555,36.28417311,,
2018,2018052716,주간,일,1,3,2,0,0,충남,공주시,차대차,정면충돌,정면충돌,중앙선 침범,단일로,기타단일로,승용차,승용차,953066,1849190,126.9749805,36.63945078,,
2018,2018040421,야간,수,1,2,1,0,0,충남,당진시,차대사람,차도통행중,차도통행중,기타,단일로,기타단일로,화물차,보행자,916814,1892117,126.5647932,37.02389568,,
2018,2018071010,주간,화,1,4,0,3,0,충남,홍성군,차대차,측면충돌,측면충돌,중앙선 침범,교차로,교차로부근,농기계,승용차,923586,1840086,126.6461378,36.55547646,,
2018,2018033014,주간,금,1,1,0,0,0,충남,서산시,차대사람,횡단중,횡단중,보행자 보호의무 위반,교차로,교차로부근,승합차,보행자,907184,1866381,126.4596994,36.79103261,,
2018,2018050500,야간,토,1,1,0,0,0,충남,논산시,차량단독,공작물충돌,공작물충돌,안전운전 의무 불이행,교차로,교차로부근,승용차,없음,974540,1801510,127.2167577,36.21042294,,
2018,2018031119,야간,일,1,2,1,0,0,충남,천안시,차대사람,횡단중,횡단중,과속,단일로,기타단일로,승용차,보행자,967845,1862957,127.139721,36.76417008,,
2018,2018122118,야간,금,1,1,0,0,0,충남,서천군,차대차,정면충돌,정면충돌,중앙선 침범,단일로,기타단일로,승용차,자전거,928895,1788873,126.7101302,36.09422326,,
2018,2018112406,주간,토,1,1,0,0,0,충남,부여군,차대사람,차도통행중,차도통행중,안전운전 의무 불이행,단일로,기타단일로,화물차,보행자,933818,1802235,126.7636878,36.2150292,,
2018,2018082814,주간,화,1,9,2,6,0,충남,천안시,차대차,추돌,추돌,안전운전 의무 불이행,단일로,기타단일로,화물차,승용차,972351,1882332,127.1895019,36.93896863,,
2018,2018060400,야간,월,1,1,0,0,0,충남,공주시,차대차,측면충돌,측면충돌,기타,교차로,교차로내,승용차,이륜차,967814,1829718,127.1407663,36.46452485,,
2018,2018120300,야간,월,1,1,0,0,0,충남,부여군,차량단독,공작물충돌,공작물충돌,안전운전 의무 불이행,단일로,기타단일로,화물차,없음,938534,1806387,126.8158264,36.25277058,,
2018,2018040413,주간,수,1,12,0,1,10,충남,서산시,차대차,측면충돌,측면충돌,교차로 통행방법 위반,교차로,교차로내,승합차,화물차,913685,1851740,126.5342082,36.65968,,
2018,2018040213,주간,월,1,1,0,0,0,세종,세종,차대차,측면충돌,측면충돌,안전운전 의무 불이행,단일로,기타단일로,이륜차,화물차,981431,1842270,127.2924448,36.57804303,,
2018,2018080210,주간,목,1,3,0,2,0,충남,예산군,차대차,추돌,추돌,안전거리 미확보,교차로,교차로내,화물차,승용차,940952,1858075,126.8387914,36.71886874,,
2018,2018080222,야간,목,1,1,0,0,0,충남,예산군,차대차,추돌,추돌,안전운전 의무 불이행,단일로,기타단일로,승용차,원동기장치자전거,927317,1854975,126.6864165,36.68997945,,
2018,2018090417,주간,화,1,3,1,1,0,충남,태안군,차대차,측면충돌,측면충돌,신호위반,교차로,교차로내,승합차,화물차,892313,1862284,126.2936321,36.7525329,,
2018,2018030316,주간,토,1,1,0,0,0,대전,대덕구,차대사람,횡단중,횡단중,과속,단일로,기타단일로,승용차,보행자,993183,1827514,127.423933,36.44517161,,
2018,2018091300,야간,목,1,2,1,0,0,대전,동구,차대사람,기타,기타,안전운전 의무 불이행,기타,기타,화물차,보행자,997674,1816535,127.4740784,36.34621355,,
2018,2018121818,야간,화,1,1,0,0,0,충남,부여군,차대차,정면충돌,정면충돌,중앙선 침범,단일로,기타단일로,이륜차,승용차,929623,1810385,126.7162865,36.28820292,,
2018,2018022403,야간,토,1,2,0,1,0,충남,아산시,차대차,정면충돌,정면충돌,중앙선 침범,교차로,교차로부근,승용차,화물차,958525,1879547,127.0343926,36.91335657,,
2018,2018122018,야간,목,1,1,0,0,0,충남,부여군,차대사람,길가장자리구역통행중,길가장자리구역통행중,안전운전 의무 불이행,단일로,기타단일로,특수차,보행자,944732,1808369,126.884672,36.27101304,,
2018,2018061310,주간,수,1,1,0,0,0,충남,공주시,차대차,추돌,추돌,안전운전 의무 불이행,기타,기타,승용차,이륜차,965875,1842742,127.1185492,36.58186851,,
2018,2018072916,주간,일,1,1,0,0,0,충남,홍성군,차량단독,전복,전복,안전운전 의무 불이행,단일로,기타단일로,농기계,없음,923371,1839347,126.6438102,36.54879872,,
2018,2018090919,야간,일,1,1,0,0,0,충남,태안군,차대사람,기타,기타,안전운전 의무 불이행,단일로,기타단일로,승합차,보행자,880796,1855744,126.1656629,36.69221399,,
2018,2018021502,야간,목,1,2,0,1,0,충남,천안시,차대차,추돌,추돌,안전운전 의무 불이행,교차로,교차로부근,이륜차,승용차,965106,1868354,127.1087854,36.81272467,,
2018,2018091009,주간,월,1,1,0,0,0,충남,태안군,차대차,기타,기타,안전운전 의무 불이행,기타,기타,이륜차,농기계,894065,1859415,126.3136532,36.72687227,,
2018,2018073117,주간,화,1,1,0,0,0,충남,홍성군,차량단독,전도,전도,안전운전 의무 불이행,단일로,기타단일로,이륜차,없음,925382,1848786,126.6653615,36.63404195,,
2018,2018092315,주간,일,1,2,0,0,1,충남,태안군,차대차,측면충돌,측면충돌,기타,교차로,교차로내,사륜오토바이(ATV),승용차,883489,1856539,126.1956794,36.69971294,,
2018,2018081318,야간,월,1,1,0,0,0,충남,홍성군,차대차,측면충돌,측면충돌,안전운전 의무 불이행,교차로,교차로내,이륜차,화물차,922661,1839438,126.6358689,36.54956178,,
2018,2018030215,주간,금,1,1,0,0,0,대전,중구,차대사람,횡단중,횡단중,안전운전 의무 불이행,교차로,교차로내,승용차,보행자,990479,1814028,127.3939259,36.32356759,,
2018,2018081613,주간,목,1,1,0,0,0,충남,홍성군,차대차,추돌,추돌,안전운전 의무 불이행,단일로,기타단일로,화물차,사륜오토바이(ATV),921468,1836190,126.6228769,36.52018947,,
2018,2018082014,주간,월,1,1,0,0,0,충남,홍성군,차량단독,공작물충돌,공작물충돌,안전운전 의무 불이행,단일로,기타단일로,화물차,없음,918173,1846892,126.5849361,36.61637756,,
2018,2018090604,야간,목,1,2,1,0,0,충남,예산군,차량단독,공작물충돌,공작물충돌,안전운전 의무 불이행,교차로,교차로내,승용차,없음,926034,1853289,126.6722193,36.67468291,,
2018,2018062009,주간,수,1,2,0,1,0,충남,보령시,차량단독,전도,전도,안전운전 의무 불이행,단일로,기타단일로,화물차,없음,923764,1799866,126.6520721,36.19293305,,
2018,2018041916,주간,목,1,1,0,0,0,충남,서산시,차대차,측면충돌,측면충돌,신호위반,교차로,교차로내,자전거,화물차,914571,1856452,126.5435948,36.70223232,,
2018,2018060215,주간,토,1,1,0,0,0,충남,논산시,차대차,측면충돌,측면충돌,기타,교차로,교차로부근,자전거,승용차,964207,1801449,127.1018081,36.20954573,,
2018,2018030706,주간,수,1,1,0,0,0,충남,아산시,차대사람,횡단중,횡단중,안전운전 의무 불이행,교차로,교차로내,화물차,보행자,958328,1878795,127.0322225,36.90656916,,
2018,2018042614,주간,목,1,1,0,0,0,충남,당진시,차대사람,횡단중,횡단중,과속,단일로,기타단일로,승용차,보행자,929502,1872315,126.7092689,36.84644548,,
2018,2018102318,야간,화,1,15,6,8,0,충남,논산시,차대차,기타,기타,안전운전 의무 불이행,단일로,기타단일로,승합차,화물차,959727,1797705,127.0521622,36.17561596,,
2018,2018101719,야간,수,1,1,0,0,0,충남,태안군,차대사람,길가장자리구역통행중,길가장자리구역통행중,안전운전 의무 불이행,교차로,교차로내,승합차,보행자,892971,1853207,126.3022726,36.67079739,,
2018,2018101819,야간,목,1,1,0,0,0,충남,태안군,차대사람,횡단중,횡단중,안전운전 의무 불이행,기타,기타,화물차,보행자,887412,1860022,126.2390739,36.73157709,,
2018,2018091507,주간,토,1,6,1,4,0,충남,예산군,차대차,추돌,추돌,안전운전 의무 불이행,교차로,교차로부근,승용차,승용차,922467,1854487,126.6321825,36.68519738,,
2018,2018101916,주간,금,1,1,0,0,0,충남,태안군,차대사람,횡단중,횡단중,안전운전 의무 불이행,기타,기타,승용차,보행자,888222,1861666,126.2479028,36.74648967,,
2018,2018090100,야간,토,1,1,0,0,0,충남,홍성군,차량단독,공작물충돌,공작물충돌,안전운전 의무 불이행,단일로,기타단일로,화물차,없음,907692,1841184,126.4684293,36.56397036,,
2018,2018090106,주간,토,1,1,0,0,0,충남,홍성군,차대차,측면충돌,측면충돌,교차로 통행방법 위반,교차로,교차로내,승용차,이륜차,925092,1846655,126.6623259,36.61481027,,
2018,2018042821,야간,토,1,1,0,0,0,충남,당진시,차대사람,기타,기타,안전운전 의무 불이행,단일로,기타단일로,승용차,보행자,931643,1874312,126.7331014,36.86460342,,
2018,2018060716,주간,목,1,1,0,0,0,충남,계룡시,차량단독,기타,기타,안전운전 의무 불이행,단일로,기타단일로,이륜차,없음,975718,1812385,127.229525,36.30849628,,
2018,2018062908,주간,금,1,1,0,0,0,충남,보령시,차대사람,횡단중,횡단중,신호위반,교차로,교차로부근,승합차,보행자,919578,1817919,126.6036602,36.35533165,,
2018,2018090311,주간,월,1,1,0,0,0,충남,홍성군,차대차,추돌,추돌,과속,단일로,기타단일로,승용차,이륜차,918030,1844724,126.5835684,36.5968232,,
2018,2018110511,주간,월,1,1,0,0,0,대전,대덕구,차대차,추돌,추돌,안전운전 의무 불이행,단일로,기타단일로,승용차,화물차,992695,1824916,127.4185122,36.42174632,,
2018,2018110713,주간,수,1,1,0,0,0,충남,공주시,차대차,추돌,추돌,안전운전 의무 불이행,단일로,기타단일로,화물차,화물차,960802,1810070,127.0634968,36.28713467,,
2018,2018042309,주간,월,1,1,0,0,0,세종,세종,차량단독,공작물충돌,공작물충돌,안전운전 의무 불이행,단일로,기타단일로,승용차,없음,976578,1829364,127.2385925,36.46158782,,
2018,2018110501,야간,월,1,2,0,0,1,충남,태안군,차대차,정면충돌,정면충돌,중앙선 침범,단일로,기타단일로,사륜오토바이(ATV),승용차,893620,1861225,126.3084186,36.74313581,,
2018,2018100511,주간,금,1,1,0,0,0,충남,예산군,차대차,정면충돌,정면충돌,신호위반,교차로,교차로내,승용차,화물차,940414,1858726,126.8327211,36.72470702,,
2018,2018050718,야간,월,1,1,0,0,0,충남,당진시,차대차,측면충돌,측면충돌,기타,단일로,기타단일로,원동기장치자전거,화물차,920477,1877192,126.6075406,36.88968811,,
2018,2018062221,야간,금,1,1,0,0,0,충남,논산시,차대사람,차도통행중,차도통행중,안전운전 의무 불이행,단일로,기타단일로,승용차,보행자,962288,1799852,127.0805368,36.19507521,,
2018,2018092519,야간,화,1,1,0,0,0,충남,홍성군,차대사람,횡단중,횡단중,안전운전 의무 불이행,단일로,기타단일로,승합차,보행자,921884,1837336,126.6273966,36.53055453,,
2018,2018030121,야간,목,1,2,0,1,0,충남,천안시,차대사람,차도통행중,차도통행중,안전운전 의무 불이행,교차로,교차로내,승합차,보행자,966886,1879802,127.1282419,36.91598603,,
2018,2018032505,야간,일,1,1,0,0,0,충남,서천군,차대차,기타,기타,안전운전 의무 불이행,단일로,기타단일로,화물차,화물차,931656,1780507,126.7415224,36.01900145,,
2018,2018032501,야간,일,1,1,0,0,0,대전,대덕구,차대사람,기타,기타,안전운전 의무 불이행,단일로,기타단일로,승용차,보행자,993041,1817918,127.4224345,36.3586595,,
2018,2018102022,야간,토,1,1,0,0,0,충남,예산군,차량단독,전복,전복,안전운전 의무 불이행,단일로,기타단일로,이륜차,없음,944373,1847756,126.8778464,36.62605583,,
2018,2018102107,주간,일,1,2,0,1,0,충남,예산군,차대차,추돌,추돌,안전운전 의무 불이행,단일로,기타단일로,화물차,화물차,944652,1848968,126.8808793,36.63699761,,
2018,2018120301,야간,월,1,4,0,3,0,충남,천안시,차대차,추돌,추돌,안전운전 의무 불이행,단일로,기타단일로,승용차,승용차,971094,1885104,127.1752777,36.96391958,,
2018,2018081105,야간,토,1,1,0,0,0,충남,공주시,차대사람,횡단중,횡단중,신호위반,교차로,교차로부근,승용차,보행자,967343,1830714,127.1354675,36.47348791,,
2018,2018102507,주간,목,1,2,0,1,0,충남,예산군,차대차,추돌,추돌,안전운전 의무 불이행,기타,기타,화물차,승용차,943386,1853265,126.8664013,36.67565805,,
2018,2018051417,주간,월,1,1,0,0,0,충남,당진시,차대사람,횡단중,횡단중,안전운전 의무 불이행,단일로,기타단일로,승용차,보행자,931356,1881918,126.7291925,36.9331413,,
2018,2018081218,야간,일,1,1,0,0,0,충남,공주시,차량단독,공작물충돌,공작물충돌,안전운전 의무 불이행,단일로,교량위,승용차,없음,963195,1828226,127.0892849,36.45090814,,
2018,2018050319,야간,목,1,1,0,0,0,세종,세종,차대차,측면충돌,측면충돌,신호위반,교차로,교차로내,자전거,승용차,978191,1832628,127.2565026,36.49105131,,
2018,2018050500,야간,토,1,1,0,0,0,세종,세종,차량단독,공작물충돌,공작물충돌,안전운전 의무 불이행,단일로,기타단일로,이륜차,없음,978285,1833286,127.2575336,36.4969854,,
2018,2018121510,주간,토,1,11,2,8,0,충남,논산시,차대차,추돌,추돌,안전거리 미확보,기타,기타,승용차,승용차,961059,1793255,127.0671943,36.13555169,,
2018,2018101707,주간,수,1,1,0,0,0,충남,홍성군,차대차,측면충돌,측면충돌,중앙선 침범,단일로,기타단일로,이륜차,화물차,925437,1845071,126.6663373,36.60055905,,
2018,2018122216,주간,토,1,3,2,0,0,충남,논산시,차대차,기타,기타,안전운전 의무 불이행,단일로,기타단일로,승합차,승용차,970996,1795946,127.1775369,36.16016077,,
2018,2018101812,주간,목,1,2,1,0,0,충남,홍성군,차대사람,기타,기타,안전운전 의무 불이행,교차로,교차로부근,화물차,보행자,917326,1843454,126.575835,36.5853148,,
2018,2018031004,야간,토,1,1,0,0,0,대전,유성구,차대사람,횡단중,횡단중,안전운전 의무 불이행,교차로,교차로횡단보도내,승용차,보행자,985658,1816489,127.3401697,36.34569476,,
2018,2018071408,주간,토,1,1,0,0,0,충남,논산시,차대사람,횡단중,횡단중,안전운전 의무 불이행,단일로,기타단일로,승용차,보행자,970185,1810932,127.1679498,36.29524167,,
2018,2018102506,주간,목,1,1,0,0,0,충남,홍성군,차대사람,횡단중,횡단중,안전운전 의무 불이행,기타,기타,승용차,보행자,924170,1841913,126.6524841,36.57199269,,
2018,2018111820,야간,일,1,1,0,0,0,충남,예산군,차대차,측면충돌,측면충돌,기타,교차로,교차로내,승용차,이륜차,927949,1852474,126.6937255,36.66748351,,
2018,2018041621,야간,월,1,1,0,0,0,대전,서구,차대사람,기타,기타,안전운전 의무 불이행,교차로,교차로내,승용차,보행자,986348,1812324,127.3479322,36.30815558,,
2018,2018102618,야간,금,1,1,0,0,0,충남,홍성군,차대사람,횡단중,횡단중,과속,기타,기타,승용차,보행자,923630,1840147,126.6466245,36.55603075,,
2018,2018071712,주간,화,1,1,0,0,0,충남,논산시,차량단독,전도,전도,안전운전 의무 불이행,단일로,기타단일로,원동기장치자전거,없음,958616,1804972,127.0394245,36.24108357,,
2018,2018090219,야간,일,1,3,0,2,0,충남,공주시,차대차,정면충돌,정면충돌,중앙선 침범,단일로,기타단일로,이륜차,승용차,965518,1846343,127.1143973,36.6143181,,
2018,2018112207,주간,목,1,7,2,4,0,충남,예산군,차대차,측면충돌,측면충돌,안전운전 의무 불이행,단일로,교량위,화물차,화물차,944630,1849317,126.880608,36.64014237,,
2018,2018031406,주간,수,1,1,0,0,0,대전,유성구,차대사람,횡단중,횡단중,안전운전 의무 불이행,교차로,교차로횡단보도내,승용차,보행자,986611,1820843,127.3507151,36.38496138,,
2018,2018112614,주간,월,1,1,0,0,0,충남,예산군,차대사람,횡단중,횡단중,안전운전 의무 불이행,교차로,교차로내,승용차,보행자,941779,1853381,126.8484087,36.67660667,,
2018,2018112806,주간,수,1,1,0,0,0,충남,예산군,차대사람,횡단중,횡단중,안전운전 의무 불이행,교차로,교차로부근,승용차,보행자,933078,1854882,126.7509057,36.68956429,,
2018,2018052910,주간,화,1,1,0,0,0,충남,당진시,차대차,정면충돌,정면충돌,안전운전 의무 불이행,단일로,기타단일로,이륜차,화물차,913849,1886080,126.5321538,36.96921596,,
2018,2018052915,주간,화,1,1,0,0,0,충남,당진시,차대사람,횡단중,횡단중,안전운전 의무 불이행,교차로,교차로내,화물차,보행자,936384,1883142,126.7855451,36.94452719,,
2018,2018090714,주간,금,1,2,0,1,0,충남,공주시,차대차,추돌,추돌,안전운전 의무 불이행,교차로,교차로부근,승합차,이륜차,960277,1830386,127.0566123,36.47026401,,
2018,2018110719,야간,수,1,2,0,1,0,충남,홍성군,차량단독,기타,기타,중앙선 침범,교차로,교차로부근,승합차,없음,909814,1841335,126.4921223,36.56553424,,
2018,2018041705,야간,화,1,1,0,0,0,대전,동구,차대사람,차도통행중,차도통행중,안전운전 의무 불이행,단일로,기타단일로,승용차,보행자,993947,1816578,127.4325433,36.34658498,,
2018,2018120918,야간,일,1,1,0,0,0,충남,예산군,차대차,정면충돌,정면충돌,기타,교차로,교차로내,화물차,이륜차,925068,1855417,126.6611979,36.69378622,,
2018,2018042008,주간,금,1,1,0,0,0,충남,천안시,차대사람,기타,기타,안전운전 의무 불이행,단일로,기타단일로,승용차,보행자,968587,1867880,127.1478315,36.80857376,,
2018,2018032908,주간,목,1,1,0,0,0,충남,아산시,차대차,측면충돌,측면충돌,신호위반,교차로,교차로내,승용차,이륜차,958470,1876712,127.0339307,36.88779866,,
2018,2018033113,주간,토,1,1,0,0,0,대전,중구,차대차,측면충돌,측면충돌,신호위반,단일로,기타단일로,화물차,자전거,990346,1814354,127.3924401,36.32650529,,
2018,2018091705,야간,월,1,1,0,0,0,충남,공주시,차대차,추돌,추돌,과속,교차로,교차로부근,승용차,사륜오토바이(ATV),965721,1843904,127.1167761,36.59233825,,
2018,2018033009,주간,금,3,4,1,0,0,충남,아산시,차대차,추돌,추돌,안전운전 의무 불이행,단일로,기타단일로,화물차,특수차,955119,1880443,126.9961043,36.9212773,,
2018,2018112001,야간,화,3,5,2,0,0,충남,홍성군,차량단독,공작물충돌,공작물충돌,안전운전 의무 불이행,교차로,교차로부근,승용차,없음,924268,1845606,126.6532157,36.60528942,,