발생년,발생년월일시,주야,요일,사망자수,사상자수,중상자수,경상자수,부상신고자수,발생지시도,발생지시군구,사고유형_대분류,사고유형_중분류,사고유형,법규위반,도로형태_대분류,도로형태,당사자종별_1당_대분류,당사자종별_2당_대분류,발생위치X_UTMK,발생위치Y_UTMK,경도,위도,,
2018,2018091023,야간,월,1,1,0,0,0,충남,아산시,차대사람,횡단중,횡단중,안전운전 의무 불이행,기타,기타,승용차,보행자,953346,1865589,126.9771117,36.78729316,,
2018,2018111403,야간,수,1,1,0,0,0,충남,천안시,차대차,측면충돌,측면충돌,안전운전 의무 불이행,교차로,교차로내,승합차,이륜차,979060,1860021,127.2654582,36.73801697,,
2018,2018081823,야간,토,1,1,0,0,0,대전,서구,차대사람,기타,기타,안전운전 의무 불이행,단일로,기타단일로,승용차,보행자,990954,1816847,127.3991852,36.34898664,,
2018,2018072800,야간,토,2,3,1,0,0,충남,천안시,차대차,정면충돌,정면충돌,중앙선 침범,단일로,기타단일로,승용차,승용차,964946,1880958,127.1064091,36.92633645,,
2018,2018081221,야간,일,1,1,0,0,0,대전,유성구,차대사람,횡단중,횡단중,과속,단일로,기타단일로,승용차,보행자,981605,1818100,127.2949643,36.36014955,,
2018,2018111806,주간,일,1,1,0,0,0,충남,천안시,차대차,측면충돌,측면충돌,신호위반,교차로,교차로내,이륜차,승용차,969104,1866764,127.1536728,36.79853053,,
2018,2018091523,야간,토,1,1,0,0,0,충남,아산시,차대차,추돌,추돌,과속,단일로,기타단일로,승용차,이륜차,946019,1861852,126.8952608,36.7532175,,
2018,2018110218,야간,금,1,1,0,0,0,대전,대덕구,차대사람,보도통행중,보도통행중,보행자 보호의무 위반,단일로,기타단일로,화물차,보행자,991831,1818607,127.4089406,36.36486158,,
2018,2018091714,주간,월,1,1,0,0,0,충남,아산시,차대차,기타,기타,안전운전 의무 불이행,교차로,교차로내,건설기계,이륜차,961032,1866468,127.0632073,36.79556436,,
2018,2018092109,주간,금,1,3,1,1,0,충남,아산시,차대차,추돌,추돌,안전운전 의무 불이행,단일로,기타단일로,승용차,화물차,952532,1877415,126.96725,36.89385561,,
2018,2018111213,주간,월,1,1,0,0,0,대전,동구,차대차,측면충돌,측면충돌,안전운전 의무 불이행,교차로,교차로횡단보도내,건설기계,자전거,996679,1810309,127.4630163,36.29008036,,
2018,2018092902,야간,토,1,1,0,0,0,충남,아산시,차대차,기타,기타,안전운전 의무 불이행,단일로,기타단일로,화물차,이륜차,955268,1865526,126.9986561,36.78681799,,
2018,2018081221,야간,일,1,1,0,0,0,충남,천안시,차대차,기타,기타,안전운전 의무 불이행,단일로,기타단일로,승용차,자전거,967506,1879450,127.1352173,36.91283454,,
2018,2018100703,야간,일,1,2,1,0,0,충남,아산시,차량단독,공작물충돌,공작물충돌,안전운전 의무 불이행,기타,기타,승용차,없음,959269,1867413,127.0433959,36.8040088,,
2018,2018112710,주간,화,1,1,0,0,0,대전,동구,차량단독,기타,기타,안전운전 의무 불이행,교차로,교차로부근,승합차,없음,993962,1817944,127.4326999,36.35890012,,
2018,2018090704,야간,금,1,2,0,1,0,대전,유성구,차대차,추돌,추돌,안전운전 의무 불이행,단일로,기타단일로,승용차,화물차,984472,1818580,127.326911,36.36452749,,
2018,2018090116,주간,토,1,1,0,0,0,충남,천안시,차대차,측면충돌,측면충돌,안전운전 의무 불이행,교차로,교차로내,화물차,이륜차,975102,1878289,127.2205283,36.90259998,,
2018,2018091607,주간,일,1,3,1,1,0,대전,유성구,차대차,정면충돌,정면충돌,중앙선 침범,교차로,교차로부근,승용차,승용차,985278,1818636,127.3358943,36.36504503,,
2018,2018090304,야간,월,1,1,0,0,0,충남,천안시,차대사람,횡단중,횡단중,과속,교차로,교차로내,승용차,보행자,971698,1872436,127.1825385,36.84974222,,
2018,2018122704,야간,목,1,1,0,0,0,대전,동구,차대차,추돌,추돌,안전운전 의무 불이행,단일로,기타단일로,승용차,승용차,998069,1806668,127.4785048,36.2572586,,
2018,2018103005,야간,화,1,1,0,0,0,대전,중구,차대사람,차도통행중,차도통행중,안전운전 의무 불이행,단일로,기타단일로,승용차,보행자,989806,1812036,127.386454,36.30560192,,
2018,2018092121,야간,금,1,1,0,0,0,대전,유성구,차대사람,보도통행중,보도통행중,보행자 보호의무 위반,교차로,교차로횡단보도내,화물차,보행자,983888,1811733,127.3205429,36.30278946,,
2018,2018122820,야간,금,1,1,0,0,0,대전,동구,차대사람,횡단중,횡단중,안전운전 의무 불이행,교차로,교차로부근,승합차,보행자,994831,1813457,127.4424156,36.31845295,,
2018,2018090911,주간,일,1,1,0,0,0,충남,천안시,차량단독,기타,기타,안전운전 의무 불이행,단일로,기타단일로,이륜차,없음,980310,1877277,127.2790122,36.89360041,,
2018,2018091004,야간,월,1,1,0,0,0,충남,천안시,차대사람,횡단중,횡단중,안전운전 의무 불이행,단일로,기타단일로,승용차,보행자,967633,1869633,127.1370619,36.82434407,,
2018,2018110718,야간,수,1,1,0,0,0,충남,아산시,차대사람,횡단중,횡단중,안전운전 의무 불이행,단일로,기타단일로,화물차,보행자,958894,1874026,127.0388344,36.86360475,,
2018,2018111011,주간,토,1,2,0,1,0,충남,아산시,차대차,추돌,추돌,안전운전 의무 불이행,단일로,기타단일로,이륜차,승용차,952420,1871414,126.9663694,36.83975551,,
2018,2018111204,야간,월,1,1,0,0,0,충남,아산시,차량단독,공작물충돌,공작물충돌,안전운전 의무 불이행,기타,기타,승용차,없음,959750,1868921,127.048708,36.81762315,,
2018,2018111304,야간,화,1,1,0,0,0,충남,아산시,차대차,기타,기타,안전운전 의무 불이행,교차로,교차로내,승용차,이륜차,958355,1864130,127.0333295,36.77437459,,
2018,2018100707,주간,일,1,1,0,0,0,대전,유성구,차량단독,기타,기타,안전운전 의무 불이행,단일로,기타단일로,승용차,없음,981241,1808366,127.2911414,36.27238655,,
2018,2018092109,주간,금,1,1,0,0,0,충남,천안시,차대사람,횡단중,횡단중,과속,단일로,기타단일로,승용차,보행자,971737,1872445,127.1829756,36.84982452,,
2018,2018111713,주간,토,1,1,0,0,0,충남,아산시,차량단독,공작물충돌,공작물충돌,안전운전 의무 불이행,단일로,기타단일로,원동기장치자전거,없음,952066,1877069,126.962042,36.89071313,,
2018,2018102410,주간,수,1,5,0,3,1,대전,서구,차대차,기타,기타,안전거리 미확보,단일로,기타단일로,승용차,승용차,989277,1816320,127.3805028,36.3442183,,
2018,2018101418,야간,일,1,2,0,1,0,대전,유성구,차대차,측면충돌,측면충돌,신호위반,교차로,교차로내,이륜차,승용차,986554,1821820,127.3500627,36.39376856,,
2018,2018102218,야간,월,1,3,0,2,0,대전,유성구,차대차,측면충돌,측면충돌,신호위반,교차로,교차로내,승용차,승합차,989986,1822899,127.3883192,36.40353801,,
2018,2018101416,주간,일,1,1,0,0,0,충남,천안시,차량단독,공작물충돌,공작물충돌,안전운전 의무 불이행,단일로,기타단일로,이륜차,없음,980301,1877274,127.2789113,36.89357318,,
2018,2018121806,주간,화,1,1,0,0,0,충남,아산시,차대차,추돌,추돌,안전거리 미확보,단일로,기타단일로,화물차,화물차,954151,1851610,126.9869725,36.66131898,,
2018,2018101722,야간,수,1,1,0,0,0,충남,천안시,차량단독,기타,기타,안전운전 의무 불이행,단일로,기타단일로,이륜차,없음,968789,1869750,127.1500193,36.82543763,,
2018,2018111623,야간,금,1,1,0,0,0,대전,서구,차대사람,횡단중,횡단중,안전운전 의무 불이행,단일로,기타단일로,이륜차,보행자,990581,1816640,127.3950307,36.34711687,,
2018,2018121919,야간,수,1,1,0,0,0,충남,아산시,차대사람,횡단중,횡단중,안전운전 의무 불이행,단일로,기타단일로,승용차,보행자,958493,1876947,127.0341759,36.88991804,,
2018,2018122020,야간,목,1,1,0,0,0,충남,아산시,차대사람,기타,기타,안전운전 의무 불이행,단일로,기타단일로,승용차,보행자,961900,1867751,127.0728723,36.80716527,,
2018,2018102019,야간,토,1,1,0,0,0,충남,천안시,차대사람,횡단중,횡단중,안전운전 의무 불이행,단일로,기타단일로,화물차,보행자,973276,1875490,127.2001355,36.87732031,,
2018,2018102118,야간,일,1,1,0,0,0,충남,천안시,차대차,추돌,추돌,안전운전 의무 불이행,단일로,기타단일로,승용차,건설기계,966734,1878015,127.126614,36.89987198,,
2018,2018122409,주간,월,1,1,0,0,0,대전,중구,차대사람,횡단중,횡단중,보행자 보호의무 위반,교차로,교차로내,승용차,보행자,992011,1813869,127.4109934,36.32214355,,
2018,2018122816,주간,금,1,1,0,0,0,대전,중구,차대사람,기타,기타,신호위반,교차로,교차로횡단보도내,승용차,보행자,990780,1813479,127.3972825,36.31862103,,
2018,2018110206,주간,금,1,2,1,0,0,충남,천안시,차대차,측면충돌,측면충돌,신호위반,교차로,교차로내,화물차,승용차,964289,1866991,127.0996897,36.80040742,,
2018,2018110207,주간,금,1,1,0,0,0,충남,천안시,차대차,측면충돌,측면충돌,중앙선 침범,교차로,교차로부근,승용차,원동기장치자전거,967451,1880552,127.1345525,36.92276648,,
2018,2018111919,야간,월,1,1,0,0,0,대전,유성구,차대사람,횡단중,횡단중,안전운전 의무 불이행,단일로,기타단일로,승용차,보행자,989402,1824916,127.3817786,36.4217156,,
2018,2018120803,야간,토,1,4,0,3,0,대전,서구,차대차,추돌,추돌,안전운전 의무 불이행,교차로,교차로부근,승용차,승용차,989498,1816836,127.3829587,36.34887268,,
2018,2018112623,야간,월,1,1,0,0,0,충남,천안시,차량단독,공작물충돌,공작물충돌,안전운전 의무 불이행,단일로,기타단일로,승용차,없음,967275,1869883,127.1330402,36.82658179,,
2018,2018113014,주간,금,1,1,0,0,0,충남,천안시,차대차,기타,기타,기타,교차로,교차로내,화물차,이륜차,974777,1879381,127.216844,36.91243513,,
2018,2018121818,야간,화,1,2,1,0,0,대전,유성구,차대차,기타,기타,중앙선 침범,단일로,기타단일로,승용차,화물차,980514,1818150,127.2828026,36.36057884,,
2018,2018121811,주간,화,1,1,0,0,0,충남,천안시,차대사람,기타,기타,안전운전 의무 불이행,교차로,교차로부근,화물차,보행자,968490,1875443,127.1464303,36.87674718,,
2018,2018122107,주간,금,1,1,0,0,0,충남,천안시,차대사람,기타,기타,안전운전 의무 불이행,단일로,기타단일로,화물차,보행자,967102,1884183,127.1304761,36.95548541,,
2018,2018123112,주간,월,1,3,0,2,0,충남,천안시,차대차,추돌,추돌,안전운전 의무 불이행,단일로,기타단일로,화물차,화물차,968489,1876939,127.1463569,36.89023274,,
2019,2019010215,주간,수,1,1,0,0,0,충남,서천군,차량단독,전도,전도,안전운전 의무 불이행,단일로,기타단일로,화물차,없음,921337,1795200,126.6255482,36.15067652,,
2019,2019011307,주간,일,1,1,0,0,0,충남,금산군,차대사람,차도통행중,차도통행중,안전운전 의무 불이행,단일로,기타단일로,화물차,보행자,1006132,1782333,127.5680694,36.03784362,,
2019,2019010119,야간,화,1,1,0,0,0,대전,서구,차대사람,횡단중,횡단중,안전운전 의무 불이행,교차로,교차로부근,승용차,보행자,989194,1817621,127.3795598,36.3559464,,
2019,2019012118,야간,월,1,1,0,0,0,충남,금산군,차대사람,기타,기타,안전운전 의무 불이행,단일로,기타단일로,승용차,보행자,1001507,1781389,127.5167269,36.02935077,,
2019,2019010320,야간,목,1,1,0,0,0,충남,공주시,차대차,정면충돌,정면충돌,신호위반,단일로,기타단일로,이륜차,화물차,966471,1834506,127.1255695,36.5076427,,
2019,2019021120,야간,월,1,1,0,0,0,충남,금산군,차대사람,길가장자리구역통행중,길가장자리구역통행중,안전운전 의무 불이행,단일로,기타단일로,화물차,보행자,998172,1792549,127.4796843,36.12996681,,
2019,2019011419,야간,월,1,1,0,0,0,충남,서천군,차량단독,도로이탈,도로이탈 추락,안전운전 의무 불이행,기타,기타,농기계,없음,936403,1797589,126.7928221,36.17331918,,
2019,2019021810,주간,월,1,2,0,1,0,충남,금산군,차대차,측면충돌,측면충돌,기타,교차로,교차로내,화물차,이륜차,997148,1791986,127.4683059,36.12488847,,
2019,2019010709,주간,월,1,1,0,0,0,충남,홍성군,차대사람,횡단중,횡단중,안전운전 의무 불이행,단일로,기타단일로,승용차,보행자,925174,1844871,126.6634165,36.59873563,,
2019,2019010906,주간,수,1,1,0,0,0,충남,공주시,차대사람,기타,기타,과속,단일로,기타단일로,승용차,보행자,968625,1845362,127.1491814,36.60558189,,
2019,2019010819,야간,화,1,1,0,0,0,충남,홍성군,차대사람,차도통행중,차도통행중,과속,단일로,기타단일로,승용차,보행자,923457,1844010,126.6443063,36.59083734,,
2019,2019010814,주간,화,1,1,0,0,0,충남,당진시,차대차,측면충돌,측면충돌,기타,단일로,기타단일로,자전거,건설기계,936240,1883160,126.7839265,36.9446797,,
2019,2019012109,주간,월,1,1,0,0,0,충남,서천군,차대차,측면충돌,측면충돌,기타,교차로,교차로내,승합차,원동기장치자전거,927568,1786842,126.6955771,36.07581587,,
2019,2019012807,주간,월,1,1,0,0,0,충남,부여군,차대사람,기타,기타,과속,단일로,기타단일로,승용차,보행자,953541,1806219,126.9828711,36.25209477,,
2019,2019032920,야간,금,1,1,0,0,0,충남,금산군,차대사람,차도통행중,차도통행중,과속,단일로,기타단일로,승용차,보행자,1005203,1784211,127.5577692,36.05478083,,
2019,2019011023,야간,목,1,1,0,0,0,충남,당진시,차대차,추돌,추돌,안전운전 의무 불이행,교차로,교차로부근,화물차,특수차,936193,1883223,126.7833933,36.94524439,,
2019,2019013110,주간,목,1,1,0,0,0,충남,부여군,차량단독,공작물충돌,공작물충돌,안전운전 의무 불이행,단일로,기타단일로,승용차,없음,940885,1813754,126.8414359,36.31933027,,
2019,2019022506,주간,월,1,1,0,0,0,충남,청양군,차대사람,차도통행중,차도통행중,안전운전 의무 불이행,단일로,기타단일로,화물차,보행자,943190,1818093,126.8667965,36.35858454,,
2019,2019011115,주간,금,1,1,0,0,0,충남,논산시,차대차,기타,기타,안전운전 의무 불이행,단일로,기타단일로,화물차,이륜차,964618,1804504,127.1062422,36.23710289,,
2019,2019011414,주간,월,1,1,0,0,0,충남,논산시,차대차,측면충돌,측면충돌,안전운전 의무 불이행,교차로,교차로내,승용차,이륜차,963968,1793003,127.0995369,36.13339224,,
2019,2019041807,주간,목,1,1,0,0,0,충남,금산군,차대차,측면충돌,측면충돌,안전운전 의무 불이행,교차로,교차로내,화물차,이륜차,999972,1789496,127.4996889,36.10244339,,
2019,2019011311,주간,일,1,1,0,0,0,충남,서산시,차량단독,도로이탈,도로이탈 추락,안전운전 의무 불이행,교차로,교차로부근,자전거,없음,917076,1864287,126.5707848,36.77307617,,
2019,2019011812,주간,금,1,1,0,0,0,충남,논산시,차대차,측면충돌,측면충돌,안전거리 미확보,교차로,교차로부근,이륜차,승용차,962288,1801514,127.0804568,36.2100588,,
2019,2019022017,주간,수,1,2,1,0,0,충남,태안군,차대차,정면충돌,정면충돌,중앙선 침범,단일로,기타단일로,화물차,화물차,888153,1870772,126.245793,36.82855017,,
2019,2019010718,야간,월,1,1,0,0,0,대전,중구,차대사람,횡단중,횡단중,안전운전 의무 불이행,교차로,교차로내,승합차,보행자,991972,1812502,127.4105752,36.3098236,,
2019,2019012823,야간,월,1,1,0,0,0,충남,홍성군,차대사람,차도통행중,차도통행중,과속,교차로,교차로내,승용차,보행자,924278,1842059,126.6536767,36.57331732,,
2019,2019022206,주간,금,1,1,0,0,0,충남,서천군,차대사람,횡단중,횡단중,안전운전 의무 불이행,단일로,기타단일로,화물차,보행자,927317,1779345,126.6934794,36.0082118,,
2019,2019011123,야간,금,1,1,0,0,0,충남,천안시,차대사람,기타,기타,안전운전 의무 불이행,단일로,기타단일로,승합차,보행자,967248,1867786,127.1328233,36.80767919,,
2019,2019012017,주간,일,1,2,0,1,0,충남,당진시,차대차,추돌,추돌,안전운전 의무 불이행,단일로,기타단일로,화물차,화물차,936103,1883108,126.7823924,36.94420169,,
2019,2019042211,주간,월,1,2,0,1,0,충남,당진시,차대차,추돌,추돌,안전운전 의무 불이행,단일로,기타단일로,화물차,화물차,920031,1871795,126.6031047,36.84100441,,
2019,2019013009,주간,수,1,1,0,0,0,충남,보령시,차대차,측면충돌,측면충돌,안전운전 의무 불이행,교차로,교차로내,승용차,자전거,918963,1817354,126.5968654,36.35018696,,
2019,2019012808,주간,월,1,1,0,0,0,충남,논산시,차량단독,공작물충돌,공작물충돌,안전운전 의무 불이행,단일로,기타단일로,화물차,없음,963863,1801375,127.0979846,36.2088658,,
2019,2019011008,주간,목,1,1,0,0,0,충남,아산시,차량단독,도로이탈,도로이탈 추락,안전운전 의무 불이행,단일로,기타단일로,승용차,없음,955469,1875543,127.0003218,36.87712413,,
2019,2019051020,야간,금,1,1,0,0,0,충남,청양군,차대사람,횡단중,횡단중,과속,단일로,기타단일로,승용차,보행자,955249,1824613,127.0008251,36.41799912,,
2019,2019013010,주간,수,1,1,0,0,0,충남,논산시,차대차,측면충돌,측면충돌,안전운전 의무 불이행,교차로,교차로부근,화물차,자전거,968613,1803971,127.1507222,36.23243572,,
2019,2019051116,주간,토,1,1,0,0,0,충남,청양군,차대차,측면충돌,측면충돌,안전운전 의무 불이행,단일로,기타단일로,자전거,승용차,941154,1835700,126.8427675,36.51718377,,
2019,2019011407,주간,월,1,1,0,0,0,대전,대덕구,차대차,기타,기타,신호위반,교차로,교차로부근,화물차,자전거,990556,1826775,127.3946289,36.43848706,,
2019,2019031819,야간,월,1,1,0,0,0,충남,서천군,차대사람,길가장자리구역통행중,길가장자리구역통행중,안전운전 의무 불이행,단일로,기타단일로,승용차,보행자,928767,1788176,126.7087715,36.08793046,,
2019,2019021911,주간,화,1,1,0,0,0,충남,홍성군,차량단독,공작물충돌,공작물충돌,안전운전 의무 불이행,단일로,기타단일로,승용차,없음,927524,1851256,126.6890852,36.65647212,,
2019,2019030610,주간,수,1,1,0,0,0,충남,예산군,차대차,측면충돌,측면충돌,안전운전 의무 불이행,교차로,교차로부근,이륜차,승용차,931147,1854607,126.7293174,36.68694748,,
2019,2019041607,주간,화,1,1,0,0,0,충남,부여군,차대차,측면충돌,측면충돌,안전운전 의무 불이행,단일로,기타단일로,승용차,화물차,942585,1812376,126.8604749,36.30701056,,
2019,2019011504,야간,화,1,1,0,0,0,대전,동구,차량단독,공작물충돌,공작물충돌,안전운전 의무 불이행,단일로,교량위,승용차,없음,994663,1814573,127.4405364,36.32851328,,
2019,2019032121,야간,목,1,1,0,0,0,충남,공주시,차대차,추돌,추돌,안전운전 의무 불이행,단일로,터널안,승용차,화물차,950474,1842067,126.9464458,36.57510845,,
2019,2019061921,야간,수,1,1,0,0,0,충남,청양군,차대차,추돌,추돌,안전운전 의무 불이행,교차로,교차로부근,이륜차,승용차,949442,1820457,126.9363242,36.38024484,,
2019,2019061107,주간,화,2,3,0,1,0,충남,서산시,차대차,추돌,추돌,안전운전 의무 불이행,단일로,기타단일로,승용차,승용차,917438,1868521,126.5743817,36.81127122,,
2019,2019013112,주간,목,1,2,1,0,0,충남,서산시,차대차,정면충돌,정면충돌,안전운전 의무 불이행,단일로,기타단일로,승합차,화물차,900696,1853478,126.3886701,36.67407797,,
2019,2019040916,주간,화,1,1,0,0,0,충남,태안군,차량단독,기타,기타,안전운전 의무 불이행,단일로,기타단일로,사륜오토바이(ATV),없음,887678,1871546,126.2403533,36.83546955,,
2019,2019040810,주간,월,1,1,0,0,0,충남,태안군,차량단독,공작물충돌,공작물충돌,안전운전 의무 불이행,단일로,기타단일로,사륜오토바이(ATV),없음,898499,1845771,126.3651069,36.60438125,,
2019,2019022814,주간,목,1,2,1,0,0,충남,공주시,차대차,추돌,추돌,안전운전 의무 불이행,단일로,기타단일로,화물차,화물차,968795,1827330,127.1518115,36.44302926,,
2019,2019020718,야간,목,1,1,0,0,0,충남,당진시,차량단독,도로이탈,도로이탈 추락,안전운전 의무 불이행,단일로,기타단일로,사륜오토바이(ATV),없음,920632,1870935,126.6099343,36.83330339,,
2019,2019011705,야간,목,1,1,0,0,0,충남,아산시,차대사람,기타,기타,안전운전 의무 불이행,기타,기타,승용차,보행자,960348,1871841,127.0552604,36.8439705,,
2019,2019022111,주간,목,1,1,0,0,0,충남,논산시,차량단독,공작물충돌,공작물충돌,안전운전 의무 불이행,단일로,기타단일로,승용차,없음,979467,1802443,127.2715456,36.21895161,,
2019,2019022514,주간,월,1,1,0,0,0,충남,보령시,차량단독,공작물충돌,공작물충돌,안전운전 의무 불이행,교차로,교차로부근,화물차,없음,923865,1826039,126.65064,36.42887711,,
2019,2019073019,야간,화,1,1,0,0,0,충남,청양군,차대차,측면충돌,측면충돌,기타,교차로,교차로내,화물차,이륜차,950330,1824033,126.9459955,36.41252851,,
2019,2019111618,야간,토,1,2,1,0,0,충남,금산군,차대차,기타,기타,신호위반,교차로,교차로내,승용차,승용차,997487,1798291,127.4720531,36.18173347,,
2019,2019011523,야간,화,1,1,0,0,0,충남,천안시,차량단독,공작물충돌,공작물충돌,안전운전 의무 불이행,단일로,기타단일로,승용차,없음,971956,1873268,127.1854017,36.85724999,,
2019,2019021309,주간,수,2,3,0,1,0,충남,당진시,차대차,측면충돌,측면충돌,기타,교차로,교차로내,승용차,건설기계,916638,1889978,126.5630515,37.00460084,,
2019,2019030218,야간,토,1,1,0,0,0,충남,보령시,차량단독,도로이탈,도로이탈 추락,안전운전 의무 불이행,단일로,기타단일로,화물차,없음,920225,1823441,126.6103037,36.40516238,,
2019,2019030301,야간,일,1,1,0,0,0,충남,보령시,차대사람,길가장자리구역통행중,길가장자리구역통행중,안전운전 의무 불이행,단일로,기타단일로,화물차,보행자,923925,1814905,126.6523991,36.32851573,,
2019,2019081212,주간,월,1,1,0,0,0,충남,청양군,차량단독,도로이탈,도로이탈 기타,안전운전 의무 불이행,단일로,기타단일로,화물차,없음,941671,1822477,126.8495377,36.39801447,,
2019,2019080108,주간,목,1,2,0,1,0,충남,보령시,차대차,추돌,추돌,안전운전 의무 불이행,단일로,교량위,화물차,승용차,918162,1834420,126.5861382,36.50395468,,
2019,2019012421,야간,목,1,1,0,0,0,대전,대덕구,차대사람,횡단중,횡단중,안전운전 의무 불이행,단일로,기타단일로,승용차,보행자,992948,1819982,127.4213792,36.37726656,,
2019,2019032509,주간,월,1,1,0,0,0,충남,홍성군,차대사람,기타,기타,안전운전 의무 불이행,기타,기타,승용차,보행자,907295,1844430,126.4636023,36.59319001,,
2019,2019050310,주간,금,1,1,0,0,0,충남,태안군,차량단독,기타,기타,안전운전 의무 불이행,단일로,기타단일로,자전거,없음,891829,1863266,126.288072,36.76132836,,
2019,2019061710,주간,월,1,2,1,0,0,충남,부여군,차대차,정면충돌,정면충돌,중앙선 침범,단일로,기타단일로,화물차,화물차,944137,1802745,126.8784495,36.22027818,,
2019,2019032718,야간,수,1,1,0,0,0,충남,공주시,차대차,측면충돌,측면충돌,과속,교차로,교차로내,승용차,이륜차,966278,1829476,127.1236336,36.46229038,,
2019,2019031318,야간,수,1,1,0,0,0,충남,보령시,차대차,측면충돌,측면충돌,신호위반,교차로,교차로내,원동기장치자전거,승용차,919399,1816874,126.6017736,36.34589672,,
2019,2019040300,야간,수,1,1,0,0,0,충남,홍성군,차량단독,도로이탈,도로이탈 추락,안전운전 의무 불이행,단일로,기타단일로,이륜차,없음,929785,1846195,126.7148438,36.61102111,,
2019,2019051118,야간,토,1,1,0,0,0,충남,태안군,차량단독,도로이탈,도로이탈 추락,안전운전 의무 불이행,단일로,기타단일로,화물차,없음,898426,1846106,126.3642466,36.60739291,,
2019,2019050805,야간,수,1,2,0,1,0,충남,천안시,차대차,추돌,추돌,안전운전 의무 불이행,단일로,기타단일로,화물차,화물차,972292,1880961,127.1888896,36.92660815,,
2019,2019050823,야간,수,1,3,0,2,0,대전,동구,차대차,추돌,추돌,안전거리 미확보,단일로,기타단일로,화물차,승용차,998212,1816437,127.4800742,36.34533118,,
2019,2019051117,주간,토,1,1,0,0,0,충남,예산군,차량단독,도로이탈,도로이탈 추락,안전운전 의무 불이행,단일로,기타단일로,이륜차,없음,941924,1845712,126.850612,36.60748416,,
2019,2019101706,주간,목,1,1,0,0,0,충남,청양군,차대차,측면충돌,측면충돌,중앙선 침범,단일로,기타단일로,농기계,승합차,951001,1826060,126.9533512,36.43083619,,
2019,2019102014,주간,일,1,1,0,0,0,충남,청양군,차량단독,도로이탈,도로이탈 기타,안전운전 의무 불이행,교차로,교차로부근,승용차,없음,949552,1821763,126.9374658,36.39202412,,
2019,2019092821,야간,토,1,2,1,0,0,충남,보령시,차대차,측면충돌,측면충돌,안전운전 의무 불이행,단일로,기타단일로,화물차,승용차,917162,1802146,126.5784092,36.21294339,,
2019,2019030121,야간,금,1,1,0,0,0,충남,당진시,차대사람,기타,기타,안전운전 의무 불이행,단일로,기타단일로,승용차,보행자,928332,1868209,126.6965341,36.80934679,,
2019,2019022805,야간,목,1,1,0,0,0,충남,서산시,차대사람,길가장자리구역통행중,길가장자리구역통행중,안전운전 의무 불이행,단일로,기타단일로,화물차,보행자,909766,1865644,126.4887255,36.78463848,,
2019,2019041006,주간,수,1,1,0,0,0,충남,공주시,차량단독,공작물충돌,공작물충돌,안전운전 의무 불이행,교차로,교차로부근,승합차,없음,954023,1829718,126.9868472,36.46396232,,
2019,2019052705,야간,월,1,1,0,0,0,충남,예산군,차량단독,도로이탈,도로이탈 기타,안전운전 의무 불이행,단일로,기타단일로,화물차,없음,942191,1842187,126.8538623,36.57572437,,
2019,2019020603,야간,수,1,1,0,0,0,충남,천안시,차대차,측면충돌,측면충돌,신호위반,교차로,교차로내,이륜차,승용차,969904,1869282,127.1625406,36.82125497,,
2019,2019072209,주간,월,1,1,0,0,0,충남,서천군,차대사람,횡단중,횡단중,안전운전 의무 불이행,교차로,교차로횡단보도내,승용차,보행자,927165,1787719,126.6910208,36.08369184,,
2019,2019101511,주간,화,1,1,0,0,0,충남,보령시,차량단독,전복,전복,안전운전 의무 불이행,단일로,기타단일로,화물차,없음,918024,1832514,126.5847995,36.4867621,,
2019,2019110911,주간,토,1,1,0,0,0,충남,청양군,차량단독,전도,전도,안전운전 의무 불이행,기타,기타,농기계,없음,955727,1828052,127.0059603,36.44902372,,
2019,2019012706,주간,일,1,1,0,0,0,대전,서구,차대사람,횡단중,횡단중,안전운전 의무 불이행,단일로,기타단일로,승용차,보행자,987915,1817864,127.3653008,36.35812192,,
2019,2019060407,주간,화,3,4,1,0,0,충남,공주시,차대차,정면충돌,정면충돌,중앙선 침범,기타,기타,화물차,승용차,966072,1832693,127.1211934,36.49128445,,
2019,2019111106,주간,월,1,1,0,0,0,충남,청양군,차대사람,횡단중,횡단중,안전운전 의무 불이행,교차로,교차로내,승용차,보행자,938490,1828539,126.8135858,36.45246285,,
2019,2019060322,야간,월,1,1,0,0,0,충남,태안군,차량단독,전도,전도,안전운전 의무 불이행,단일로,기타단일로,승용차,없음,893185,1880629,126.3008203,36.91796959,,
2019,2019072217,주간,월,1,1,0,0,0,충남,부여군,차량단독,도로이탈,도로이탈 추락,안전운전 의무 불이행,교차로,교차로부근,농기계,없음,938175,1814679,126.811174,36.32749882,,
2019,2019072405,야간,수,1,2,0,1,0,충남,부여군,차대차,정면충돌,정면충돌,중앙선 침범,단일로,기타단일로,승합차,건설기계,927380,1811140,126.6912406,36.29484264,,
2019,2019110910,주간,토,1,4,1,2,0,충남,보령시,차대사람,기타,기타,과속,기타,기타,승용차,보행자,915402,1819995,126.5568921,36.37368595,,
2019,2019020413,주간,월,1,1,0,0,0,대전,동구,차대사람,기타,기타,안전운전 의무 불이행,교차로,교차로부근,승용차,보행자,994294,1813782,127.4364309,36.32137995,,
2019,2019073116,주간,수,1,1,0,0,0,충남,부여군,차량단독,도로이탈,도로이탈 추락,안전운전 의무 불이행,단일로,기타단일로,건설기계,없음,953966,1811079,126.9873152,36.29592885,,